date,system_id,system_name,soh_pct,soc_max_daily,soc_min_daily,soc_mean_daily,temp_peak_c,cell_voltage_var_mv,cycle_count_cumul,s_ISC,s_thermal,s_overcharge,s_imbalance,s_thermal_mag,s_x_aggregate,p_fire_7d,p_fire_low,p_fire_high,premium_weekly_usd,premium_low,premium_high,regime_status,top_driver_1,top_driver_2,top_driver_3
2025-05-01,1,ESS-01 Steady Performer,98.96,0.7648,0.3294,0.5596,24.06,0.942,0,-0.557,-0.81,-0.165,-0.179,0.077,0.015,2.525486790816555e-06,2.173707389879075e-06,2.9341958338927446e-06,406.18,373.68,446.79,NORMAL,s_thermal,s_ISC,s_imbalance
2025-05-02,1,ESS-01 Steady Performer,98.995,0.8546,0.2159,0.5466,22.6,1.111,0,-0.891,-1.045,0.058,-0.158,-0.022,0.012,2.5212393089476985e-06,2.170051545784886e-06,2.929260968042609e-06,404.61,372.24,445.07,NORMAL,s_thermal,s_ISC,s_imbalance
2025-05-03,1,ESS-01 Steady Performer,99.029,0.8873,0.3904,0.623,21.46,1.038,0,-0.147,-0.859,0.481,-0.38,0.103,0.117,2.637632843401126e-06,2.2702324612822214e-06,3.064490849101736e-06,446.68,410.94,491.35,NORMAL,s_thermal,s_overcharge,s_imbalance
2025-05-04,1,ESS-01 Steady Performer,98.97,0.857,0.2755,0.5317,23.71,0.879,0,-0.278,-0.637,0.094,0.035,-0.122,0.026,2.536758786900105e-06,2.1834092936595247e-06,2.947292014197534e-06,410.33,377.5,451.36,NORMAL,s_thermal,s_ISC,s_thermal_mag
2025-05-05,1,ESS-01 Steady Performer,99.122,1.0,0.4174,0.676,22.51,1.204,2,-0.392,-1.008,1.437,0.263,-0.083,0.34,2.9028382804777045e-06,2.4984970725270072e-06,3.37261533097886e-06,535.99,493.11,589.59,NORMAL,s_overcharge,s_thermal,s_ISC
2025-05-06,1,ESS-01 Steady Performer,98.944,0.7615,0.1383,0.5099,22.24,1.266,3,-0.247,-1.274,-0.086,-0.266,-0.105,0.0,2.5088087757435583e-06,2.1593524792086137e-06,2.914818760667119e-06,400.0,368.0,440.0,NORMAL,s_thermal,s_imbalance,s_ISC
2025-05-07,1,ESS-01 Steady Performer,99.104,0.8827,0.2494,0.5267,23.49,0.878,13,-0.765,-0.432,0.063,-0.391,0.07,0.027,2.5375669324183796e-06,2.1841048714448596e-06,2.9482309445627234e-06,410.62,377.77,451.69,NORMAL,s_ISC,s_thermal,s_imbalance
2025-05-08,1,ESS-01 Steady Performer,99.009,0.7674,0.1908,0.5006,22.54,1.145,11,-1.032,-1.384,-0.376,-0.045,0.305,0.061,2.575338579358574e-06,2.216615252402461e-06,2.9921153010702644e-06,424.4,390.45,466.84,NORMAL,s_thermal,s_ISC,s_overcharge
2025-05-09,1,ESS-01 Steady Performer,98.97,0.8069,0.2077,0.56,20.99,1.005,14,-0.692,-0.778,-0.08,-0.251,0.078,0.016,2.5255696512857797e-06,2.173778708596045e-06,2.934292103944564e-06,406.21,373.71,446.83,NORMAL,s_thermal,s_ISC,s_imbalance
2025-05-10,1,ESS-01 Steady Performer,99.012,0.8558,0.1815,0.5959,24.2,0.89,10,-0.201,-1.001,0.091,-0.198,0.069,0.032,2.5435422423638557e-06,2.189247872016542e-06,2.9551732585596443e-06,412.82,379.79,454.1,NORMAL,s_thermal,s_ISC,s_imbalance
2025-05-11,1,ESS-01 Steady Performer,99.042,0.7976,0.2836,0.5317,25.21,1.292,13,0.189,-0.669,-0.332,-0.293,-0.165,0.038,2.54979899636544e-06,2.194633113912858e-06,2.9624425636150896e-06,415.11,381.9,456.62,NORMAL,s_thermal,s_overcharge,s_imbalance
2025-05-12,1,ESS-01 Steady Performer,99.026,0.7688,0.2967,0.4914,25.5,1.373,8,-0.955,-0.183,-0.403,0.235,0.033,0.053,2.5670318004903396e-06,2.209465536450895e-06,2.982464208966131e-06,421.39,387.68,463.53,NORMAL,s_ISC,s_overcharge,s_imbalance
2025-05-13,1,ESS-01 Steady Performer,98.936,0.9896,0.3397,0.6121,24.29,1.055,8,-0.607,-0.74,1.105,-0.012,-0.214,0.221,2.758432368991988e-06,2.3742056546558754e-06,3.2048397518762802e-06,488.42,449.35,537.26,NORMAL,s_overcharge,s_thermal,s_ISC
2025-05-14,1,ESS-01 Steady Performer,98.959,0.7847,0.197,0.4599,25.37,1.601,20,-0.271,0.087,-0.304,0.66,0.164,0.182,2.7127106941435593e-06,2.3348526144279017e-06,3.1517187914367686e-06,472.84,435.01,520.13,NORMAL,s_imbalance,s_overcharge,s_ISC
2025-05-15,1,ESS-01 Steady Performer,98.937,0.9235,0.3344,0.6058,23.53,1.28,12,-0.844,-0.453,0.53,0.108,0.288,0.185,2.7165062695929272e-06,2.3381194989628655e-06,3.1561286170900825e-06,474.14,436.21,521.56,NORMAL,s_ISC,s_overcharge,s_thermal
2025-05-16,1,ESS-01 Steady Performer,99.036,0.9288,0.2389,0.5753,25.77,1.243,21,-0.409,-1.465,0.78,0.076,-0.055,0.171,2.6999664854459076e-06,2.323883564078572e-06,3.1369121463453406e-06,468.45,430.98,515.3,NORMAL,s_thermal,s_overcharge,s_ISC
2025-05-17,1,ESS-01 Steady Performer,99.017,0.8708,0.1864,0.5606,22.56,1.096,19,-0.452,-0.889,0.171,-0.123,0.024,0.039,2.550974956481599e-06,2.1956452728839294e-06,2.9638088332182974e-06,415.54,382.29,457.09,NORMAL,s_thermal,s_ISC,s_overcharge
2025-05-18,1,ESS-01 Steady Performer,98.989,0.8614,0.3265,0.5872,25.8,1.044,18,-0.435,-0.309,-0.221,-0.182,0.01,0.002,2.510900610607498e-06,2.161152939420262e-06,2.917249124067844e-06,400.78,368.71,440.85,NORMAL,s_ISC,s_thermal,s_overcharge
2025-05-19,1,ESS-01 Steady Performer,98.942,0.7477,0.1701,0.5252,22.65,0.901,18,-0.851,-0.826,-0.158,-0.519,-0.108,0.0,2.5088087757435583e-06,2.1593524792086137e-06,2.914818760667119e-06,400.0,368.0,440.0,NORMAL,s_ISC,s_thermal,s_imbalance
2025-05-20,1,ESS-01 Steady Performer,98.917,0.8315,0.3233,0.5422,27.35,1.322,33,-0.634,-0.162,0.032,0.247,0.319,0.12,2.6410276850974013e-06,2.2731544307573573e-06,3.0684350890636713e-06,447.88,412.05,492.66,NORMAL,s_ISC,s_thermal_mag,s_imbalance
2025-05-21,1,ESS-01 Steady Performer,99.099,0.9218,0.2331,0.5892,23.47,1.167,23,-0.822,-0.847,0.67,0.146,-0.016,0.163,2.690982633660115e-06,2.3161510853810774e-06,3.1264744088153145e-06,465.34,428.12,511.88,NORMAL,s_thermal,s_ISC,s_overcharge
2025-05-22,1,ESS-01 Steady Performer,98.958,0.8589,0.1921,0.5502,26.51,1.467,29,-0.558,-0.413,-0.384,-0.032,0.099,0.02,2.530190432894199e-06,2.1777558549845435e-06,2.93966068185285e-06,407.91,375.28,448.7,NORMAL,s_ISC,s_thermal,s_overcharge
2025-05-23,1,ESS-01 Steady Performer,98.974,0.7181,0.1591,0.5225,25.6,1.037,29,-0.096,-0.635,-0.026,-0.232,-0.074,0.0,2.5088087757435583e-06,2.1593524792086137e-06,2.914818760667119e-06,400.0,368.0,440.0,NORMAL,s_thermal,s_imbalance,s_ISC
2025-05-24,1,ESS-01 Steady Performer,98.956,0.837,0.3455,0.5884,27.67,1.039,28,-0.975,0.299,0.076,-0.167,0.188,0.113,2.6330498560947267e-06,2.266287844655753e-06,3.059166182056991e-06,445.06,409.45,489.56,NORMAL,s_ISC,s_thermal,s_thermal_mag
2025-05-25,1,ESS-01 Steady Performer,98.99,0.8381,0.1778,0.524,26.3,0.897,33,-0.729,-0.395,0.472,-0.218,0.04,0.102,2.621581114781098e-06,2.2564166003025167e-06,3.0458414170089306e-06,440.99,405.71,485.09,NORMAL,s_ISC,s_overcharge,s_thermal
2025-05-26,1,ESS-01 Steady Performer,98.968,0.8626,0.2886,0.5084,25.75,1.37,29,-0.752,-0.694,-0.205,0.157,0.094,0.05,2.5634664354646653e-06,2.2063967961413935e-06,2.978321849230839e-06,420.09,386.48,462.1,NORMAL,s_ISC,s_thermal,s_overcharge
2025-05-27,1,ESS-01 Steady Performer,98.918,0.8568,0.2101,0.5468,24.39,1.053,35,-0.718,-0.889,-0.081,-0.126,-0.081,0.0,2.5088087757435583e-06,2.1593524792086137e-06,2.914818760667119e-06,400.0,368.0,440.0,NORMAL,s_thermal,s_ISC,s_imbalance
2025-05-28,1,ESS-01 Steady Performer,98.946,0.7865,0.2319,0.5407,25.01,1.354,29,-0.099,-0.528,-0.344,-0.058,-0.067,0.0,2.5088087757435583e-06,2.1593524792086137e-06,2.914818760667119e-06,400.0,368.0,440.0,NORMAL,s_thermal,s_overcharge,s_ISC
2025-05-29,1,ESS-01 Steady Performer,98.995,0.7943,0.0821,0.5271,25.36,1.101,35,-0.36,-0.662,-0.165,0.043,-0.02,0.009,2.5179803243318515e-06,2.167246509762061e-06,2.9254745712072698e-06,403.4,371.13,443.74,NORMAL,s_thermal,s_ISC,s_overcharge
2025-05-30,1,ESS-01 Steady Performer,98.845,0.8369,0.3596,0.5908,28.59,1.192,39,0.16,-0.452,-0.069,0.038,-0.145,0.04,2.5517234095948956e-06,2.196289472906399e-06,2.9646784109563125e-06,415.81,382.55,457.39,NORMAL,s_thermal,s_ISC,s_thermal_mag
2025-05-31,1,ESS-01 Steady Performer,99.059,0.7902,0.2402,0.5268,27.69,0.921,33,-0.518,-0.645,-0.275,-0.517,-0.065,0.0,2.5088087757435583e-06,2.1593524792086137e-06,2.914818760667119e-06,400.0,368.0,440.0,NORMAL,s_thermal,s_ISC,s_imbalance
2025-06-01,1,ESS-01 Steady Performer,98.95,0.9691,0.3249,0.6238,25.91,1.217,39,-0.105,-0.167,0.87,-0.429,-0.003,0.174,2.703231240149873e-06,2.326693566608217e-06,3.140705246837743e-06,469.58,432.01,516.54,NORMAL,s_overcharge,s_imbalance,s_thermal
2025-06-02,1,ESS-01 Steady Performer,98.96,0.8315,0.2498,0.5615,27.18,1.166,45,-1.074,-0.765,0.172,0.08,0.119,0.074,2.589967276599572e-06,2.229206297861573e-06,3.0091114082439154e-06,429.68,395.3,472.65,NORMAL,s_ISC,s_thermal,s_overcharge
2025-06-03,1,ESS-01 Steady Performer,98.94,0.841,0.184,0.531,24.14,0.823,40,-0.576,-0.32,-0.046,-0.377,0.253,0.051,2.5639253711298666e-06,2.2067918060112163e-06,2.97885505595943e-06,420.26,386.64,462.28,NORMAL,s_ISC,s_imbalance,s_thermal
2025-06-04,1,ESS-01 Steady Performer,98.914,0.7847,0.2068,0.5116,29.56,0.977,47,-0.755,0.068,0.016,-0.172,0.153,0.048,2.560529718624768e-06,2.2038691387287235e-06,2.9749098738743894e-06,419.02,385.5,460.92,NORMAL,s_ISC,s_imbalance,s_thermal_mag
2025-06-05,1,ESS-01 Steady Performer,98.917,0.9573,0.2732,0.6082,27.38,0.833,42,-1.108,-0.148,1.546,-0.164,0.11,0.331,2.8917968658393346e-06,2.4889936312060786e-06,3.359787049393826e-06,532.44,489.84,585.68,NORMAL,s_overcharge,s_ISC,s_imbalance
2025-06-06,1,ESS-01 Steady Performer,98.905,0.9244,0.2608,0.5652,26.91,0.71,38,-1.434,0.092,0.719,-0.467,0.025,0.167,2.6953166288857297e-06,2.3198813924402838e-06,3.1315097884869753e-06,466.84,429.5,513.53,NORMAL,s_ISC,s_overcharge,s_imbalance
2025-06-07,1,ESS-01 Steady Performer,98.876,0.8252,0.2085,0.557,26.89,1.073,43,-0.75,-0.636,-0.119,0.085,-0.241,0.017,2.5272434077471713e-06,2.175219325146887e-06,2.93623672992524e-06,406.82,374.28,447.51,NORMAL,s_ISC,s_thermal,s_thermal_mag
2025-06-08,1,ESS-01 Steady Performer,98.915,0.8356,0.2139,0.5435,29.79,1.132,40,-1.023,-0.07,0.176,-0.046,-0.347,0.035,2.546966931841685e-06,2.1921955316569773e-06,2.9591521767877903e-06,414.07,380.95,455.48,NORMAL,s_ISC,s_thermal_mag,s_overcharge
2025-06-09,1,ESS-01 Steady Performer,98.878,0.9083,0.262,0.5549,27.21,1.268,53,-0.525,-0.239,0.271,-0.13,0.088,0.072,2.5874721720765896e-06,2.227058739947861e-06,3.006212512798875e-06,428.78,394.48,471.66,NORMAL,s_ISC,s_overcharge,s_thermal
2025-06-10,1,ESS-01 Steady Performer,98.874,0.8725,0.2999,0.5568,25.35,1.131,47,-0.013,-0.767,-0.117,0.014,-0.128,0.003,2.511769125075466e-06,2.161900477273474e-06,2.918258193096823e-06,401.1,369.01,441.21,NORMAL,s_thermal,s_thermal_mag,s_overcharge
2025-06-11,1,ESS-01 Steady Performer,98.879,0.9079,0.1308,0.5864,25.78,0.835,52,-0.314,-0.013,0.6,-0.676,-0.17,0.12,2.641477147971605e-06,2.2735412873229447e-06,3.0689572899753315e-06,448.04,412.19,492.84,NORMAL,s_imbalance,s_overcharge,s_ISC
2025-06-12,1,ESS-01 Steady Performer,98.895,0.9328,0.1737,0.5696,28.16,1.243,51,0.624,-0.096,0.715,0.176,-0.082,0.303,2.8571345481827076e-06,2.45915947402704e-06,3.3195152192759028e-06,521.19,479.5,573.31,NORMAL,s_overcharge,s_ISC,s_imbalance
2025-06-13,1,ESS-01 Steady Performer,98.886,0.9246,0.2551,0.5669,28.72,0.984,59,-0.542,-0.026,0.779,-0.541,-0.027,0.156,2.682246343602214e-06,2.308631685216001e-06,3.1163242966978986e-06,462.31,425.33,508.54,NORMAL,s_overcharge,s_ISC,s_imbalance
2025-06-14,1,ESS-01 Steady Performer,99.032,0.9216,0.2957,0.5515,24.68,1.202,47,-0.31,-0.769,0.6,-0.012,0.036,0.127,2.6496974536033244e-06,2.2806165751634336e-06,3.0785079143658187e-06,450.93,414.86,496.03,NORMAL,s_thermal,s_overcharge,s_ISC
2025-06-15,1,ESS-01 Steady Performer,98.916,0.7455,0.2418,0.496,30.09,1.108,58,-0.189,-0.33,-0.495,-0.125,-0.284,0.0,2.5088087757435583e-06,2.1593524792086137e-06,2.914818760667119e-06,400.0,368.0,440.0,NORMAL,s_overcharge,s_thermal,s_thermal_mag
2025-06-16,1,ESS-01 Steady Performer,98.923,0.7597,0.1533,0.4909,28.37,0.934,49,-0.642,0.538,-0.021,-0.722,0.336,0.175,2.704312570003484e-06,2.3276242765394024e-06,3.1419615717899097e-06,469.95,432.35,516.95,NORMAL,s_imbalance,s_ISC,s_thermal
2025-06-17,1,ESS-01 Steady Performer,99.064,0.9208,0.3123,0.5568,29.45,1.275,57,-0.371,-0.138,0.612,0.179,-0.191,0.158,2.684943395244833e-06,2.3109530608131092e-06,3.1194578209289354e-06,463.25,426.19,509.58,NORMAL,s_overcharge,s_ISC,s_thermal_mag
2025-06-18,1,ESS-01 Steady Performer,98.92,0.8538,0.2329,0.5484,28.96,1.045,55,-0.916,-0.324,-0.036,-0.17,-0.306,0.0,2.5088087757435583e-06,2.1593524792086137e-06,2.914818760667119e-06,400.0,368.0,440.0,NORMAL,s_ISC,s_thermal,s_thermal_mag
2025-06-19,1,ESS-01 Steady Performer,98.979,0.7768,0.2776,0.5219,29.58,0.925,57,-1.032,0.151,0.061,-0.432,0.299,0.102,2.621251735090345e-06,2.2561331003683773e-06,3.04545873273005e-06,440.87,405.6,484.96,NORMAL,s_ISC,s_imbalance,s_thermal_mag
2025-06-20,1,ESS-01 Steady Performer,98.977,0.8811,0.1623,0.5451,27.52,1.119,59,0.144,-0.233,0.265,-0.367,-0.028,0.082,2.5983007548627435e-06,2.2363789942576447e-06,3.0187935205216148e-06,432.67,398.06,475.94,NORMAL,s_imbalance,s_overcharge,s_thermal
2025-06-21,1,ESS-01 Steady Performer,98.891,0.9232,0.3499,0.644,29.81,1.201,54,-0.197,0.154,0.575,0.094,0.108,0.186,2.717744765124558e-06,2.3391854827526007e-06,3.1575675423427365e-06,474.57,436.6,522.03,NORMAL,s_overcharge,s_ISC,s_thermal
2025-06-22,1,ESS-01 Steady Performer,98.859,0.8285,0.1981,0.5275,28.87,1.272,63,-0.43,0.2,-0.092,0.16,0.005,0.073,2.588796664240074e-06,2.2281987417396407e-06,3.007751351859555e-06,429.26,394.92,472.18,NORMAL,s_ISC,s_thermal,s_imbalance
2025-06-23,1,ESS-01 Steady Performer,98.916,0.9271,0.2806,0.5899,28.15,1.112,58,-0.533,-0.359,0.374,-0.079,-0.022,0.075,2.590628597248729e-06,2.229775502230024e-06,3.0098797525753505e-06,429.92,395.52,472.91,NORMAL,s_ISC,s_overcharge,s_thermal
2025-06-24,1,ESS-01 Steady Performer,98.853,0.8138,0.0736,0.5182,28.49,1.127,68,-0.641,-0.544,0.006,-0.366,0.081,0.017,2.527566970627638e-06,2.1754978184950654e-06,2.9366126560519186e-06,406.94,374.39,447.64,NORMAL,s_ISC,s_thermal,s_imbalance
2025-06-25,1,ESS-01 Steady Performer,98.891,0.8242,0.2656,0.5095,28.05,1.026,57,-0.314,-0.225,-0.174,0.044,-0.235,0.009,2.5183906768160234e-06,2.167599703666108e-06,2.9259513323863818e-06,403.55,371.27,443.91,NORMAL,s_ISC,s_thermal_mag,s_thermal
2025-06-26,1,ESS-01 Steady Performer,98.898,0.8354,0.1284,0.5502,28.88,1.071,72,0.093,-0.187,-0.043,-0.111,0.025,0.024,2.5343526761877026e-06,2.1813383335143445e-06,2.9444965146742795e-06,409.44,376.69,450.39,NORMAL,s_thermal,s_imbalance,s_ISC
2025-06-27,1,ESS-01 Steady Performer,98.915,0.9219,0.223,0.5655,31.28,1.179,69,-1.085,0.158,0.404,0.089,0.238,0.178,2.707460061004277e-06,2.3303333491916553e-06,3.1456184314105955e-06,471.04,433.35,518.14,NORMAL,s_ISC,s_overcharge,s_thermal_mag
2025-06-28,1,ESS-01 Steady Performer,98.978,0.8396,0.2652,0.5433,25.35,0.993,66,-0.441,-0.695,0.029,-0.298,0.128,0.031,2.542856043942529e-06,2.1886572551434467e-06,2.9543760103926985e-06,412.57,379.56,453.82,NORMAL,s_thermal,s_ISC,s_imbalance
2025-06-29,1,ESS-01 Steady Performer,99.03,0.9597,0.3696,0.6123,28.02,0.927,66,-0.605,0.121,0.831,-0.248,-0.115,0.19,2.7222572246887865e-06,2.3430693956358576e-06,3.1628102677678e-06,476.12,438.03,523.73,NORMAL,s_overcharge,s_ISC,s_imbalance
2025-06-30,1,ESS-01 Steady Performer,98.857,0.85,0.2485,0.5843,31.6,1.096,71,-0.563,0.303,-0.262,-0.119,0.345,0.13,2.6523620626625543e-06,2.282910027128561e-06,3.0816037457579223e-06,451.87,415.72,497.06,NORMAL,s_ISC,s_thermal_mag,s_thermal
2025-07-01,1,ESS-01 Steady Performer,98.9,0.7221,0.1933,0.4548,30.38,1.156,80,-0.746,0.367,-0.078,0.081,-0.209,0.09,2.607067386583804e-06,2.2439245095773394e-06,3.0289788848683085e-06,435.81,400.95,479.39,NORMAL,s_ISC,s_thermal,s_thermal_mag
2025-07-02,1,ESS-01 Steady Performer,98.959,0.9547,0.2687,0.5593,27.3,0.924,76,-0.573,-0.496,0.714,-0.041,-0.036,0.143,2.667285162815034e-06,2.295754467980319e-06,3.0989418995962982e-06,457.1,420.53,502.81,NORMAL,s_overcharge,s_ISC,s_thermal
2025-07-03,1,ESS-01 Steady Performer,98.91,0.8986,0.2844,0.5287,27.29,1.071,70,0.037,-0.228,0.31,-0.229,0.082,0.086,2.6028336165149146e-06,2.2402804672642247e-06,3.024059949973788e-06,434.3,399.55,477.73,NORMAL,s_overcharge,s_imbalance,s_thermal
2025-07-04,1,ESS-01 Steady Performer,98.9,0.8654,0.25,0.6117,31.0,1.003,83,-0.324,-0.215,-0.088,-0.237,-0.033,0.0,2.5088087757435583e-06,2.1593524792086137e-06,2.914818760667119e-06,400.0,368.0,440.0,NORMAL,s_ISC,s_imbalance,s_thermal
2025-07-05,1,ESS-01 Steady Performer,98.926,0.8213,0.2756,0.5255,30.94,0.931,76,-0.697,-0.22,0.068,-0.223,0.078,0.029,2.540398908350639e-06,2.1865423774428958e-06,2.951521228471486e-06,411.66,378.73,452.83,NORMAL,s_ISC,s_imbalance,s_thermal
2025-07-06,1,ESS-01 Steady Performer,98.904,0.933,0.3428,0.5848,28.75,1.16,77,-0.527,0.089,0.721,-0.08,0.144,0.191,2.7225958532586433e-06,2.3433608561680295e-06,3.163203697689149e-06,476.23,438.13,523.86,NORMAL,s_overcharge,s_ISC,s_thermal_mag
2025-07-07,1,ESS-01 Steady Performer,98.941,0.7874,0.2554,0.5198,29.85,1.05,86,-0.57,-0.502,-0.279,-0.483,0.172,0.034,2.546081287630362e-06,2.1914332500792387e-06,2.9581232058643093e-06,413.75,380.65,455.12,NORMAL,s_ISC,s_thermal,s_imbalance
2025-07-08,1,ESS-01 Steady Performer,98.932,0.7389,0.1809,0.5547,28.89,0.737,86,-0.884,-0.175,-0.133,-0.769,-0.156,0.0,2.5088087757435583e-06,2.1593524792086137e-06,2.914818760667119e-06,400.0,368.0,440.0,NORMAL,s_ISC,s_imbalance,s_thermal
2025-07-09,1,ESS-01 Steady Performer,98.81,0.8713,0.2391,0.5509,28.74,0.907,84,-1.419,-0.433,-0.039,-0.469,0.033,0.007,2.5158562690035397e-06,2.165418317116735e-06,2.9230067730037724e-06,402.61,370.41,442.88,NORMAL,s_ISC,s_imbalance,s_thermal
2025-07-10,1,ESS-01 Steady Performer,98.894,0.9185,0.3248,0.5562,30.19,1.346,92,-0.133,-0.326,0.766,-0.017,0.279,0.209,2.7442964010045533e-06,2.362038704928803e-06,3.1884161148401115e-06,483.63,444.94,532.0,NORMAL,s_overcharge,s_thermal,s_thermal_mag
2025-07-11,1,ESS-01 Steady Performer,98.989,0.7743,0.1948,0.5293,29.17,1.354,79,0.028,-0.621,0.123,0.179,0.03,0.072,2.5875914638430786e-06,2.2271614153968133e-06,3.0063511099419825e-06,428.82,394.52,471.7,NORMAL,s_thermal,s_imbalance,s_overcharge
2025-07-12,1,ESS-01 Steady Performer,98.896,0.906,0.3718,0.5874,26.65,0.918,79,-0.457,-0.84,0.926,-0.335,0.183,0.222,2.759419146228005e-06,2.375054982346657e-06,3.2059862224352577e-06,488.76,449.66,537.63,NORMAL,s_overcharge,s_thermal,s_ISC
2025-07-13,1,ESS-01 Steady Performer,98.851,0.8891,0.2225,0.5579,29.02,1.411,93,-0.005,0.371,-0.119,0.323,0.165,0.172,2.700582854320818e-06,2.3244140780847086e-06,3.1376282641844807e-06,468.66,431.17,515.53,NORMAL,s_thermal,s_imbalance,s_thermal_mag
2025-07-14,1,ESS-01 Steady Performer,98.97,0.9529,0.2646,0.5944,30.25,1.317,95,-0.551,-0.139,0.958,0.426,0.093,0.295,2.8477263918018878e-06,2.4510617923518605e-06,3.3085845111234133e-06,518.12,476.67,569.93,NORMAL,s_overcharge,s_ISC,s_imbalance
2025-07-15,1,ESS-01 Steady Performer,98.966,0.7583,0.1968,0.4719,29.86,0.724,95,-0.762,-0.134,0.12,-0.94,-0.077,0.024,2.5346812214580238e-06,2.181621115248792e-06,2.9448782295064872e-06,409.56,376.8,450.52,NORMAL,s_imbalance,s_ISC,s_thermal
2025-07-16,1,ESS-01 Steady Performer,98.94,0.8538,0.2574,0.565,29.14,1.278,89,-0.109,-0.629,0.164,0.585,0.075,0.165,2.692676615458409e-06,2.317609110120162e-06,3.1284425331603815e-06,465.93,428.66,512.52,NORMAL,s_thermal,s_imbalance,s_overcharge
2025-07-17,1,ESS-01 Steady Performer,98.89,0.8636,0.1961,0.5286,28.31,0.68,93,-0.998,-0.271,0.015,-0.792,0.028,0.009,2.5181910007840436e-06,2.167427840792111e-06,2.925719342124069e-06,403.48,371.2,443.83,NORMAL,s_ISC,s_imbalance,s_thermal
2025-07-18,1,ESS-01 Steady Performer,98.839,0.8313,0.16,0.5454,27.76,0.988,90,-0.524,-0.382,-0.13,-0.346,-0.389,0.0,2.5088087757435583e-06,2.1593524792086137e-06,2.914818760667119e-06,400.0,368.0,440.0,NORMAL,s_ISC,s_thermal_mag,s_thermal
2025-07-19,1,ESS-01 Steady Performer,98.885,0.8083,0.178,0.5163,30.6,1.099,98,-0.257,-0.067,0.043,-0.08,-0.159,0.009,2.518095820705508e-06,2.1673459184818486e-06,2.92560875873973e-06,403.44,371.17,443.79,NORMAL,s_ISC,s_thermal_mag,s_imbalance
2025-07-20,1,ESS-01 Steady Performer,98.884,0.9173,0.2363,0.5538,32.0,1.264,85,-0.637,0.397,0.262,0.175,0.446,0.256,2.7998813081393196e-06,2.409881114815302e-06,3.2529965053841743e-06,502.33,462.14,552.56,NORMAL,s_ISC,s_thermal_mag,s_thermal
2025-07-21,1,ESS-01 Steady Performer,98.875,0.9725,0.3035,0.6063,29.63,1.147,99,-0.91,-0.082,0.77,-0.135,-0.033,0.154,2.6802847753402005e-06,2.306943346505466e-06,3.1140452814994653e-06,461.63,424.7,507.79,NORMAL,s_ISC,s_overcharge,s_imbalance
2025-07-22,1,ESS-01 Steady Performer,98.796,0.7796,0.3075,0.4995,27.63,1.137,93,-0.565,-0.049,-0.058,0.007,0.073,0.016,2.5260965006935657e-06,2.1742321724027838e-06,2.93490421512687e-06,406.4,373.89,447.04,NORMAL,s_ISC,s_thermal_mag,s_overcharge
2025-07-23,1,ESS-01 Steady Performer,98.915,0.7828,0.1593,0.4635,30.34,1.281,101,-0.102,-0.25,-0.03,0.079,-0.013,0.016,2.525954519681491e-06,2.174109968127194e-06,2.934739256860094e-06,406.35,373.84,446.98,NORMAL,s_thermal,s_ISC,s_imbalance
2025-07-24,1,ESS-01 Steady Performer,98.95,0.7971,0.1648,0.5305,29.33,1.329,92,-0.185,-0.717,-0.258,0.249,-0.081,0.05,2.5629979632571793e-06,2.205993578087749e-06,2.977777562629976e-06,419.92,386.33,461.91,NORMAL,s_thermal,s_overcharge,s_imbalance
2025-07-25,1,ESS-01 Steady Performer,98.823,0.8847,0.3099,0.5353,32.07,1.253,103,-0.041,-0.03,0.033,0.324,0.128,0.097,2.6157256717510487e-06,2.2513767701044192e-06,3.0390383685563735e-06,438.9,403.79,482.79,NORMAL,s_imbalance,s_thermal_mag,s_ISC
2025-07-26,1,ESS-01 Steady Performer,98.926,0.8176,0.2049,0.5589,31.23,1.334,97,-0.477,0.128,0.055,0.1,-0.051,0.057,2.570546239650364e-06,2.212490444433284e-06,2.986547401331319e-06,422.66,388.85,464.93,NORMAL,s_ISC,s_thermal,s_imbalance
2025-07-27,1,ESS-01 Steady Performer,98.93,0.8392,0.2409,0.5739,31.52,0.863,102,-0.592,0.231,0.066,-0.763,0.141,0.087,2.6047618423676744e-06,2.241940107839908e-06,3.0263002269092063e-06,434.99,400.19,478.49,NORMAL,s_imbalance,s_ISC,s_thermal
2025-07-28,1,ESS-01 Steady Performer,98.894,0.8922,0.205,0.5633,32.04,1.211,108,-0.552,0.3,0.568,0.011,0.209,0.218,2.7545308561890126e-06,2.370847588887532e-06,3.200306844747539e-06,487.1,448.13,535.81,NORMAL,s_overcharge,s_ISC,s_thermal
2025-07-29,1,ESS-01 Steady Performer,98.894,0.776,0.2193,0.4847,29.16,1.113,106,-0.95,0.096,-0.391,-0.024,0.038,0.027,2.5377545123700185e-06,2.1842663231195912e-06,2.9484488811947826e-06,410.69,377.84,451.76,NORMAL,s_ISC,s_overcharge,s_thermal
2025-07-30,1,ESS-01 Steady Performer,98.859,0.8904,0.2933,0.5527,29.27,1.09,103,-0.938,0.146,0.064,-0.284,0.144,0.071,2.5863184573562765e-06,2.226065727769937e-06,3.0048720886528085e-06,428.36,394.09,471.2,NORMAL,s_ISC,s_imbalance,s_thermal
2025-07-31,1,ESS-01 Steady Performer,98.808,0.827,0.2124,0.5692,29.06,0.954,110,-0.21,0.051,-0.027,-0.43,-0.006,0.01,2.519739093133942e-06,2.168760297160954e-06,2.92751796736065e-06,404.05,371.73,444.46,NORMAL,s_imbalance,s_ISC,s_thermal
2025-08-01,1,ESS-01 Steady Performer,98.878,0.8532,0.1859,0.547,32.55,0.852,109,-0.502,0.122,0.113,-0.726,-0.045,0.047,2.5600101520271593e-06,2.2034219432949153e-06,2.9743062241101416e-06,418.83,385.33,460.72,NORMAL,s_imbalance,s_ISC,s_thermal
2025-08-02,1,ESS-01 Steady Performer,98.752,0.8272,0.2522,0.5894,31.02,1.185,116,-0.228,0.336,-0.228,-0.048,0.303,0.128,2.650298976545858e-06,2.2811343111402925e-06,3.079206783718806e-06,451.14,415.05,496.26,NORMAL,s_thermal,s_thermal_mag,s_ISC
2025-08-03,1,ESS-01 Steady Performer,98.905,0.844,0.2274,0.5854,27.99,1.022,111,-0.945,-0.313,-0.006,-0.038,-0.098,0.0,2.5088087757435583e-06,2.1593524792086137e-06,2.914818760667119e-06,400.0,368.0,440.0,NORMAL,s_ISC,s_thermal,s_thermal_mag
2025-08-04,1,ESS-01 Steady Performer,98.895,0.7602,0.1986,0.4964,28.91,0.962,115,-0.945,-0.124,-0.154,-0.209,0.104,0.021,2.531202478138373e-06,2.178626931012826e-06,2.940836509709593e-06,408.28,375.62,449.11,NORMAL,s_ISC,s_imbalance,s_overcharge
2025-08-05,1,ESS-01 Steady Performer,98.872,0.8747,0.2341,0.5275,28.57,1.153,111,-1.215,-0.436,0.037,-0.164,-0.241,0.007,2.5168814256265527e-06,2.1663006782178e-06,2.924197834102466e-06,402.99,370.76,443.29,NORMAL,s_ISC,s_thermal,s_thermal_mag
2025-08-06,1,ESS-01 Steady Performer,98.846,0.8041,0.2739,0.5644,26.85,1.22,113,-0.792,-0.133,-0.041,0.202,0.036,0.048,2.5605404454913777e-06,2.2038783714349618e-06,2.9749223367050044e-06,419.03,385.5,460.93,NORMAL,s_ISC,s_imbalance,s_thermal
2025-08-07,1,ESS-01 Steady Performer,98.879,0.8495,0.2242,0.5319,28.93,1.082,110,-0.537,-0.041,-0.11,-0.048,-0.057,0.0,2.5088087757435583e-06,2.1593524792086137e-06,2.914818760667119e-06,400.0,368.0,440.0,NORMAL,s_ISC,s_overcharge,s_thermal_mag
2025-08-08,1,ESS-01 Steady Performer,98.862,0.9407,0.1799,0.5482,32.91,0.976,116,-0.552,0.489,0.767,-0.25,0.491,0.349,2.914705892107671e-06,2.50871162879527e-06,3.3864035155686823e-06,539.79,496.61,593.77,NORMAL,s_overcharge,s_ISC,s_thermal_mag
2025-08-09,1,ESS-01 Steady Performer,98.988,0.8947,0.2552,0.5635,32.37,1.101,122,-0.819,-0.379,0.764,0.075,0.127,0.193,2.7255356659603372e-06,2.345891178329787e-06,3.1666192697416936e-06,477.24,439.06,524.96,NORMAL,s_ISC,s_overcharge,s_thermal
2025-08-10,1,ESS-01 Steady Performer,98.812,0.768,0.1856,0.4829,30.98,1.128,127,-0.377,0.183,0.098,-0.234,0.158,0.088,2.6051012847238234e-06,2.242232268795401e-06,3.0266946023295008e-06,435.11,400.3,478.62,NORMAL,s_ISC,s_imbalance,s_thermal
2025-08-11,1,ESS-01 Steady Performer,98.829,0.8926,0.2719,0.5208,30.7,1.387,123,0.181,-0.136,0.266,0.298,-0.158,0.149,2.6742710650340125e-06,2.301767294216478e-06,3.107058352994416e-06,459.54,422.77,505.49,NORMAL,s_imbalance,s_overcharge,s_ISC
2025-08-12,1,ESS-01 Steady Performer,98.823,0.8295,0.1731,0.4987,30.31,1.234,122,-0.365,0.06,-0.046,0.297,-0.135,0.071,2.586790612526684e-06,2.2264721157840496e-06,3.0054206542384176e-06,428.53,394.25,471.39,NORMAL,s_ISC,s_imbalance,s_thermal_mag
2025-08-13,1,ESS-01 Steady Performer,98.859,0.8694,0.1077,0.5006,30.15,1.05,121,-0.344,0.137,-0.125,-0.107,0.117,0.051,2.564112793332379e-06,2.206953121911105e-06,2.9790728093114455e-06,420.33,386.7,462.36,NORMAL,s_ISC,s_thermal,s_overcharge
2025-08-14,1,ESS-01 Steady Performer,98.816,0.8267,0.222,0.4904,30.66,1.029,131,0.439,0.108,-0.027,-0.387,-0.064,0.109,2.6293013737553477e-06,2.263061493641835e-06,3.0548110706257766e-06,443.73,408.23,488.1,NORMAL,s_ISC,s_imbalance,s_thermal
2025-08-15,1,ESS-01 Steady Performer,98.938,0.9217,0.3015,0.6372,28.5,1.011,127,-0.97,-0.381,0.77,-0.285,-0.128,0.154,2.6801284100810377e-06,2.3068087615791795e-06,3.113863611144596e-06,461.58,424.65,507.73,NORMAL,s_ISC,s_overcharge,s_thermal
2025-08-16,1,ESS-01 Steady Performer,98.791,0.8332,0.278,0.5892,31.32,1.237,129,-0.289,-0.091,-0.28,-0.063,-0.44,0.0,2.5088087757435583e-06,2.1593524792086137e-06,2.914818760667119e-06,400.0,368.0,440.0,NORMAL,s_thermal_mag,s_ISC,s_overcharge
2025-08-17,1,ESS-01 Steady Performer,98.827,0.8344,0.2324,0.5427,30.12,1.185,137,-0.383,0.207,-0.254,0.03,0.156,0.079,2.5950061431940405e-06,2.2335432936638626e-06,3.0149657310855086e-06,431.49,396.97,474.64,NORMAL,s_ISC,s_overcharge,s_thermal
2025-08-18,1,ESS-01 Steady Performer,98.835,0.7084,0.1977,0.479,29.74,1.086,127,-0.498,0.093,0.237,-0.158,0.021,0.07,2.585520150849526e-06,2.225378618496954e-06,3.003944589593371e-06,428.08,393.83,470.88,NORMAL,s_ISC,s_overcharge,s_imbalance
2025-08-19,1,ESS-01 Steady Performer,98.859,1.0,0.3193,0.5941,27.68,1.146,126,-0.747,0.15,1.302,-0.219,0.289,0.348,2.9127972012288334e-06,2.5070688019978017e-06,3.384185935238243e-06,539.18,496.05,593.1,NORMAL,s_overcharge,s_ISC,s_thermal_mag
2025-08-20,1,ESS-01 Steady Performer,98.849,0.8044,0.1319,0.5033,28.56,1.183,120,-0.202,-0.125,0.042,-0.105,0.059,0.02,2.5307369562583027e-06,2.178226252334935e-06,2.9402956508916573e-06,408.11,375.46,448.92,NORMAL,s_ISC,s_thermal,s_imbalance
2025-08-21,1,ESS-01 Steady Performer,98.796,0.8162,0.2124,0.5122,29.83,1.419,132,-0.043,0.059,-0.092,0.352,-0.227,0.082,2.598903265314822e-06,2.2368975801850477e-06,3.0194935372076673e-06,432.89,398.26,476.18,NORMAL,s_imbalance,s_thermal_mag,s_overcharge
2025-08-22,1,ESS-01 Steady Performer,98.816,0.8777,0.3272,0.5933,30.53,0.543,128,-1.252,-0.109,0.063,-0.911,-0.125,0.013,2.5224951409476915e-06,2.171132451163722e-06,2.9307200354723527e-06,405.07,372.67,445.58,NORMAL,s_ISC,s_imbalance,s_thermal_mag
2025-08-23,1,ESS-01 Steady Performer,98.809,0.8669,0.2395,0.4711,31.1,1.135,132,0.268,-0.104,0.33,-0.025,-0.141,0.12,2.6409896519661843e-06,2.2731216953138654e-06,3.0683909009072377e-06,447.86,412.03,492.65,NORMAL,s_overcharge,s_ISC,s_thermal_mag
2025-08-24,1,ESS-01 Steady Performer,98.8,0.7995,0.16,0.5321,30.4,0.968,141,-0.684,0.078,-0.103,-0.373,0.028,0.021,2.5316807102694725e-06,2.179038549512927e-06,2.941392135720226e-06,408.46,375.78,449.31,NORMAL,s_ISC,s_imbalance,s_overcharge
2025-08-25,1,ESS-01 Steady Performer,98.848,0.8755,0.3046,0.6412,29.15,0.901,132,-1.166,-0.133,0.018,-0.351,-0.222,0.004,2.5126595877914766e-06,2.162666906172248e-06,2.919292762330923e-06,401.43,369.32,441.57,NORMAL,s_ISC,s_imbalance,s_thermal_mag
2025-08-26,1,ESS-01 Steady Performer,98.792,0.919,0.2035,0.5843,30.9,1.039,134,-0.352,0.321,0.059,-0.043,0.107,0.097,2.6156976600480126e-06,2.251352660190614e-06,3.039005823628142e-06,438.89,403.78,482.78,NORMAL,s_ISC,s_thermal,s_thermal_mag
2025-08-27,1,ESS-01 Steady Performer,98.808,0.8812,0.2904,0.5319,30.08,1.298,151,-0.33,-0.271,0.275,0.241,-0.04,0.103,2.6223714305858656e-06,2.257096831916444e-06,3.0467596321942343e-06,441.27,405.97,485.4,NORMAL,s_ISC,s_overcharge,s_thermal
2025-08-28,1,ESS-01 Steady Performer,98.822,0.9133,0.2816,0.6314,25.5,1.306,148,-0.665,-0.442,0.425,0.126,-0.102,0.11,2.6303861588747426e-06,2.263995177530852e-06,3.0560714100506933e-06,444.11,408.58,488.52,NORMAL,s_ISC,s_thermal,s_overcharge
2025-08-29,1,ESS-01 Steady Performer,98.83,0.8509,0.2425,0.5809,28.0,1.371,139,-0.058,-0.582,-0.554,0.085,0.022,0.021,2.5319841193444796e-06,2.1792996963080995e-06,2.9417446464842505e-06,408.57,375.89,449.43,NORMAL,s_thermal,s_overcharge,s_imbalance
2025-08-30,1,ESS-01 Steady Performer,98.884,0.8901,0.1498,0.5783,30.2,0.854,141,-0.226,0.255,0.049,-0.518,0.259,0.113,2.6329759023896645e-06,2.26622419206523e-06,3.0590802601832975e-06,445.03,409.43,489.53,NORMAL,s_imbalance,s_thermal_mag,s_thermal
2025-08-31,1,ESS-01 Steady Performer,98.821,0.7785,0.2613,0.5383,30.46,0.993,135,-0.078,-0.135,-0.051,-0.443,-0.122,0.0,2.5088087757435583e-06,2.1593524792086137e-06,2.914818760667119e-06,400.0,368.0,440.0,NORMAL,s_imbalance,s_thermal,s_thermal_mag
2025-09-01,1,ESS-01 Steady Performer,98.875,0.8698,0.271,0.5346,28.67,1.214,151,-0.023,-0.249,0.067,-0.182,0.108,0.035,2.546828247505147e-06,2.19207616485762e-06,2.958991048709496e-06,414.02,380.9,455.42,NORMAL,s_thermal,s_imbalance,s_thermal_mag
2025-09-02,1,ESS-01 Steady Performer,98.832,0.7743,0.186,0.4945,28.53,1.016,140,-0.561,-0.302,0.052,-0.261,0.118,0.034,2.5457532217944554e-06,2.19115088099721e-06,2.9577420480563706e-06,413.63,380.54,454.99,NORMAL,s_ISC,s_thermal,s_imbalance
2025-09-03,1,ESS-01 Steady Performer,98.766,0.8969,0.2978,0.5631,28.97,0.986,158,-0.675,-0.435,0.3,-0.209,-0.112,0.06,2.5742025873086262e-06,2.2156374942825794e-06,2.9907954677070806e-06,423.99,390.07,466.39,NORMAL,s_ISC,s_thermal,s_overcharge
2025-09-04,1,ESS-01 Steady Performer,98.846,0.8808,0.3334,0.5845,29.19,1.074,158,-0.335,-0.079,-0.174,-0.437,-0.252,0.0,2.5088087757435583e-06,2.1593524792086137e-06,2.914818760667119e-06,400.0,368.0,440.0,NORMAL,s_imbalance,s_ISC,s_thermal_mag
2025-09-05,1,ESS-01 Steady Performer,98.822,0.8673,0.2982,0.5479,27.05,0.901,147,-0.56,-0.303,-0.159,-0.519,0.053,0.011,2.520241650795888e-06,2.1691928528528705e-06,2.928101855585e-06,404.24,371.9,444.66,NORMAL,s_ISC,s_imbalance,s_thermal
2025-09-06,1,ESS-01 Steady Performer,98.826,0.8477,0.2813,0.5894,27.8,1.399,158,-0.053,-0.039,0.15,0.534,0.251,0.187,2.718386116592501e-06,2.339737499494743e-06,3.158312685784275e-06,474.79,436.81,522.27,NORMAL,s_imbalance,s_thermal_mag,s_overcharge
2025-09-07,1,ESS-01 Steady Performer,98.786,0.8811,0.1961,0.5177,26.62,1.085,159,-0.646,-0.234,0.251,-0.413,0.067,0.064,2.5782246946744175e-06,2.2190993566589047e-06,2.9954684858760407e-06,425.44,391.41,467.99,NORMAL,s_ISC,s_imbalance,s_overcharge
2025-09-08,1,ESS-01 Steady Performer,98.822,0.7566,0.3077,0.528,27.85,0.771,160,-0.953,0.026,-0.141,-0.54,0.103,0.026,2.5367886405988738e-06,2.18343498899434e-06,2.9473266992185566e-06,410.34,377.51,451.37,NORMAL,s_ISC,s_imbalance,s_overcharge
2025-09-09,1,ESS-01 Steady Performer,98.826,0.9082,0.2092,0.5544,29.99,1.236,149,-0.022,0.191,0.769,-0.042,-0.05,0.192,2.724281308738143e-06,2.3448115422437885e-06,3.165161915853673e-06,476.81,438.66,524.49,NORMAL,s_overcharge,s_thermal,s_thermal_mag
2025-09-10,1,ESS-01 Steady Performer,98.972,0.7697,0.237,0.5094,28.46,1.263,151,-0.836,-0.329,0.015,0.072,0.179,0.053,2.5667378071142965e-06,2.2092124938261695e-06,2.982122637678493e-06,421.28,387.58,463.41,NORMAL,s_ISC,s_thermal,s_thermal_mag
2025-09-11,1,ESS-01 Steady Performer,98.804,0.8122,0.1846,0.5575,27.24,1.023,169,-0.952,-0.565,0.154,-0.354,0.088,0.048,2.5614173268307438e-06,2.2046331107366003e-06,2.975941126627407e-06,419.35,385.8,461.28,NORMAL,s_ISC,s_thermal,s_imbalance
2025-09-12,1,ESS-01 Steady Performer,98.702,0.8367,0.1263,0.5112,29.27,1.19,157,-0.483,0.084,-0.131,0.184,0.167,0.087,2.6041018566217537e-06,2.2413720524319128e-06,3.0255334335162693e-06,434.75,399.97,478.23,NORMAL,s_ISC,s_imbalance,s_thermal_mag
2025-09-13,1,ESS-01 Steady Performer,98.891,0.8412,0.18,0.5329,29.86,1.042,165,-0.633,-0.061,-0.075,-0.347,-0.101,0.0,2.5088087757435583e-06,2.1593524792086137e-06,2.914818760667119e-06,400.0,368.0,440.0,NORMAL,s_ISC,s_imbalance,s_thermal_mag
2025-09-14,1,ESS-01 Steady Performer,98.782,0.8588,0.2083,0.5281,28.01,1.348,166,-0.293,0.363,-0.244,0.503,0.254,0.224,2.7620944476557624e-06,2.377357637395847e-06,3.209094476466203e-06,489.66,450.49,538.62,NORMAL,s_imbalance,s_thermal,s_ISC
2025-09-15,1,ESS-01 Steady Performer,98.861,0.8949,0.1873,0.5374,30.0,1.236,168,-0.503,0.101,0.169,-0.029,0.021,0.058,2.5724027807688574e-06,2.214088385327252e-06,2.9887043925805417e-06,423.33,389.47,465.67,NORMAL,s_ISC,s_overcharge,s_thermal
2025-09-16,1,ESS-01 Steady Performer,98.779,0.768,0.2228,0.5298,30.91,1.753,161,-0.068,0.194,-0.023,0.431,-0.23,0.125,2.6471931715685625e-06,2.2784611180505688e-06,3.0755983562385103e-06,450.05,414.05,495.06,NORMAL,s_imbalance,s_thermal_mag,s_thermal
2025-09-17,1,ESS-01 Steady Performer,98.821,0.9734,0.302,0.6029,30.77,1.155,159,-0.478,0.352,1.138,-0.172,0.218,0.342,2.9048197691139075e-06,2.5002025569810515e-06,3.3749174901642285e-06,536.62,493.69,590.29,NORMAL,s_overcharge,s_ISC,s_thermal
2025-09-18,1,ESS-01 Steady Performer,98.824,0.8699,0.2737,0.5552,30.22,1.217,167,-0.268,0.174,-0.27,0.249,0.357,0.156,2.6824445826916677e-06,2.3088023113090347e-06,3.1165546174603103e-06,462.38,425.39,508.62,NORMAL,s_thermal_mag,s_overcharge,s_ISC
2025-09-19,1,ESS-01 Steady Performer,98.807,0.8371,0.3076,0.5743,27.28,1.228,172,-0.599,-0.618,-0.19,-0.079,-0.049,0.0,2.5088087757435583e-06,2.1593524792086137e-06,2.914818760667119e-06,400.0,368.0,440.0,NORMAL,s_thermal,s_ISC,s_overcharge
2025-09-20,1,ESS-01 Steady Performer,98.75,0.8793,0.3149,0.5931,26.05,1.076,178,-0.779,-0.424,0.589,-0.157,0.225,0.163,2.690376533881757e-06,2.315629410076298e-06,3.125770221951576e-06,465.13,427.92,511.65,NORMAL,s_ISC,s_overcharge,s_thermal
2025-09-21,1,ESS-01 Steady Performer,98.758,0.8272,0.2032,0.5306,28.93,0.839,166,-0.361,-0.106,-0.024,-0.116,-0.263,0.0,2.5088087757435583e-06,2.1593524792086137e-06,2.914818760667119e-06,400.0,368.0,440.0,NORMAL,s_ISC,s_thermal_mag,s_imbalance
2025-09-22,1,ESS-01 Steady Performer,98.652,0.8513,0.3238,0.6204,25.9,0.683,172,-0.773,-0.724,-0.619,-0.59,0.281,0.056,2.5700810038319257e-06,2.2120900119667067e-06,2.9860068748761934e-06,422.49,388.69,464.74,NORMAL,s_ISC,s_thermal,s_overcharge
2025-09-23,1,ESS-01 Steady Performer,98.713,0.8921,0.1857,0.5795,29.76,1.23,173,0.016,-0.028,0.552,0.557,0.029,0.231,2.7698638607440055e-06,2.3840448383659116e-06,3.2181212385567208e-06,492.28,452.9,541.5,NORMAL,s_imbalance,s_overcharge,s_thermal_mag
2025-09-24,1,ESS-01 Steady Performer,98.821,0.9025,0.1645,0.5265,27.43,1.187,174,-0.617,-0.101,0.343,-0.446,0.174,0.103,2.622697938823242e-06,2.257377860366041e-06,3.047138980322948e-06,441.38,406.07,485.52,NORMAL,s_ISC,s_imbalance,s_overcharge
2025-09-25,1,ESS-01 Steady Performer,98.885,0.8956,0.201,0.5277,26.65,1.017,184,-0.163,-0.245,0.133,-0.069,-0.163,0.027,2.5376647836860295e-06,2.1841890928709684e-06,2.948344631422797e-06,410.66,377.81,451.73,NORMAL,s_thermal,s_thermal_mag,s_ISC
2025-09-26,1,ESS-01 Steady Performer,98.828,0.7997,0.202,0.5282,24.96,0.852,176,-1.061,-0.425,0.115,-0.747,-0.226,0.023,2.5336794478109405e-06,2.180758880071452e-06,2.94371433553451e-06,409.2,376.46,450.12,NORMAL,s_ISC,s_imbalance,s_thermal
2025-09-27,1,ESS-01 Steady Performer,98.787,0.8883,0.3525,0.6278,25.5,1.021,181,-0.646,-0.442,0.284,-0.231,-0.008,0.057,2.5707139894188155e-06,2.212634828100432e-06,2.986742298594354e-06,422.72,388.9,464.99,NORMAL,s_ISC,s_thermal,s_overcharge
2025-09-28,1,ESS-01 Steady Performer,98.861,0.8884,0.2319,0.5465,28.01,0.985,169,-0.741,-0.233,0.161,-0.167,-0.126,0.032,2.5437300566675594e-06,2.1894095254003763e-06,2.9553914674693106e-06,412.89,379.86,454.17,NORMAL,s_ISC,s_thermal,s_imbalance
2025-09-29,1,ESS-01 Steady Performer,98.721,0.8201,0.1458,0.4894,27.77,0.914,176,-0.699,-0.024,-0.346,-0.661,-0.012,0.0,2.5088087757435583e-06,2.1593524792086137e-06,2.914818760667119e-06,400.0,368.0,440.0,NORMAL,s_ISC,s_imbalance,s_overcharge
2025-09-30,1,ESS-01 Steady Performer,98.795,0.8869,0.14,0.5297,26.4,1.193,177,-0.32,-0.469,0.183,0.457,-0.161,0.128,2.6505061247802445e-06,2.281312605409576e-06,3.0794474554243754e-06,451.22,415.12,496.34,NORMAL,s_thermal,s_imbalance,s_ISC
2025-10-01,1,ESS-01 Steady Performer,98.773,0.8247,0.2691,0.5663,28.83,1.237,186,-0.49,-0.231,0.249,0.125,0.133,0.101,2.620265839455352e-06,2.2552845315118753e-06,3.0443132863931926e-06,440.52,405.28,484.57,NORMAL,s_ISC,s_overcharge,s_thermal
2025-10-02,1,ESS-01 Steady Performer,98.752,0.8925,0.2389,0.5381,25.61,1.016,184,-0.126,-0.434,0.137,-0.248,-0.001,0.027,2.5385385118511825e-06,2.1849411182036813e-06,2.9493597578899785e-06,410.98,378.1,452.08,NORMAL,s_thermal,s_imbalance,s_overcharge
2025-10-03,1,ESS-01 Steady Performer,98.7,0.8249,0.2349,0.5459,26.06,1.274,183,-0.569,-0.046,-0.208,-0.195,0.173,0.035,2.5463511851445404e-06,2.1916655531872896e-06,2.9584367817798817e-06,413.85,380.74,455.23,NORMAL,s_ISC,s_overcharge,s_imbalance
2025-10-04,1,ESS-01 Steady Performer,98.853,0.7837,0.1963,0.5087,26.71,0.923,181,-0.047,-0.581,-0.241,-0.207,-0.083,0.0,2.5088087757435583e-06,2.1593524792086137e-06,2.914818760667119e-06,400.0,368.0,440.0,NORMAL,s_thermal,s_overcharge,s_imbalance
2025-10-05,1,ESS-01 Steady Performer,98.747,0.8278,0.2113,0.505,28.9,1.114,194,-0.454,-0.29,-0.044,-0.054,0.03,0.006,2.5152115047725024e-06,2.1648633630112626e-06,2.922257664451591e-06,402.38,370.19,442.61,NORMAL,s_ISC,s_thermal,s_imbalance
2025-10-06,1,ESS-01 Steady Performer,98.741,0.8292,0.2756,0.5429,29.06,1.367,192,0.086,0.172,-0.213,-0.039,0.116,0.075,2.590619002742465e-06,2.229767244155993e-06,3.0098686053587774e-06,429.91,395.52,472.9,NORMAL,s_overcharge,s_thermal,s_thermal_mag
2025-10-07,1,ESS-01 Steady Performer,98.853,0.7453,0.1963,0.4969,26.22,1.402,190,0.043,-0.415,-0.053,0.003,-0.107,0.009,2.518738008819706e-06,2.1678986553019e-06,2.9263548742728967e-06,403.68,371.39,444.05,NORMAL,s_thermal,s_thermal_mag,s_overcharge
2025-10-08,1,ESS-01 Steady Performer,98.679,0.7855,0.23,0.5164,25.24,1.561,197,-0.355,-1.071,-0.454,0.499,-0.196,0.1,2.61848410419353e-06,2.253750976641088e-06,3.0422432071095637e-06,439.89,404.7,483.87,NORMAL,s_thermal,s_imbalance,s_overcharge
2025-10-09,1,ESS-01 Steady Performer,98.761,0.886,0.3032,0.5698,24.95,1.339,196,0.015,-0.44,-0.028,-0.327,0.045,0.012,2.521767339258094e-06,2.1705060260040876e-06,2.929874451237742e-06,404.8,372.42,445.28,NORMAL,s_thermal,s_imbalance,s_thermal_mag
2025-10-10,1,ESS-01 Steady Performer,98.854,0.7746,0.2224,0.5167,28.43,1.357,188,-0.381,-0.352,-0.017,0.336,-0.141,0.067,2.582115684385609e-06,2.222448364946763e-06,2.9999891671852955e-06,426.85,392.7,469.53,NORMAL,s_ISC,s_thermal,s_imbalance
2025-10-11,1,ESS-01 Steady Performer,98.733,0.8456,0.2181,0.5593,26.04,1.333,193,-0.309,-0.701,-0.012,0.052,0.032,0.017,2.5269249307501204e-06,2.1749452092622386e-06,2.9358667127471962e-06,406.71,374.17,447.38,NORMAL,s_thermal,s_ISC,s_imbalance
2025-10-12,1,ESS-01 Steady Performer,98.781,0.788,0.2259,0.5324,26.17,1.417,192,0.039,-0.189,0.002,0.411,-0.045,0.09,2.608007950215211e-06,2.2447340607852997e-06,3.0300716629804617e-06,436.15,401.26,479.76,NORMAL,s_imbalance,s_thermal,s_thermal_mag
2025-10-13,1,ESS-01 Steady Performer,98.794,0.7845,0.2489,0.5668,24.76,0.848,197,-0.618,-0.827,-0.021,-0.33,0.012,0.002,2.511319542933509e-06,2.161513518067087e-06,2.9177358535939916e-06,400.93,368.86,441.03,NORMAL,s_thermal,s_ISC,s_imbalance
2025-10-14,1,ESS-01 Steady Performer,98.746,0.9638,0.1733,0.5763,27.61,0.995,203,-0.299,-0.402,0.931,-0.261,0.018,0.19,2.7216433273058463e-06,2.3425410088609837e-06,3.1620970213951556e-06,475.91,437.83,523.5,NORMAL,s_overcharge,s_thermal,s_ISC
2025-10-15,1,ESS-01 Steady Performer,98.76,0.8171,0.2704,0.5955,27.41,1.171,199,-0.509,-0.086,0.019,-0.301,-0.171,0.004,2.5128675881082485e-06,2.1628459338293146e-06,2.9195344240249024e-06,401.51,369.39,441.66,NORMAL,s_ISC,s_imbalance,s_thermal_mag
2025-10-16,1,ESS-01 Steady Performer,98.748,0.8898,0.2386,0.5445,28.32,1.603,197,0.065,0.048,0.325,0.574,-0.039,0.202,2.736440700377439e-06,2.355277235576779e-06,3.179289100946306e-06,480.96,442.48,529.06,NORMAL,s_imbalance,s_overcharge,s_ISC
2025-10-17,1,ESS-01 Steady Performer,98.741,0.9086,0.2063,0.5584,26.04,1.594,201,0.057,-0.292,0.583,0.463,-0.031,0.22,2.757772464841918e-06,2.373637669453815e-06,3.2040730533222506e-06,488.2,449.14,537.02,NORMAL,s_overcharge,s_imbalance,s_thermal
2025-10-18,1,ESS-01 Steady Performer,98.843,0.7457,0.2691,0.5127,28.06,1.043,208,-0.431,-0.264,-0.092,0.18,0.117,0.059,2.573534184034811e-06,2.215062193840825e-06,2.9900188945425584e-06,423.74,389.85,466.12,NORMAL,s_ISC,s_thermal,s_imbalance
2025-10-19,1,ESS-01 Steady Performer,98.796,0.8448,0.2588,0.5725,25.9,1.067,208,-0.164,-0.525,-0.275,-0.315,0.246,0.049,2.562377997145846e-06,2.2054599679296543e-06,2.9770572653699566e-06,419.69,386.12,461.66,NORMAL,s_thermal,s_imbalance,s_overcharge
2025-10-20,1,ESS-01 Steady Performer,98.737,0.7308,0.1815,0.5029,27.84,1.495,209,-0.303,-0.052,-0.149,0.5,0.334,0.167,2.695166807446534e-06,2.3197524398357045e-06,3.131335720960474e-06,466.79,429.45,513.47,NORMAL,s_imbalance,s_thermal_mag,s_ISC
2025-10-21,1,ESS-01 Steady Performer,98.754,0.8959,0.1926,0.4977,25.67,0.922,211,-0.332,-0.46,0.573,-0.413,0.214,0.157,2.6839454928281e-06,2.310094157601008e-06,3.1182984247376387e-06,462.9,425.87,509.19,NORMAL,s_overcharge,s_thermal,s_imbalance
2025-10-22,1,ESS-01 Steady Performer,98.804,0.8442,0.2652,0.6238,27.21,1.33,204,-0.205,-0.094,0.126,0.235,0.029,0.078,2.594129500946109e-06,2.2327887601432154e-06,3.0139472189585648e-06,431.18,396.68,474.29,NORMAL,s_imbalance,s_ISC,s_overcharge
2025-10-23,1,ESS-01 Steady Performer,98.788,0.9526,0.2356,0.5521,25.83,1.221,218,-0.499,-0.276,0.914,-0.045,-0.299,0.183,2.7134492096278892e-06,2.335488261076412e-06,3.1525768232617764e-06,473.1,435.25,520.4,NORMAL,s_overcharge,s_ISC,s_thermal_mag
2025-10-24,1,ESS-01 Steady Performer,98.76,0.8905,0.1789,0.6208,26.13,1.017,202,-0.709,-0.803,0.507,-0.175,0.1,0.121,2.642952744883676e-06,2.2748113462900157e-06,3.0706716875300842e-06,448.56,412.67,493.41,NORMAL,s_thermal,s_ISC,s_overcharge
2025-10-25,1,ESS-01 Steady Performer,98.728,0.8215,0.2623,0.5476,22.13,1.237,217,0.159,-0.775,-0.091,-0.294,0.023,0.036,2.548227908384382e-06,2.193280864995644e-06,2.96061722130633e-06,414.53,381.37,455.99,NORMAL,s_thermal,s_imbalance,s_ISC
2025-10-26,1,ESS-01 Steady Performer,98.657,0.8033,0.2,0.514,26.67,1.186,207,-0.552,-0.608,0.095,-0.314,-0.075,0.019,2.5292881437361567e-06,2.176979246961864e-06,2.9386123722705467e-06,407.58,374.97,448.34,NORMAL,s_thermal,s_ISC,s_imbalance
2025-10-27,1,ESS-01 Steady Performer,98.799,0.8337,0.216,0.5152,24.72,0.891,214,-0.859,-0.592,-0.414,-0.284,0.097,0.019,2.5298176762504186e-06,2.1774350201418455e-06,2.9392276007745438e-06,407.77,375.15,448.55,NORMAL,s_ISC,s_thermal,s_overcharge
2025-10-28,1,ESS-01 Steady Performer,98.822,0.7949,0.2749,0.5302,23.57,1.073,214,-0.86,-0.446,0.071,-0.595,-0.323,0.014,2.5240668372461465e-06,2.1724852236552454e-06,2.9325460845597204e-06,405.65,373.2,446.22,NORMAL,s_ISC,s_imbalance,s_thermal
2025-10-29,1,ESS-01 Steady Performer,98.719,0.9038,0.3402,0.5698,25.48,1.034,219,-0.904,-0.775,0.096,-0.389,-0.094,0.019,2.5295898281538485e-06,2.1772389093295086e-06,2.9389628792705587e-06,407.69,375.07,448.46,NORMAL,s_ISC,s_thermal,s_imbalance
2025-10-30,1,ESS-01 Steady Performer,98.721,0.9256,0.3382,0.6208,25.19,1.566,213,0.201,-0.816,0.608,0.557,-0.203,0.273,2.820824251363223e-06,2.427906887210658e-06,3.2773287118320888e-06,509.27,468.53,560.2,NORMAL,s_thermal,s_overcharge,s_imbalance
2025-10-31,1,ESS-01 Steady Performer,98.729,0.8755,0.239,0.5502,29.08,1.627,208,0.072,0.023,0.203,0.812,-0.415,0.222,2.7597269290186324e-06,2.3753198936532128e-06,3.206343814701334e-06,488.86,449.75,537.75,NORMAL,s_imbalance,s_thermal_mag,s_overcharge
2025-11-01,1,ESS-01 Steady Performer,98.694,0.9724,0.426,0.6117,27.23,0.995,225,-0.68,-0.294,1.116,-0.349,-0.076,0.223,2.7608846179720183e-06,2.376316326535845e-06,3.2076888561681128e-06,489.25,450.11,538.18,NORMAL,s_overcharge,s_ISC,s_imbalance
2025-11-02,1,ESS-01 Steady Performer,98.785,0.839,0.2525,0.5282,23.84,1.196,227,-0.904,-0.938,-0.388,0.039,0.406,0.089,2.606343631407826e-06,2.2433015672720243e-06,3.0281380020309657e-06,435.55,400.71,479.11,NORMAL,s_thermal,s_ISC,s_thermal_mag
2025-11-03,1,ESS-01 Steady Performer,98.683,0.9701,0.1922,0.5991,22.53,1.251,218,-0.256,-0.592,1.222,0.024,0.085,0.266,2.812324255856078e-06,2.4205908675375485e-06,3.2674531349917884e-06,506.46,465.94,557.1,NORMAL,s_overcharge,s_thermal,s_ISC
2025-11-04,1,ESS-01 Steady Performer,98.761,0.7692,0.2227,0.4993,24.34,1.321,228,-0.995,-0.338,-0.502,0.153,0.023,0.035,2.5470160525136883e-06,2.192237810241177e-06,2.959209246819502e-06,414.09,380.96,455.5,NORMAL,s_ISC,s_overcharge,s_thermal
2025-11-05,1,ESS-01 Steady Performer,98.734,0.8294,0.2209,0.5575,24.18,1.292,222,-0.203,-0.945,-0.239,0.065,0.066,0.026,2.537181965126981e-06,2.1837735267922715e-06,2.947783676748573e-06,410.48,377.64,451.53,NORMAL,s_thermal,s_overcharge,s_ISC
2025-11-06,1,ESS-01 Steady Performer,98.724,0.9454,0.2409,0.5653,26.17,0.992,229,-0.66,0.045,0.729,-0.429,0.183,0.192,2.723690734973037e-06,2.344303230307758e-06,3.1644757676354723e-06,476.61,438.48,524.27,NORMAL,s_overcharge,s_ISC,s_imbalance
2025-11-07,1,ESS-01 Steady Performer,98.759,0.7309,0.2714,0.5525,23.94,1.274,224,0.069,-0.766,-0.174,-0.225,-0.034,0.014,2.52370780688488e-06,2.1721762031422476e-06,2.9321289511325792e-06,405.52,373.08,446.07,NORMAL,s_thermal,s_imbalance,s_overcharge
2025-11-08,1,ESS-01 Steady Performer,98.682,0.9145,0.2717,0.6035,23.71,1.545,229,-0.058,-0.331,0.592,0.606,-0.058,0.24,2.7805843553130623e-06,2.393272060686591e-06,3.230576665057912e-06,495.88,456.21,545.47,NORMAL,s_imbalance,s_overcharge,s_thermal
2025-11-09,1,ESS-01 Steady Performer,98.716,0.8784,0.2987,0.5824,23.78,1.256,229,-0.738,-0.46,0.038,-0.175,0.007,0.009,2.5184282366588204e-06,2.1676320317450778e-06,2.9259949706623236e-06,403.57,371.28,443.92,NORMAL,s_ISC,s_thermal,s_imbalance
2025-11-10,1,ESS-01 Steady Performer,98.7,0.9295,0.2681,0.5991,22.44,1.386,227,-0.625,-1.368,0.809,-0.086,-0.182,0.162,2.6892410598147762e-06,2.3146520977574866e-06,3.1244509904473594e-06,464.74,427.56,511.22,NORMAL,s_thermal,s_overcharge,s_ISC
2025-11-11,1,ESS-01 Steady Performer,98.766,0.8205,0.2484,0.5808,25.12,1.301,230,-0.265,-0.514,-0.348,-0.085,0.162,0.032,2.543831935025843e-06,2.189497212978117e-06,2.9555098331371023e-06,412.92,379.89,454.22,NORMAL,s_thermal,s_overcharge,s_ISC
2025-11-12,1,ESS-01 Steady Performer,98.818,0.8736,0.2491,0.5848,23.65,1.471,240,-0.132,-0.702,-0.179,0.305,0.214,0.104,2.623128754574605e-06,2.2577486671905575e-06,3.047639516390256e-06,441.54,406.21,485.69,NORMAL,s_thermal,s_imbalance,s_thermal_mag
2025-11-13,1,ESS-01 Steady Performer,98.722,0.9103,0.3064,0.567,23.61,1.15,224,-0.797,-0.884,0.62,-0.028,0.167,0.157,2.6840596403999304e-06,2.310192405400034e-06,3.118431045180105e-06,462.94,425.91,509.24,NORMAL,s_thermal,s_ISC,s_overcharge
2025-11-14,1,ESS-01 Steady Performer,98.667,0.8062,0.2651,0.4777,23.66,1.154,240,-0.023,-1.104,-0.195,0.138,0.032,0.034,2.5458159213427056e-06,2.1912048470367813e-06,2.9578148944785066e-06,413.65,380.56,455.02,NORMAL,s_thermal,s_overcharge,s_imbalance
2025-11-15,1,ESS-01 Steady Performer,98.687,0.7914,0.1627,0.5369,23.73,1.007,236,-0.872,-0.684,-0.198,-0.3,-0.237,0.0,2.5088087757435583e-06,2.1593524792086137e-06,2.914818760667119e-06,400.0,368.0,440.0,NORMAL,s_ISC,s_thermal,s_imbalance
2025-11-16,1,ESS-01 Steady Performer,98.736,0.7886,0.2491,0.5307,24.48,1.597,239,0.061,-0.937,-0.265,0.718,-0.074,0.156,2.682302608426135e-06,2.3086801128349287e-06,3.116389667040238e-06,462.33,425.35,508.57,NORMAL,s_thermal,s_imbalance,s_overcharge
2025-11-17,1,ESS-01 Steady Performer,98.813,0.7897,0.1882,0.4991,22.06,1.208,238,-0.337,-1.02,0.083,0.503,0.109,0.139,2.663026118098103e-06,2.2920886714987628e-06,3.093993599871394e-06,455.61,419.16,501.17,NORMAL,s_thermal,s_imbalance,s_ISC
2025-11-18,1,ESS-01 Steady Performer,98.743,0.7823,0.1249,0.51,23.71,0.979,244,-0.839,-0.698,-0.017,-0.654,-0.119,0.0,2.5088087757435583e-06,2.1593524792086137e-06,2.914818760667119e-06,400.0,368.0,440.0,NORMAL,s_ISC,s_thermal,s_imbalance
2025-11-19,1,ESS-01 Steady Performer,98.74,0.909,0.252,0.5691,22.76,1.634,243,0.29,-0.971,0.17,0.635,0.082,0.235,2.775474238489893e-06,2.3888737389725e-06,3.2246395616868224e-06,494.16,454.63,543.58,NORMAL,s_thermal,s_imbalance,s_ISC
2025-11-20,1,ESS-01 Steady Performer,98.768,0.7787,0.106,0.514,23.64,1.441,240,-0.281,-0.849,0.198,0.482,0.171,0.17,2.6989828507955305e-06,2.3230369412524185e-06,3.13576932692472e-06,468.11,430.66,514.92,NORMAL,s_thermal,s_imbalance,s_ISC
2025-11-21,1,ESS-01 Steady Performer,98.712,0.8873,0.1493,0.5322,23.46,1.02,248,-0.418,-1.039,0.296,-0.452,-0.157,0.059,2.573418382995979e-06,2.2149625228915676e-06,2.9898843530423667e-06,423.7,389.81,466.07,NORMAL,s_thermal,s_imbalance,s_ISC
2025-11-22,1,ESS-01 Steady Performer,98.699,0.8687,0.3236,0.5195,22.59,1.279,249,-0.408,-0.815,-0.31,-0.042,-0.233,0.0,2.5088087757435583e-06,2.1593524792086137e-06,2.914818760667119e-06,400.0,368.0,440.0,NORMAL,s_thermal,s_ISC,s_overcharge
2025-11-23,1,ESS-01 Steady Performer,98.621,0.8718,0.3654,0.5876,24.73,1.267,245,-0.554,-1.272,-0.011,0.026,-0.103,0.005,2.514357622133654e-06,2.1641284188981888e-06,2.9212655951700073e-06,402.06,369.89,442.27,NORMAL,s_thermal,s_ISC,s_thermal_mag
2025-11-24,1,ESS-01 Steady Performer,98.666,0.8265,0.2518,0.5459,20.89,1.656,251,0.012,-1.34,-0.318,0.723,-0.065,0.147,2.6722107949501736e-06,2.2999940020011186e-06,3.1046646627328695e-06,458.82,422.11,504.7,NORMAL,s_thermal,s_imbalance,s_overcharge
2025-11-25,1,ESS-01 Steady Performer,98.716,0.8375,0.2774,0.5657,19.48,1.088,239,-0.631,-1.428,0.226,-0.302,0.017,0.049,2.561731197214077e-06,2.204903261671882e-06,2.9763057916841974e-06,419.46,385.9,461.41,NORMAL,s_thermal,s_ISC,s_imbalance
2025-11-26,1,ESS-01 Steady Performer,98.732,0.9256,0.34,0.6045,24.83,0.945,247,-0.769,-0.673,0.501,-0.113,-0.099,0.1,2.6191251486896705e-06,2.2543027291546943e-06,3.042987993924992e-06,440.11,404.9,484.13,NORMAL,s_ISC,s_thermal,s_overcharge
2025-11-27,1,ESS-01 Steady Performer,98.677,0.8278,0.2123,0.5668,20.08,1.252,256,-0.115,-1.141,-0.107,-0.057,-0.022,0.0,2.5088087757435583e-06,2.1593524792086137e-06,2.914818760667119e-06,400.0,368.0,440.0,NORMAL,s_thermal,s_ISC,s_overcharge
2025-11-28,1,ESS-01 Steady Performer,98.647,0.9015,0.1706,0.5542,23.9,0.848,249,-1.081,-0.956,0.313,-0.201,-0.159,0.063,2.577172963713253e-06,2.2181941227815237e-06,2.9942465498507076e-06,425.06,391.06,467.57,NORMAL,s_ISC,s_thermal,s_overcharge
2025-11-29,1,ESS-01 Steady Performer,98.66,0.7876,0.1831,0.5181,19.82,1.329,253,0.017,-0.981,-0.444,0.463,0.067,0.109,2.629395261951154e-06,2.2631423040200502e-06,3.0549201530538187e-06,443.76,408.26,488.14,NORMAL,s_thermal,s_imbalance,s_overcharge
2025-11-30,1,ESS-01 Steady Performer,98.768,0.8731,0.2689,0.5439,23.73,1.158,252,-0.525,-0.46,0.405,-0.286,0.073,0.096,2.6138740760215503e-06,2.24978308573002e-06,3.0368871230548133e-06,438.24,403.18,482.07,NORMAL,s_ISC,s_thermal,s_overcharge
2025-12-01,1,ESS-01 Steady Performer,98.702,0.8636,0.3298,0.5389,22.54,1.195,253,-0.252,-0.874,0.238,0.269,0.035,0.109,2.6285311098591476e-06,2.262398520876879e-06,3.0539161524167176e-06,443.46,407.98,487.8,NORMAL,s_thermal,s_imbalance,s_ISC
2025-12-02,1,ESS-01 Steady Performer,98.734,0.9808,0.2709,0.6164,19.46,1.02,249,-0.456,-1.633,1.323,-0.391,0.142,0.293,2.8447802112077646e-06,2.4485259892038195e-06,3.305161540777286e-06,517.16,475.78,568.87,NORMAL,s_thermal,s_overcharge,s_ISC
2025-12-03,1,ESS-01 Steady Performer,98.734,0.8777,0.1906,0.5558,17.79,1.18,261,-0.813,-1.373,0.269,-0.01,0.033,0.06,2.574538060356697e-06,2.215926238818011e-06,2.9911852314570744e-06,424.11,390.18,466.52,NORMAL,s_thermal,s_ISC,s_overcharge
2025-12-04,1,ESS-01 Steady Performer,98.695,0.788,0.3042,0.5539,21.87,1.395,256,-0.657,-0.721,-0.426,0.167,-0.025,0.033,2.5449372331460897e-06,2.190448552560874e-06,2.956794005284065e-06,413.33,380.26,454.66,NORMAL,s_thermal,s_ISC,s_overcharge
2025-12-05,1,ESS-01 Steady Performer,98.71,0.8573,0.1866,0.5609,20.84,1.27,264,-0.265,-0.874,0.111,-0.179,0.002,0.023,2.5332897543732195e-06,2.180423467584515e-06,2.943261576725665e-06,409.05,376.33,449.96,NORMAL,s_thermal,s_ISC,s_imbalance
2025-12-06,1,ESS-01 Steady Performer,98.719,0.9006,0.1975,0.5276,19.23,0.935,260,-0.809,-1.453,-0.066,-0.338,0.166,0.033,2.544877664462078e-06,2.1903972812830496e-06,2.9567247964041937e-06,413.31,380.24,454.64,NORMAL,s_thermal,s_ISC,s_imbalance
2025-12-07,1,ESS-01 Steady Performer,98.664,0.84,0.23,0.5727,23.13,1.442,268,0.548,-0.861,-0.125,0.329,0.215,0.218,2.755353039352238e-06,2.3715552490373195e-06,3.2012620844485927e-06,487.38,448.39,536.12,NORMAL,s_thermal,s_ISC,s_imbalance
2025-12-08,1,ESS-01 Steady Performer,98.744,0.7732,0.2331,0.5143,21.82,1.397,267,-0.251,-0.868,0.009,0.067,-0.189,0.015,2.5251902096428556e-06,2.1734521199176273e-06,2.933851256011041e-06,406.07,373.58,446.67,NORMAL,s_thermal,s_ISC,s_thermal_mag
2025-12-09,1,ESS-01 Steady Performer,98.707,0.7617,0.2724,0.5336,21.6,1.583,266,0.016,-1.411,0.162,0.602,0.134,0.183,2.7135196879999053e-06,2.335548922419228e-06,3.1526587073758405e-06,473.12,435.27,520.43,NORMAL,s_thermal,s_imbalance,s_overcharge
2025-12-10,1,ESS-01 Steady Performer,98.681,0.8638,0.2094,0.5475,19.71,1.704,269,-0.095,-1.645,-0.219,0.694,-0.145,0.139,2.662677284191446e-06,2.2917884271501254e-06,3.0935883130429244e-06,455.49,419.05,501.04,NORMAL,s_thermal,s_imbalance,s_overcharge
2025-12-11,1,ESS-01 Steady Performer,98.638,0.8584,0.3046,0.5411,19.54,1.164,270,-0.576,-1.102,-0.133,-0.314,-0.109,0.0,2.5088087757435583e-06,2.1593524792086137e-06,2.914818760667119e-06,400.0,368.0,440.0,NORMAL,s_thermal,s_ISC,s_imbalance
2025-12-12,1,ESS-01 Steady Performer,98.612,0.8512,0.2297,0.528,20.5,1.048,266,-0.664,-1.13,0.393,-0.331,0.138,0.106,2.6258134067064768e-06,2.260059370383823e-06,3.0507586345173162e-06,442.49,407.09,486.74,NORMAL,s_thermal,s_ISC,s_overcharge
2025-12-13,1,ESS-01 Steady Performer,98.631,0.7077,0.1672,0.5076,22.15,1.3,277,-0.449,-0.722,-0.237,0.296,0.241,0.107,2.626955037411364e-06,2.2610419817565975e-06,3.052085019035274e-06,442.9,407.46,487.19,NORMAL,s_thermal,s_ISC,s_imbalance
2025-12-14,1,ESS-01 Steady Performer,98.675,0.8851,0.1497,0.4948,19.64,1.243,276,-0.15,-1.139,0.17,0.008,0.119,0.059,2.573549344828275e-06,2.215075242866044e-06,2.9900365088568793e-06,423.75,389.85,466.13,NORMAL,s_thermal,s_overcharge,s_ISC
2025-12-15,1,ESS-01 Steady Performer,98.769,0.8603,0.246,0.4989,21.41,1.169,274,-0.309,-1.237,0.216,-0.135,0.23,0.089,2.6067473451231477e-06,2.2436490471393138e-06,3.02860705005397e-06,435.7,400.84,479.27,NORMAL,s_thermal,s_ISC,s_thermal_mag
2025-12-16,1,ESS-01 Steady Performer,98.61,0.6999,0.2303,0.4949,19.01,1.148,279,0.078,-1.564,0.152,0.042,-0.003,0.054,2.568090063661797e-06,2.210376392655244e-06,2.9836937343347655e-06,421.77,388.03,463.95,NORMAL,s_thermal,s_overcharge,s_ISC
2025-12-17,1,ESS-01 Steady Performer,98.624,0.7959,0.1993,0.4932,19.23,1.114,269,-0.372,-1.179,0.022,0.014,-0.083,0.007,2.516555192433684e-06,2.1660198865096555e-06,2.9238188055166268e-06,402.87,370.64,443.16,NORMAL,s_thermal,s_ISC,s_thermal_mag
2025-12-18,1,ESS-01 Steady Performer,98.762,0.8372,0.1886,0.5092,18.52,1.185,279,-0.081,-1.357,-0.709,0.126,-0.32,0.025,2.536191484782418e-06,2.1829210118567586e-06,2.946632903712348e-06,410.12,377.31,451.13,NORMAL,s_thermal,s_overcharge,s_thermal_mag
2025-12-19,1,ESS-01 Steady Performer,98.777,0.8653,0.3082,0.5583,19.69,1.265,276,-0.289,-1.27,0.077,-0.587,-0.015,0.015,2.525488945475538e-06,2.173709244412553e-06,2.934198337247286e-06,406.18,373.68,446.79,NORMAL,s_thermal,s_imbalance,s_ISC
2025-12-20,1,ESS-01 Steady Performer,98.6,0.9984,0.4052,0.6589,20.75,1.452,275,0.097,-0.943,1.399,0.469,0.159,0.425,3.0102402349775904e-06,2.590938867587876e-06,3.497398480042934e-06,569.86,524.27,626.84,NORMAL,s_overcharge,s_thermal,s_imbalance
2025-12-21,1,ESS-01 Steady Performer,98.679,0.846,0.2814,0.505,18.18,1.554,282,0.149,-1.266,-0.332,0.501,0.154,0.161,2.687923143826042e-06,2.313517756104108e-06,3.122919791855073e-06,464.28,427.14,510.71,NORMAL,s_thermal,s_imbalance,s_overcharge
2025-12-22,1,ESS-01 Steady Performer,98.749,0.8384,0.2954,0.585,19.53,1.335,287,-0.673,-1.178,-0.03,-0.025,0.17,0.034,2.545648816201899e-06,2.1910610182071837e-06,2.9576207461637543e-06,413.59,380.5,454.95,NORMAL,s_thermal,s_ISC,s_thermal_mag
2025-12-23,1,ESS-01 Steady Performer,98.647,0.722,0.3082,0.5519,19.4,1.26,290,-0.911,-1.106,0.093,-0.324,0.04,0.027,2.5375122267864565e-06,2.1840577858378224e-06,2.948167385738488e-06,410.6,377.76,451.67,NORMAL,s_thermal,s_ISC,s_imbalance
2025-12-24,1,ESS-01 Steady Performer,98.655,0.7429,0.2443,0.5078,21.52,1.099,279,-0.241,-0.45,-0.433,-0.42,-0.165,0.0,2.5088087757435583e-06,2.1593524792086137e-06,2.914818760667119e-06,400.0,368.0,440.0,NORMAL,s_thermal,s_overcharge,s_imbalance
2025-12-25,1,ESS-01 Steady Performer,98.619,0.8454,0.4113,0.5973,20.39,1.535,288,-0.37,-1.557,0.075,0.67,0.068,0.163,2.690156329728134e-06,2.3154398784627857e-06,3.1255143814482807e-06,465.06,427.85,511.56,NORMAL,s_thermal,s_imbalance,s_ISC
2025-12-26,1,ESS-01 Steady Performer,98.672,0.8667,0.1858,0.5546,19.72,1.331,277,-1.088,-1.348,-0.372,-0.319,-0.266,0.0,2.5088087757435583e-06,2.1593524792086137e-06,2.914818760667119e-06,400.0,368.0,440.0,NORMAL,s_thermal,s_ISC,s_overcharge
2025-12-27,1,ESS-01 Steady Performer,98.681,0.8526,0.3361,0.5483,20.35,1.648,289,0.391,-0.8,0.318,0.516,-0.186,0.245,2.786895649300465e-06,2.3987042459758015e-06,3.2379093359215994e-06,497.99,458.15,547.79,NORMAL,s_thermal,s_imbalance,s_ISC
2025-12-28,1,ESS-01 Steady Performer,98.672,0.988,0.3129,0.6062,20.05,1.66,290,0.28,-1.003,1.214,0.399,0.384,0.455,3.050325144996139e-06,2.6254402985008236e-06,3.543970455441035e-06,582.19,535.61,640.41,NORMAL,s_overcharge,s_thermal,s_imbalance
2025-12-29,1,ESS-01 Steady Performer,98.637,0.7926,0.2141,0.5059,19.86,1.264,292,0.208,-1.353,-0.111,0.37,-0.157,0.116,2.636308149342074e-06,2.2690922857016786e-06,3.0629517754963963e-06,446.21,410.51,490.83,NORMAL,s_thermal,s_imbalance,s_ISC
2025-12-30,1,ESS-01 Steady Performer,98.604,0.8154,0.2677,0.5212,16.78,1.193,285,-0.893,-1.987,0.035,0.012,0.024,0.014,2.5243929593550664e-06,2.17276591975307e-06,2.9329249840836076e-06,405.77,373.31,446.35,NORMAL,s_thermal,s_ISC,s_overcharge
2025-12-31,1,ESS-01 Steady Performer,98.697,0.8905,0.3675,0.5682,20.32,0.766,295,-0.521,-1.081,0.16,-0.757,0.007,0.033,2.544966429176017e-06,2.1904736818345284e-06,2.9568279262034447e-06,413.34,380.27,454.67,NORMAL,s_thermal,s_imbalance,s_ISC
2026-01-01,1,ESS-01 Steady Performer,98.699,0.7901,0.3038,0.5863,21.21,1.496,307,-0.312,-1.415,0.065,0.685,-0.158,0.15,2.6755065947598415e-06,2.3028307252990587e-06,3.108493832494987e-06,459.97,423.17,505.96,NORMAL,s_thermal,s_imbalance,s_ISC
2026-01-02,1,ESS-01 Steady Performer,98.665,0.8819,0.3256,0.56,22.82,1.218,293,-0.842,-0.695,-0.036,0.048,0.072,0.024,2.5349612041453167e-06,2.1818620987511786e-06,2.9452035227130718e-06,409.67,376.89,450.63,NORMAL,s_ISC,s_thermal,s_thermal_mag
2026-01-03,1,ESS-01 Steady Performer,98.73,0.8225,0.2146,0.5478,20.62,1.267,296,-0.086,-0.836,0.12,-0.21,-0.17,0.024,2.5348240390481372e-06,2.1817440395745784e-06,2.945044159737013e-06,409.62,376.85,450.58,NORMAL,s_thermal,s_imbalance,s_thermal_mag
2026-01-04,1,ESS-01 Steady Performer,98.678,0.8881,0.3417,0.5739,21.43,1.324,298,0.073,-0.846,0.053,-0.114,-0.275,0.025,2.5360887293404393e-06,2.1828325693657395e-06,2.9465135190192294e-06,410.08,377.28,451.09,NORMAL,s_thermal,s_thermal_mag,s_imbalance
2026-01-05,1,ESS-01 Steady Performer,98.657,0.7898,0.1453,0.5253,18.87,1.026,292,-0.678,-1.274,-0.116,-0.078,-0.013,0.0,2.5088087757435583e-06,2.1593524792086137e-06,2.914818760667119e-06,400.0,368.0,440.0,NORMAL,s_thermal,s_ISC,s_overcharge
2026-01-06,1,ESS-01 Steady Performer,98.634,0.7888,0.2364,0.5359,20.7,1.49,303,0.009,-1.109,-0.104,0.138,-0.175,0.029,2.5406707076363104e-06,2.1867763174216313e-06,2.95183701392906e-06,411.76,378.82,452.94,NORMAL,s_thermal,s_thermal_mag,s_imbalance
2026-01-07,1,ESS-01 Steady Performer,98.606,0.8539,0.318,0.5871,17.09,1.283,296,-0.104,-1.121,-0.337,0.159,-0.129,0.032,2.543241477221326e-06,2.1889890008759134e-06,2.954823819605698e-06,412.71,379.69,453.98,NORMAL,s_thermal,s_overcharge,s_imbalance
2026-01-08,1,ESS-01 Steady Performer,98.689,0.8898,0.3672,0.6172,18.61,1.196,300,-0.042,-1.316,0.262,-0.04,-0.094,0.052,2.5657731946023514e-06,2.2083822435494186e-06,2.981001918762038e-06,420.93,387.25,463.02,NORMAL,s_thermal,s_overcharge,s_thermal_mag
2026-01-09,1,ESS-01 Steady Performer,98.686,0.9296,0.2853,0.6378,19.35,1.457,309,-0.501,-1.254,0.504,0.604,0.117,0.245,2.786891538421832e-06,2.398700707707024e-06,3.237904559766343e-06,497.99,458.15,547.79,NORMAL,s_thermal,s_imbalance,s_overcharge
2026-01-10,1,ESS-01 Steady Performer,98.642,0.8984,0.1934,0.5006,20.11,0.957,305,-0.392,-1.787,0.421,-0.042,-0.225,0.084,2.601125698995081e-06,2.238810447966255e-06,3.0220756345866387e-06,433.69,398.99,477.05,NORMAL,s_thermal,s_overcharge,s_ISC
2026-01-11,1,ESS-01 Steady Performer,98.643,0.8042,0.2043,0.536,17.29,1.193,305,-0.373,-1.928,-0.242,0.012,0.182,0.039,2.5509158766460862e-06,2.1955944223621202e-06,2.9637401922990185e-06,415.52,382.27,457.07,NORMAL,s_thermal,s_ISC,s_overcharge
2026-01-12,1,ESS-01 Steady Performer,98.71,0.8547,0.177,0.5489,18.73,0.968,305,-1.02,-1.602,-0.046,-0.249,0.19,0.038,2.550095957233547e-06,2.1948887106822925e-06,2.9627875826356494e-06,415.22,382.0,456.74,NORMAL,s_thermal,s_ISC,s_imbalance
2026-01-13,1,ESS-01 Steady Performer,98.658,0.8611,0.1444,0.5291,21.1,0.918,311,-0.51,-1.262,-0.101,-0.655,0.015,0.003,2.5119329442117274e-06,2.162041477809411e-06,2.9184485236242047e-06,401.16,369.07,441.28,NORMAL,s_thermal,s_imbalance,s_ISC
2026-01-14,1,ESS-01 Steady Performer,98.672,0.8484,0.2614,0.5277,17.35,1.522,311,-0.05,-1.392,-0.06,0.254,-0.099,0.051,2.5641741287939703e-06,2.207005913869845e-06,2.979144070891873e-06,420.35,386.72,462.38,NORMAL,s_thermal,s_imbalance,s_thermal_mag
2026-01-15,1,ESS-01 Steady Performer,98.655,0.9021,0.2734,0.5938,18.53,1.117,316,-0.053,-1.021,0.576,-0.243,-0.022,0.115,2.6358398805804205e-06,2.2686892427474313e-06,3.0624077252784986e-06,446.04,410.36,490.65,NORMAL,s_thermal,s_overcharge,s_imbalance
2026-01-16,1,ESS-01 Steady Performer,98.622,0.9325,0.1429,0.5663,19.02,1.401,313,0.003,-1.595,0.887,0.311,-0.034,0.24,2.781131769189187e-06,2.393743224541189e-06,3.231212668671687e-06,496.06,456.38,545.67,NORMAL,s_thermal,s_overcharge,s_imbalance
2026-01-17,1,ESS-01 Steady Performer,98.641,0.8351,0.2597,0.5318,16.46,1.284,310,-0.324,-1.77,-0.476,0.192,0.174,0.073,2.588891994899327e-06,2.2282807936576343e-06,3.007862110191049e-06,429.29,394.95,472.22,NORMAL,s_thermal,s_overcharge,s_ISC
2026-01-18,1,ESS-01 Steady Performer,98.604,0.8199,0.2641,0.5555,18.01,1.572,311,0.166,-1.683,-0.232,0.481,-0.247,0.129,2.652069357113438e-06,2.282658092941547e-06,3.0812636707198562e-06,451.77,415.63,496.94,NORMAL,s_thermal,s_imbalance,s_thermal_mag
2026-01-19,1,ESS-01 Steady Performer,98.594,0.8466,0.2138,0.5819,16.16,1.371,312,-0.213,-2.433,-0.286,0.051,0.107,0.032,2.5430326088645942e-06,2.188809226087885e-06,2.9545811493963743e-06,412.63,379.62,453.89,NORMAL,s_thermal,s_overcharge,s_ISC
2026-01-20,1,ESS-01 Steady Performer,98.679,0.7724,0.3143,0.5745,20.02,1.193,317,-0.286,-1.363,-0.105,-0.18,0.016,0.003,2.51217137925646e-06,2.1622467008978903e-06,2.9187255453986026e-06,401.25,369.15,441.37,NORMAL,s_thermal,s_ISC,s_imbalance
2026-01-21,1,ESS-01 Steady Performer,98.627,0.9504,0.2035,0.5586,19.97,1.373,317,-0.863,-1.021,0.644,0.019,-0.047,0.133,2.655883214278896e-06,2.2859407126518248e-06,3.0856947367652353e-06,453.11,416.86,498.42,NORMAL,s_thermal,s_ISC,s_overcharge
2026-01-22,1,ESS-01 Steady Performer,98.616,0.8845,0.2455,0.5139,21.8,1.21,315,0.201,-1.347,0.277,-0.052,-0.041,0.096,2.613754539465552e-06,2.24968019958788e-06,3.0367482415082914e-06,438.2,403.14,482.02,NORMAL,s_thermal,s_overcharge,s_ISC
2026-01-23,1,ESS-01 Steady Performer,98.562,0.92,0.2302,0.5224,20.47,1.239,321,-0.155,-1.031,0.543,0.064,0.165,0.154,2.680512948791702e-06,2.3071397373618304e-06,3.1143103809987123e-06,461.71,424.77,507.88,NORMAL,s_thermal,s_overcharge,s_thermal_mag
2026-01-24,1,ESS-01 Steady Performer,98.648,0.7493,0.1244,0.4794,15.66,1.53,326,-0.289,-1.871,0.278,0.383,-0.012,0.132,2.655060175285783e-06,2.285232315901492e-06,3.0847385027018125e-06,452.82,416.59,498.1,NORMAL,s_thermal,s_imbalance,s_ISC
2026-01-25,1,ESS-01 Steady Performer,98.647,0.9281,0.3566,0.6025,16.73,1.543,322,-0.284,-1.517,1.171,0.476,0.157,0.361,2.9290423874951496e-06,2.521051174773488e-06,3.403060131078096e-06,544.37,500.82,598.8,NORMAL,s_thermal,s_overcharge,s_imbalance
2026-01-26,1,ESS-01 Steady Performer,98.617,0.8169,0.1393,0.4887,17.83,1.766,315,0.29,-1.388,-0.052,0.595,0.031,0.183,2.713864463668754e-06,2.3358456738118245e-06,3.153059279202131e-06,473.24,435.38,520.56,NORMAL,s_thermal,s_imbalance,s_ISC
2026-01-27,1,ESS-01 Steady Performer,98.581,0.922,0.3797,0.6128,17.72,1.549,328,-0.377,-1.133,1.145,0.655,-0.198,0.36,2.9279226408514357e-06,2.520087399119393e-06,3.4017591723173734e-06,544.01,500.49,598.41,NORMAL,s_overcharge,s_thermal,s_imbalance
2026-01-28,1,ESS-01 Steady Performer,98.586,0.7227,0.2519,0.462,19.69,1.185,320,-0.592,-1.012,-0.016,0.285,-0.093,0.057,2.5710163773417863e-06,2.212895095984112e-06,2.987093622945509e-06,422.83,389.01,465.12,NORMAL,s_thermal,s_ISC,s_imbalance
2026-01-29,1,ESS-01 Steady Performer,98.632,0.814,0.2083,0.5225,17.68,1.497,325,-0.128,-1.756,0.127,0.722,0.298,0.229,2.768310395494114e-06,2.3827077574027758e-06,3.2163163710521508e-06,491.75,452.41,540.93,NORMAL,s_thermal,s_imbalance,s_thermal_mag
2026-01-30,1,ESS-01 Steady Performer,98.666,0.805,0.1989,0.5499,18.0,1.134,332,-0.37,-1.827,-0.156,0.095,0.179,0.055,2.568545192191548e-06,2.210768125691381e-06,2.9842225178059036e-06,421.94,388.18,464.13,NORMAL,s_thermal,s_ISC,s_thermal_mag
2026-01-31,1,ESS-01 Steady Performer,98.635,0.8957,0.2571,0.5772,18.35,1.413,327,-0.087,-1.447,0.425,0.28,0.007,0.142,2.6669535270529782e-06,2.2954690262225617e-06,3.0985565941444485e-06,456.98,420.42,502.68,NORMAL,s_thermal,s_overcharge,s_imbalance
2026-02-01,1,ESS-01 Steady Performer,98.534,0.9849,0.3708,0.646,20.76,1.589,333,0.214,-0.724,1.294,0.23,-0.216,0.348,2.9123701123723183e-06,2.506701202914088e-06,3.3836897292478353e-06,539.04,495.92,592.95,NORMAL,s_overcharge,s_thermal,s_imbalance
2026-02-02,1,ESS-01 Steady Performer,98.692,0.8747,0.2436,0.5447,18.79,1.224,335,-1.026,-1.454,-0.13,0.043,0.023,0.013,2.522916212676927e-06,2.1714948712144256e-06,2.9312092506265688e-06,405.23,372.81,445.75,NORMAL,s_thermal,s_ISC,s_overcharge
2026-02-03,1,ESS-01 Steady Performer,98.613,0.7731,0.2071,0.5582,17.77,1.467,335,-0.621,-1.194,-0.134,0.663,0.107,0.154,2.680271192281842e-06,2.3069316554500634e-06,3.1140295002508344e-06,461.63,424.7,507.79,NORMAL,s_thermal,s_imbalance,s_ISC
2026-02-04,1,ESS-01 Steady Performer,98.676,0.8511,0.2611,0.5725,19.36,1.317,325,-0.265,-1.263,-0.014,0.291,0.303,0.119,2.6399298238070617e-06,2.2722094920926613e-06,3.067159557312909e-06,447.49,411.69,492.24,NORMAL,s_thermal,s_thermal_mag,s_imbalance
2026-02-05,1,ESS-01 Steady Performer,98.542,0.9585,0.3221,0.6215,16.01,1.402,339,-0.195,-1.86,0.848,0.097,0.098,0.209,2.7437222251409007e-06,2.3615445068053035e-06,3.187749018252854e-06,483.44,444.76,531.78,NORMAL,s_thermal,s_overcharge,s_ISC
2026-02-06,1,ESS-01 Steady Performer,98.643,0.8506,0.3562,0.5888,21.74,1.407,342,-0.577,-0.435,0.014,0.507,0.045,0.113,2.633778390293772e-06,2.266914900311995e-06,3.0600126173149784e-06,445.31,409.69,489.85,NORMAL,s_ISC,s_imbalance,s_thermal
2026-02-07,1,ESS-01 Steady Performer,98.534,0.8702,0.3167,0.5701,16.76,0.782,338,-0.906,-1.471,-0.088,-0.597,-0.055,0.0,2.5088087757435583e-06,2.1593524792086137e-06,2.914818760667119e-06,400.0,368.0,440.0,NORMAL,s_thermal,s_ISC,s_imbalance
2026-02-08,1,ESS-01 Steady Performer,98.575,0.859,0.2484,0.5727,16.98,1.328,347,-0.331,-1.79,-0.007,0.321,0.002,0.065,2.5794887165201076e-06,2.2201873111254826e-06,2.9969370685141014e-06,425.9,391.83,468.49,NORMAL,s_thermal,s_ISC,s_imbalance
2026-02-09,1,ESS-01 Steady Performer,98.631,0.9139,0.2874,0.5757,15.94,1.367,337,-0.001,-1.435,0.446,0.359,0.057,0.172,2.701317275799816e-06,2.3250462009853755e-06,3.1384815394614315e-06,468.92,431.4,515.81,NORMAL,s_thermal,s_overcharge,s_imbalance
2026-02-10,1,ESS-01 Steady Performer,98.597,0.8835,0.2723,0.6061,16.71,1.602,338,-0.213,-1.392,0.286,0.472,-0.127,0.152,2.6774247219319533e-06,2.304481673886874e-06,3.1107223763948935e-06,460.64,423.79,506.7,NORMAL,s_thermal,s_imbalance,s_overcharge
2026-02-11,1,ESS-01 Steady Performer,98.619,0.8175,0.215,0.5077,17.9,1.43,346,-0.699,-1.772,0.024,0.257,0.127,0.082,2.5982174888388835e-06,2.236307326474867e-06,3.0186967792851946e-06,432.64,398.03,475.91,NORMAL,s_thermal,s_ISC,s_imbalance
2026-02-12,1,ESS-01 Steady Performer,98.69,0.9612,0.3171,0.6119,19.79,1.275,345,-0.389,-1.39,0.847,0.181,-0.227,0.206,2.7401422174706153e-06,2.3584631632941155e-06,3.1835896464436333e-06,482.22,443.64,530.44,NORMAL,s_thermal,s_overcharge,s_ISC
2026-02-13,1,ESS-01 Steady Performer,98.509,0.9107,0.3314,0.5901,17.86,1.49,343,-0.253,-1.793,0.844,0.173,0.235,0.25,2.793379097451082e-06,2.4042846058513193e-06,3.245442021191323e-06,500.16,460.15,550.17,NORMAL,s_thermal,s_overcharge,s_ISC
2026-02-14,1,ESS-01 Steady Performer,98.543,0.8751,0.2434,0.5143,18.66,1.213,351,-0.632,-1.341,-0.011,0.324,0.06,0.077,2.592854963396824e-06,2.2316917547157006e-06,3.0124664188331936e-06,430.72,396.26,473.79,NORMAL,s_thermal,s_ISC,s_imbalance
2026-02-15,1,ESS-01 Steady Performer,98.669,0.8089,0.1763,0.544,18.43,1.635,350,-0.166,-1.557,-0.208,0.538,0.104,0.128,2.65098548544081e-06,2.2817251952583884e-06,3.080004392576606e-06,451.39,415.27,496.52,NORMAL,s_thermal,s_imbalance,s_overcharge
2026-02-16,1,ESS-01 Steady Performer,98.607,0.9006,0.2281,0.5784,18.21,1.2,349,-0.259,-1.666,0.124,0.043,-0.017,0.033,2.5451150206532605e-06,2.1906015757948986e-06,2.9570005647276726e-06,413.39,380.32,454.73,NORMAL,s_thermal,s_ISC,s_overcharge
2026-02-17,1,ESS-01 Steady Performer,98.657,0.9057,0.2571,0.5242,15.84,1.267,350,-0.357,-1.989,0.077,0.024,-0.033,0.02,2.5305192063664757e-06,2.1780388331340445e-06,2.940042661818201e-06,408.03,375.39,448.84,NORMAL,s_thermal,s_ISC,s_overcharge
2026-02-18,1,ESS-01 Steady Performer,98.626,0.8046,0.2966,0.5578,17.22,1.592,349,-0.16,-1.598,0.034,0.543,-0.193,0.115,2.6361012289463826e-06,2.268914187535826e-06,3.062711368500292e-06,446.14,410.45,490.75,NORMAL,s_thermal,s_imbalance,s_thermal_mag
2026-02-19,1,ESS-01 Steady Performer,98.645,0.752,0.1392,0.5235,20.06,1.706,350,0.03,-1.255,-0.37,0.66,0.083,0.154,2.680716209008597e-06,2.307314685182448e-06,3.1145465354739894e-06,461.78,424.84,507.96,NORMAL,s_thermal,s_imbalance,s_overcharge
2026-02-20,1,ESS-01 Steady Performer,98.574,0.839,0.3104,0.5596,16.77,1.311,361,-0.224,-1.053,0.028,0.371,0.097,0.099,2.6179627064643886e-06,2.2533022051293935e-06,3.0416374298871234e-06,439.7,404.52,483.67,NORMAL,s_thermal,s_imbalance,s_ISC
2026-02-21,1,ESS-01 Steady Performer,98.556,0.838,0.2057,0.5874,18.75,1.605,361,0.139,-1.424,-0.147,0.612,0.15,0.18,2.7106876073134117e-06,2.3331113261407607e-06,3.149368301944495e-06,472.15,434.37,519.36,NORMAL,s_thermal,s_imbalance,s_thermal_mag
2026-02-22,1,ESS-01 Steady Performer,98.593,0.9333,0.3355,0.5754,19.94,1.574,365,-0.279,-0.838,0.729,0.16,0.019,0.181,2.711914079054991e-06,2.3341669609489454e-06,3.1507932575611123e-06,472.57,434.76,519.82,NORMAL,s_thermal,s_overcharge,s_ISC
2026-02-23,1,ESS-01 Steady Performer,98.607,0.7988,0.088,0.4973,20.76,1.356,357,0.054,-1.152,-0.371,-0.191,0.099,0.031,2.5419292566662524e-06,2.187859561377324e-06,2.9532992380854637e-06,412.23,379.25,453.45,NORMAL,s_thermal,s_overcharge,s_imbalance
2026-02-24,1,ESS-01 Steady Performer,98.629,0.7325,0.249,0.5327,18.21,1.533,354,-0.685,-1.61,0.034,0.624,-0.052,0.132,2.6546790383546228e-06,2.2849042680621063e-06,3.0842956851445345e-06,452.68,416.47,497.95,NORMAL,s_thermal,s_ISC,s_imbalance
2026-02-25,1,ESS-01 Steady Performer,98.56,0.8372,0.155,0.4777,17.19,1.232,358,-0.234,-1.697,0.149,0.169,0.055,0.075,2.5904472151961708e-06,2.22961938513794e-06,3.009669016872369e-06,429.85,395.46,472.84,NORMAL,s_thermal,s_ISC,s_imbalance
2026-02-26,1,ESS-01 Steady Performer,98.651,0.8086,0.2412,0.5017,19.53,1.327,355,-0.82,-1.186,-0.137,0.124,0.026,0.03,2.54139982099902e-06,2.187403871552874e-06,2.95268412210398e-06,412.03,379.07,453.23,NORMAL,s_thermal,s_ISC,s_overcharge
2026-02-27,1,ESS-01 Steady Performer,98.583,0.8672,0.1625,0.5297,16.65,1.153,360,-0.25,-1.859,0.081,0.129,0.265,0.095,2.6132035681346474e-06,2.2492059738233177e-06,3.0361081046907776e-06,438.0,402.96,481.8,NORMAL,s_thermal,s_thermal_mag,s_ISC
2026-02-28,1,ESS-01 Steady Performer,98.626,0.7559,0.1057,0.5302,17.51,1.439,361,0.435,-1.88,-0.239,-0.156,0.174,0.122,2.6433025014436473e-06,2.2751123847726546e-06,3.0710780463304385e-06,448.68,412.79,493.55,NORMAL,s_thermal,s_ISC,s_overcharge
2026-03-01,1,ESS-01 Steady Performer,98.553,0.7698,0.2507,0.478,21.35,1.367,367,-0.351,-1.137,-0.224,0.52,-0.105,0.104,2.623406129447164e-06,2.2579874061303e-06,3.047961779741644e-06,441.64,406.31,485.8,NORMAL,s_thermal,s_imbalance,s_ISC
2026-03-02,1,ESS-01 Steady Performer,98.48,0.7741,0.2133,0.5049,17.59,1.455,367,-0.248,-1.385,-0.306,0.114,0.139,0.051,2.563885944469592e-06,2.206757871145996e-06,2.9788092487534602e-06,420.24,386.62,462.27,NORMAL,s_thermal,s_overcharge,s_ISC
2026-03-03,1,ESS-01 Steady Performer,98.582,0.7119,0.1618,0.4346,20.67,1.553,368,0.269,-0.917,0.107,0.214,-0.014,0.118,2.6391309648198258e-06,2.271521907284706e-06,3.0662314163793687e-06,447.21,411.43,491.93,NORMAL,s_thermal,s_ISC,s_imbalance
2026-03-04,1,ESS-01 Steady Performer,98.503,0.8582,0.2411,0.592,21.21,1.203,366,-0.392,-1.149,0.183,0.121,-0.152,0.061,2.5751206527789866e-06,2.2164276811225682e-06,2.9918621067187427e-06,424.32,390.37,466.75,NORMAL,s_thermal,s_ISC,s_overcharge
2026-03-05,1,ESS-01 Steady Performer,98.615,0.8084,0.2657,0.5378,19.17,1.443,365,-0.131,-1.662,0.023,0.239,-0.019,0.053,2.565995061021244e-06,2.2085732058823627e-06,2.981259690550741e-06,421.01,387.33,463.11,NORMAL,s_thermal,s_imbalance,s_ISC
2026-03-06,1,ESS-01 Steady Performer,98.608,0.8621,0.2031,0.5406,18.97,1.599,361,-0.139,-1.366,-0.041,0.581,0.164,0.149,2.6743598173368553e-06,2.3018436840883733e-06,3.107161468369724e-06,459.57,422.8,505.53,NORMAL,s_thermal,s_imbalance,s_thermal_mag
2026-03-07,1,ESS-01 Steady Performer,98.576,0.8843,0.3135,0.5663,19.72,1.715,377,-0.066,-1.229,0.408,0.664,-0.417,0.215,2.7507247625690452e-06,2.3675716512376916e-06,3.1958847987886045e-06,485.81,446.95,534.4,NORMAL,s_thermal,s_imbalance,s_thermal_mag
2026-03-08,1,ESS-01 Steady Performer,98.66,0.8793,0.281,0.5663,17.46,1.426,371,-0.417,-1.538,0.249,0.497,0.04,0.157,2.6836356961030563e-06,2.3098275128893322e-06,3.117938492606855e-06,462.8,425.77,509.08,NORMAL,s_thermal,s_imbalance,s_ISC
2026-03-09,1,ESS-01 Steady Performer,98.564,0.9252,0.3211,0.5726,18.41,1.445,372,0.495,-1.202,0.877,0.112,0.056,0.308,2.863174199633269e-06,2.4643578543474e-06,3.3265322866493145e-06,523.16,481.31,575.48,NORMAL,s_thermal,s_overcharge,s_ISC
2026-03-10,1,ESS-01 Steady Performer,98.64,0.796,0.1053,0.5003,23.32,1.478,373,0.161,-0.928,0.014,0.26,0.175,0.122,2.6433708873766933e-06,2.2751712451340464e-06,3.0711574993811945e-06,448.7,412.81,493.57,NORMAL,s_thermal,s_imbalance,s_thermal_mag
2026-03-11,1,ESS-01 Steady Performer,98.537,0.8076,0.2665,0.5569,18.73,1.185,385,-0.457,-1.405,0.072,-0.204,-0.158,0.014,2.52427673150983e-06,2.1726658814492415e-06,2.9327899467033857e-06,405.73,373.27,446.3,NORMAL,s_thermal,s_ISC,s_imbalance
2026-03-12,1,ESS-01 Steady Performer,98.536,0.8461,0.4246,0.5936,19.32,1.514,380,-0.253,-1.333,-0.233,0.382,-0.029,0.076,2.5923542786028044e-06,2.231260811008561e-06,3.01188470658283e-06,430.54,396.09,473.59,NORMAL,s_thermal,s_imbalance,s_ISC
2026-03-13,1,ESS-01 Steady Performer,98.639,0.863,0.2539,0.5597,17.93,1.257,378,0.05,-1.377,-0.105,-0.076,-0.04,0.01,2.5195063401876414e-06,2.1685599647029174e-06,2.927247547238075e-06,403.97,371.65,444.36,NORMAL,s_thermal,s_overcharge,s_imbalance
2026-03-14,1,ESS-01 Steady Performer,98.617,0.8735,0.2626,0.5914,19.8,1.288,379,0.184,-1.426,0.144,0.112,0.139,0.116,2.6366534036454634e-06,2.269389449052762e-06,3.063352903426223e-06,446.33,410.63,490.97,NORMAL,s_thermal,s_ISC,s_overcharge
2026-03-15,1,ESS-01 Steady Performer,98.577,0.7442,0.2238,0.495,19.03,1.344,375,-0.163,-1.48,0.022,0.246,-0.132,0.054,2.5671271782222298e-06,2.2095476288842145e-06,2.9825750219889626e-06,421.42,387.71,463.56,NORMAL,s_thermal,s_imbalance,s_ISC
2026-03-16,1,ESS-01 Steady Performer,98.5,0.8471,0.2635,0.5284,16.3,1.709,384,0.025,-2.197,-0.324,0.867,0.01,0.18,2.710603988943928e-06,2.3330393550888225e-06,3.1492711513447434e-06,472.12,434.35,519.33,NORMAL,s_thermal,s_imbalance,s_overcharge
2026-03-17,1,ESS-01 Steady Performer,98.565,0.8121,0.2202,0.5366,20.53,1.608,387,-0.051,-1.083,0.19,0.686,0.204,0.216,2.752504563771704e-06,2.3691035415035504e-06,3.197952630929468e-06,486.42,447.5,535.06,NORMAL,s_thermal,s_imbalance,s_thermal_mag
2026-03-18,1,ESS-01 Steady Performer,98.491,0.8138,0.1669,0.4728,13.93,1.596,390,0.112,-1.967,-0.419,0.717,0.382,0.242,2.7836701176785747e-06,2.3959280030264438e-06,3.2341618062107135e-06,496.91,457.16,546.6,NORMAL,s_thermal,s_imbalance,s_overcharge
2026-03-19,1,ESS-01 Steady Performer,98.689,0.8622,0.294,0.553,17.66,1.34,390,-0.154,-1.667,-0.009,-0.06,-0.053,0.0,2.5088087757435583e-06,2.1593524792086137e-06,2.914818760667119e-06,400.0,368.0,440.0,NORMAL,s_thermal,s_ISC,s_imbalance
2026-03-20,1,ESS-01 Steady Performer,98.615,0.7917,0.2068,0.5263,17.66,1.584,380,-0.277,-1.471,-0.515,0.792,0.206,0.199,2.733033202085266e-06,2.352344372382637e-06,3.1753301562526746e-06,479.8,441.41,527.78,NORMAL,s_thermal,s_imbalance,s_overcharge
2026-03-21,1,ESS-01 Steady Performer,98.559,0.9187,0.3356,0.6015,21.28,1.9,390,1.048,-0.79,0.908,0.902,0.073,0.586,3.226158338214854e-06,2.776781462736576e-06,3.7482592728243878e-06,634.43,583.68,697.87,WARNING,s_ISC,s_overcharge,s_imbalance
2026-03-22,1,ESS-01 Steady Performer,98.671,0.7733,0.3496,0.5291,16.59,1.655,386,0.028,-2.117,-0.15,0.303,-0.004,0.066,2.5811476110382e-06,2.221615135895624e-06,2.9988644273606273e-06,426.5,392.38,469.15,NORMAL,s_thermal,s_imbalance,s_overcharge
2026-03-23,1,ESS-01 Steady Performer,98.576,0.8435,0.2403,0.4927,16.42,1.35,387,0.846,-1.689,-0.4,0.228,-0.196,0.215,2.7511264473222847e-06,2.3679173847737707e-06,3.196351489474164e-06,485.95,447.07,534.54,NORMAL,s_thermal,s_ISC,s_overcharge
2026-03-24,1,ESS-01 Steady Performer,98.513,0.9052,0.3114,0.6044,21.4,1.858,394,-0.059,-1.083,0.502,0.799,0.107,0.281,2.830910826144902e-06,2.436588489414574e-06,3.2890476290866397e-06,512.6,471.59,563.86,NORMAL,s_thermal,s_imbalance,s_overcharge
2026-03-25,1,ESS-01 Steady Performer,98.513,0.9543,0.2457,0.6269,19.82,1.605,395,0.506,-1.527,0.611,0.689,-0.061,0.361,2.929525469644818e-06,2.5214669677722853e-06,3.4036213919294913e-06,544.52,500.96,598.97,NORMAL,s_thermal,s_imbalance,s_overcharge
2026-03-26,1,ESS-01 Steady Performer,98.531,0.8375,0.2186,0.5861,18.1,1.601,394,-0.213,-2.017,0.024,0.283,0.102,0.082,2.598464224626337e-06,2.2365196940889213e-06,3.0189834451308782e-06,432.73,398.11,476.0,NORMAL,s_thermal,s_imbalance,s_ISC
2026-03-27,1,ESS-01 Steady Performer,98.526,0.8262,0.28,0.5623,16.69,1.294,398,0.164,-1.541,-0.261,-0.011,0.015,0.036,2.547784685206191e-06,2.1928993790000468e-06,2.960102269865422e-06,414.37,381.22,455.81,NORMAL,s_thermal,s_overcharge,s_ISC
2026-03-28,1,ESS-01 Steady Performer,98.484,0.9964,0.2667,0.5927,16.56,1.293,396,-0.469,-1.363,1.552,-0.051,0.185,0.347,2.911943626017615e-06,2.5063341224089534e-06,3.3831942232639354e-06,538.91,495.79,592.8,NORMAL,s_overcharge,s_thermal,s_ISC
2026-03-29,1,ESS-01 Steady Performer,98.63,0.77,0.1885,0.4818,22.26,1.137,396,-0.665,-1.191,-0.16,0.076,0.098,0.035,2.546528369408936e-06,2.1918180572051383e-06,2.9586426403558597e-06,413.91,380.8,455.3,NORMAL,s_thermal,s_ISC,s_overcharge
2026-03-30,1,ESS-01 Steady Performer,98.611,0.8374,0.257,0.5297,22.37,1.273,399,-0.615,-0.853,-0.436,-0.15,0.004,0.001,2.50976574151643e-06,2.1601761478582736e-06,2.9159305953681527e-06,400.36,368.33,440.39,NORMAL,s_thermal,s_ISC,s_overcharge
2026-03-31,1,ESS-01 Steady Performer,98.485,0.8203,0.1452,0.563,19.1,1.676,402,0.257,-2.065,-0.226,0.716,-0.04,0.195,2.727186627239479e-06,2.3473121749507897e-06,3.16853741139658e-06,477.8,439.58,525.58,NORMAL,s_thermal,s_imbalance,s_ISC
2026-04-01,1,ESS-01 Steady Performer,98.581,0.842,0.3191,0.5702,22.58,1.614,405,-0.34,-0.888,-0.064,0.318,-0.051,0.064,2.57825495613949e-06,2.219125402961979e-06,2.995503644653057e-06,425.45,391.42,468.0,NORMAL,s_thermal,s_ISC,s_imbalance
2026-04-02,1,ESS-01 Steady Performer,98.505,0.8479,0.3098,0.5992,20.3,1.568,402,-0.292,-1.151,0.272,0.554,0.158,0.197,2.730001633105927e-06,2.349735074795474e-06,3.171807978717265e-06,478.76,440.46,526.64,NORMAL,s_thermal,s_imbalance,s_ISC
2026-04-03,1,ESS-01 Steady Performer,98.456,0.9836,0.3173,0.6228,21.52,1.811,404,-0.111,-0.852,1.167,0.867,-0.049,0.407,2.9872654155136562e-06,2.5711642406985298e-06,3.470705573977424e-06,562.71,517.7,618.98,NORMAL,s_overcharge,s_imbalance,s_thermal
2026-04-04,1,ESS-01 Steady Performer,98.458,0.8575,0.1745,0.5308,23.01,1.053,401,-0.457,-0.827,0.115,-0.151,0.245,0.072,2.5875301039505944e-06,2.2271086024098495e-06,3.0062798199774706e-06,428.8,394.5,471.68,NORMAL,s_thermal,s_ISC,s_thermal_mag
2026-04-05,1,ESS-01 Steady Performer,98.51,0.8406,0.3325,0.5741,20.32,1.404,406,-0.461,-1.305,-0.441,0.194,-0.011,0.039,2.550840042452976e-06,2.1955291512208405e-06,2.963652085609437e-06,415.49,382.25,457.04,NORMAL,s_thermal,s_ISC,s_overcharge
2026-04-06,1,ESS-01 Steady Performer,98.565,0.7681,0.2309,0.533,19.8,1.281,416,-0.381,-0.548,-0.193,-0.112,-0.037,0.0,2.5088087757435583e-06,2.1593524792086137e-06,2.914818760667119e-06,400.0,368.0,440.0,NORMAL,s_thermal,s_ISC,s_overcharge
2026-04-07,1,ESS-01 Steady Performer,98.49,0.855,0.2821,0.5804,22.02,1.449,410,-0.314,-0.759,0.271,0.274,-0.143,0.109,2.628933623215088e-06,2.2627449675866657e-06,3.0543838058189076e-06,443.6,408.11,487.96,NORMAL,s_thermal,s_ISC,s_imbalance
2026-04-08,1,ESS-01 Steady Performer,98.538,0.9124,0.396,0.6209,19.63,1.441,415,-0.055,-1.399,0.863,0.302,0.025,0.238,2.7784814377775327e-06,2.3914620613884538e-06,3.228133425653554e-06,495.17,455.56,544.69,NORMAL,s_thermal,s_overcharge,s_imbalance
2026-04-09,1,ESS-01 Steady Performer,98.518,0.829,0.2839,0.5176,20.84,1.727,407,0.21,-0.971,-0.01,0.629,-0.285,0.168,2.69619096590007e-06,2.3206339418477703e-06,3.132525622283575e-06,467.15,429.78,513.86,NORMAL,s_thermal,s_imbalance,s_thermal_mag
2026-04-10,1,ESS-01 Steady Performer,98.522,0.9208,0.2836,0.5873,23.16,1.263,415,0.183,-0.451,0.991,-0.163,-0.056,0.235,2.7745816615379662e-06,2.3881054902764875e-06,3.2236025361512494e-06,493.86,454.35,543.25,NORMAL,s_overcharge,s_thermal,s_ISC
2026-04-11,1,ESS-01 Steady Performer,98.536,0.8259,0.3004,0.584,19.95,1.458,406,0.067,-1.73,-0.035,0.077,-0.117,0.029,2.5400001671641365e-06,2.1861991774802755e-06,2.9510579576879147e-06,411.52,378.6,452.67,NORMAL,s_thermal,s_thermal_mag,s_imbalance
2026-04-12,1,ESS-01 Steady Performer,98.556,0.8016,0.1438,0.5633,21.56,1.519,407,0.471,-0.832,-0.416,0.579,-0.202,0.21,2.7455416574376954e-06,2.3631105078931005e-06,3.18986289511973e-06,484.06,445.33,532.46,NORMAL,s_thermal,s_imbalance,s_ISC
2026-04-13,1,ESS-01 Steady Performer,98.603,1.0,0.2554,0.6183,20.82,1.22,411,0.253,-1.109,1.334,-0.01,-0.125,0.317,2.874882523496905e-06,2.4744353101419606e-06,3.3401354056069885e-06,526.97,484.81,579.66,NORMAL,s_overcharge,s_thermal,s_ISC
2026-04-14,1,ESS-01 Steady Performer,98.495,0.8566,0.2527,0.5714,21.16,1.499,416,-0.239,-1.211,0.04,0.306,-0.03,0.069,2.5844769908856083e-06,2.224480761748741e-06,3.00273261164069e-06,427.7,393.48,470.47,NORMAL,s_thermal,s_imbalance,s_ISC
2026-04-15,1,ESS-01 Steady Performer,98.487,0.8734,0.1557,0.5466,21.82,1.607,418,-0.168,-0.781,0.311,0.329,0.07,0.142,2.6663906463819985e-06,2.2949845499793605e-06,3.0979026206707906e-06,456.79,420.24,502.47,NORMAL,s_thermal,s_imbalance,s_overcharge
2026-04-16,1,ESS-01 Steady Performer,98.531,0.7849,0.0976,0.4679,21.66,1.182,422,0.304,-1.201,-0.31,-0.346,-0.156,0.061,2.5751232237895454e-06,2.216429894013451e-06,2.991865093804358e-06,424.32,390.37,466.75,NORMAL,s_thermal,s_imbalance,s_overcharge
2026-04-17,1,ESS-01 Steady Performer,98.57,0.765,0.2394,0.5518,21.12,1.601,418,0.13,-1.137,-0.461,0.291,0.197,0.124,2.6454384918785363e-06,2.2769508501318904e-06,3.0735597110357767e-06,449.43,413.48,494.38,NORMAL,s_thermal,s_overcharge,s_imbalance
2026-04-18,1,ESS-01 Steady Performer,98.534,0.8564,0.1752,0.5574,21.39,1.568,426,0.294,-0.978,0.064,0.35,0.215,0.185,2.7155313184607855e-06,2.3372803501118733e-06,3.154995886475546e-06,473.81,435.91,521.19,NORMAL,s_thermal,s_imbalance,s_ISC
2026-04-19,1,ESS-01 Steady Performer,98.467,0.8523,0.3287,0.5642,21.73,1.637,420,0.415,-0.784,0.224,0.496,0.144,0.256,2.7998105338147172e-06,2.4098201987420767e-06,3.252914277424862e-06,502.3,462.12,552.53,NORMAL,s_thermal,s_imbalance,s_ISC
2026-04-20,1,ESS-01 Steady Performer,98.552,0.9382,0.3108,0.5985,23.85,0.96,423,-0.868,-0.464,0.739,-0.136,0.033,0.154,2.680736866384142e-06,2.3073324651636297e-06,3.1145705358994378e-06,461.79,424.85,507.97,NORMAL,s_ISC,s_overcharge,s_thermal
2026-04-21,1,ESS-01 Steady Performer,98.571,0.8905,0.3159,0.5863,22.23,1.414,428,0.318,-0.733,0.144,0.455,-0.108,0.183,2.7140322571967202e-06,2.335990095148929e-06,3.1532542272973844e-06,473.3,435.43,520.62,NORMAL,s_thermal,s_imbalance,s_ISC
2026-04-22,1,ESS-01 Steady Performer,98.365,0.8264,0.1454,0.5147,22.58,1.735,427,0.296,-0.983,-0.581,0.73,-0.104,0.205,2.7397416227782393e-06,2.35811836798389e-06,3.183124222225329e-06,482.08,443.52,530.29,NORMAL,s_thermal,s_imbalance,s_overcharge
2026-04-23,1,ESS-01 Steady Performer,98.527,0.7855,0.2035,0.4738,24.47,1.546,422,-0.015,-1.162,-0.487,0.496,0.095,0.118,2.6391561748715276e-06,2.271543605793245e-06,3.0662607062556766e-06,447.22,411.44,491.94,NORMAL,s_thermal,s_imbalance,s_overcharge
2026-04-24,1,ESS-01 Steady Performer,98.523,0.9449,0.3332,0.6008,20.03,1.364,430,-0.641,-1.536,0.535,0.082,0.035,0.13,2.6532888026122997e-06,2.2837076801848715e-06,3.082680463041132e-06,452.19,416.02,497.41,NORMAL,s_thermal,s_ISC,s_overcharge
2026-04-25,1,ESS-01 Steady Performer,98.57,0.8394,0.2048,0.5541,24.55,1.555,434,-0.33,-0.979,-0.058,0.477,0.192,0.134,2.6571507010385704e-06,2.287031649423252e-06,3.087167345018636e-06,453.55,417.27,498.91,NORMAL,s_thermal,s_imbalance,s_ISC
2026-04-26,1,ESS-01 Steady Performer,98.475,0.8192,0.2974,0.5425,21.46,1.66,432,0.253,-0.715,-0.007,0.972,0.061,0.257,2.8015114107424602e-06,2.411284158222912e-06,3.2548904126908417e-06,502.87,462.64,553.15,NORMAL,s_imbalance,s_thermal,s_ISC
2026-04-27,1,ESS-01 Steady Performer,98.415,0.8589,0.2259,0.567,22.46,1.327,435,-0.166,-0.709,0.103,0.295,-0.202,0.08,2.596022248285312e-06,2.2344178640531803e-06,3.016146275782999e-06,431.85,397.31,475.04,NORMAL,s_thermal,s_imbalance,s_thermal_mag
2026-04-28,1,ESS-01 Steady Performer,98.491,0.8049,0.1747,0.4732,23.25,1.482,436,-0.713,-0.756,0.235,0.433,-0.064,0.134,2.6568617855316505e-06,2.2867829773578666e-06,3.0868316733781158e-06,453.45,417.17,498.79,NORMAL,s_thermal,s_ISC,s_imbalance
2026-04-29,1,ESS-01 Steady Performer,98.569,0.8837,0.3643,0.564,23.63,1.371,431,0.122,-1.2,0.119,0.081,0.151,0.095,2.6126809585830998e-06,2.2487561592863135e-06,3.035500919531725e-06,437.82,402.79,481.6,NORMAL,s_thermal,s_thermal_mag,s_ISC
2026-04-30,1,ESS-01 Steady Performer,98.49,0.7643,0.2325,0.5576,22.96,1.49,436,0.078,-0.817,0.148,0.258,-0.018,0.097,2.6151777880855616e-06,2.2509052019197863e-06,3.038401819091643e-06,438.71,403.61,482.58,NORMAL,s_thermal,s_imbalance,s_overcharge
2025-05-01,2,ESS-02 Aging Fast,98.978,1.0,0.1791,0.6126,21.03,1.182,5,-0.037,-1.487,1.546,-0.153,-0.039,0.309,2.8647748828729244e-06,2.465735576278726e-06,3.3283920135249803e-06,523.68,481.79,576.05,NORMAL,s_overcharge,s_thermal,s_imbalance
2025-05-02,2,ESS-02 Aging Fast,98.977,0.7169,0.1305,0.4848,19.92,1.34,9,-0.292,-1.394,0.058,0.022,0.083,0.033,2.544113672867027e-06,2.1897397071571425e-06,2.9558371655389355e-06,413.03,379.98,454.33,NORMAL,s_thermal,s_ISC,s_thermal_mag
2025-05-03,2,ESS-02 Aging Fast,98.918,0.9501,0.2861,0.5874,26.13,1.177,0,-0.262,-0.193,1.006,-0.239,0.123,0.226,2.764164327767795e-06,2.3791392010899003e-06,3.21149933190795e-06,490.36,451.13,539.39,NORMAL,s_overcharge,s_ISC,s_imbalance
2025-05-04,2,ESS-02 Aging Fast,98.996,1.0,0.1815,0.5208,24.89,1.112,0,-0.295,-1.249,1.863,-0.09,0.149,0.402,2.9815943917590475e-06,2.566283141260226e-06,3.4641167907525355e-06,560.94,516.07,617.04,NORMAL,s_overcharge,s_thermal,s_ISC
2025-05-05,2,ESS-02 Aging Fast,98.905,0.7084,0.1727,0.5437,24.63,1.127,11,0.074,-0.623,-0.34,0.204,0.037,0.063,2.577695889271146e-06,2.218644209303455e-06,2.994854102163424e-06,425.25,391.23,467.78,NORMAL,s_thermal,s_overcharge,s_imbalance
2025-05-06,2,ESS-02 Aging Fast,99.092,0.9949,0.3548,0.6266,23.17,0.812,3,-0.572,-1.113,1.556,-0.263,-0.145,0.311,2.867295399544277e-06,2.467905006814614e-06,3.33132043338659e-06,524.5,482.54,576.95,NORMAL,s_overcharge,s_thermal,s_ISC
2025-05-07,2,ESS-02 Aging Fast,98.908,0.8558,0.1476,0.5392,23.05,0.567,6,-0.605,-0.694,0.444,-0.994,0.046,0.098,2.616598413829497e-06,2.252127946720175e-06,3.040052349329576e-06,439.21,404.08,483.14,NORMAL,s_imbalance,s_thermal,s_ISC
2025-05-08,2,ESS-02 Aging Fast,98.91,0.8756,0.2506,0.5408,22.45,1.362,16,-0.375,-0.794,0.294,0.373,-0.111,0.133,2.656648794877747e-06,2.286599654467465e-06,3.0865842137558215e-06,453.37,417.1,498.71,NORMAL,s_thermal,s_ISC,s_imbalance
2025-05-09,2,ESS-02 Aging Fast,98.834,0.8221,0.2997,0.5714,23.31,0.821,0,-0.25,-0.747,-0.263,-0.686,-0.034,0.0,2.5088087757435583e-06,2.1593524792086137e-06,2.914818760667119e-06,400.0,368.0,440.0,NORMAL,s_thermal,s_imbalance,s_overcharge
2025-05-10,2,ESS-02 Aging Fast,98.943,0.9608,0.3202,0.5789,24.04,1.066,12,-0.489,-1.256,1.345,-0.204,-0.224,0.269,2.8156886927308654e-06,2.4234866674619817e-06,3.271362049400153e-06,507.57,466.97,558.33,NORMAL,s_overcharge,s_thermal,s_ISC
2025-05-11,2,ESS-02 Aging Fast,98.851,0.8069,0.264,0.596,23.46,0.869,8,-0.575,-0.597,0.183,-0.243,-0.031,0.037,2.548468549968198e-06,2.1934879872733362e-06,2.960896806708024e-06,414.62,381.45,456.08,NORMAL,s_thermal,s_ISC,s_imbalance
2025-05-12,2,ESS-02 Aging Fast,98.853,0.8299,0.2758,0.4871,24.39,1.251,19,-0.082,-0.584,0.548,-0.087,0.06,0.122,2.6433762138269332e-06,2.27517582965563e-06,3.071163687828181e-06,448.71,412.81,493.58,NORMAL,s_thermal,s_overcharge,s_imbalance
2025-05-13,2,ESS-02 Aging Fast,98.927,1.0,0.2427,0.5262,23.47,1.176,18,-0.325,-0.748,1.601,-0.129,0.068,0.334,2.895075223919104e-06,2.491815342429396e-06,3.3635959545037337e-06,533.49,490.81,586.84,NORMAL,s_overcharge,s_thermal,s_ISC
2025-05-14,2,ESS-02 Aging Fast,98.873,0.8115,0.4275,0.5207,25.47,0.776,19,-0.931,-0.926,0.16,-0.245,0.149,0.062,2.576238637540854e-06,2.217389940215092e-06,2.9931610186150694e-06,424.72,390.75,467.2,NORMAL,s_ISC,s_thermal,s_imbalance
2025-05-15,2,ESS-02 Aging Fast,98.881,0.8581,0.3427,0.5851,27.35,1.471,9,0.204,-0.479,0.442,0.488,0.011,0.229,2.7679557116643834e-06,2.382402477965999e-06,3.2159042876026377e-06,491.63,452.3,540.8,NORMAL,s_imbalance,s_thermal,s_overcharge
2025-05-16,2,ESS-02 Aging Fast,98.763,0.8687,0.2912,0.5698,24.64,1.141,18,0.026,-1.342,0.312,-0.157,0.058,0.079,2.5955190199252315e-06,2.2339847310764798e-06,3.015561608333565e-06,431.67,397.14,474.84,NORMAL,s_thermal,s_overcharge,s_imbalance
2025-05-17,2,ESS-02 Aging Fast,98.826,0.8747,0.2192,0.5613,26.06,1.444,21,0.152,-0.368,0.313,0.162,-0.115,0.125,2.647549234598014e-06,2.278767584566151e-06,3.0760120421042203e-06,450.18,414.16,495.19,NORMAL,s_thermal,s_overcharge,s_imbalance
2025-05-18,2,ESS-02 Aging Fast,98.778,0.9156,0.2549,0.5812,26.0,1.014,22,-0.513,-0.4,0.64,-0.541,0.084,0.145,2.6697001079510635e-06,2.2978330320667316e-06,3.1017476631262897e-06,457.94,421.31,503.74,NORMAL,s_overcharge,s_imbalance,s_ISC
2025-05-19,2,ESS-02 Aging Fast,98.825,0.5863,0.3495,0.5339,25.39,1.545,29,0.022,-0.574,0.268,0.32,0.242,0.17,2.6990497218355202e-06,2.323094497733206e-06,3.135847019920955e-06,468.14,430.68,514.95,NORMAL,s_thermal,s_imbalance,s_overcharge
2025-05-20,2,ESS-02 Aging Fast,98.774,0.9634,0.0994,0.5212,26.2,0.837,28,-0.767,-0.595,1.367,-0.373,0.063,0.286,2.8363259211534592e-06,2.441249308560793e-06,3.2953390661249976e-06,514.38,473.23,565.82,NORMAL,s_overcharge,s_ISC,s_thermal
2025-05-21,2,ESS-02 Aging Fast,98.734,0.7944,0.2165,0.5125,25.88,0.972,27,-0.529,-0.67,-0.025,-0.474,-0.15,0.0,2.5088087757435583e-06,2.1593524792086137e-06,2.914818760667119e-06,400.0,368.0,440.0,NORMAL,s_thermal,s_ISC,s_imbalance
2025-05-22,2,ESS-02 Aging Fast,98.68,0.9124,0.4888,0.6088,22.82,1.249,28,-0.632,-0.851,0.823,0.143,-0.092,0.193,2.7255833230214896e-06,2.3459321971735995e-06,3.1666746392984026e-06,477.25,439.07,524.98,NORMAL,s_thermal,s_overcharge,s_ISC
2025-05-23,2,ESS-02 Aging Fast,98.721,0.791,0.2532,0.5914,26.5,0.91,30,-0.464,-0.207,-0.443,-0.169,0.075,0.015,2.525081682815875e-06,2.1733587099462784e-06,2.9337251659302544e-06,406.03,373.54,446.63,NORMAL,s_ISC,s_overcharge,s_thermal
2025-05-24,2,ESS-02 Aging Fast,98.718,0.9906,0.148,0.5224,27.12,1.081,18,-0.1,-0.344,1.418,-0.178,0.415,0.367,2.936080162948908e-06,2.5271086491915695e-06,3.4112368518317436e-06,546.6,502.87,601.26,NORMAL,s_overcharge,s_thermal_mag,s_thermal
2025-05-25,2,ESS-02 Aging Fast,98.637,0.8757,0.3107,0.5905,27.26,1.289,30,-0.388,-0.27,0.464,-0.008,-0.159,0.093,2.6106694570809568e-06,2.2470248426391723e-06,3.033163890182767e-06,437.1,402.13,480.81,NORMAL,s_overcharge,s_ISC,s_thermal
2025-05-26,2,ESS-02 Aging Fast,98.718,0.8731,0.1299,0.5039,26.94,0.713,34,-0.759,-0.619,0.789,-0.614,0.033,0.165,2.6923356315414398e-06,2.3173156223228516e-06,3.128046366714678e-06,465.81,428.55,512.39,NORMAL,s_overcharge,s_ISC,s_thermal
2025-05-27,2,ESS-02 Aging Fast,98.651,0.8283,0.4424,0.5809,24.86,1.0,32,0.262,-0.758,0.242,-0.336,-0.111,0.101,2.619681094736587e-06,2.2547812367009152e-06,3.043633910531789e-06,440.31,405.09,484.34,NORMAL,s_thermal,s_imbalance,s_ISC
2025-05-28,2,ESS-02 Aging Fast,98.644,0.7801,0.3355,0.61,26.98,1.07,30,-0.543,-0.479,0.046,0.028,-0.089,0.015,2.524847913844553e-06,2.173157502986489e-06,2.9334535653564513e-06,405.94,373.47,446.53,NORMAL,s_ISC,s_thermal,s_thermal_mag
2025-05-29,2,ESS-02 Aging Fast,98.631,0.8029,0.2109,0.6008,26.36,1.008,38,-0.133,-0.373,0.402,-0.295,0.018,0.084,2.6009313134031766e-06,2.2386431386155677e-06,3.0218497909398025e-06,433.62,398.93,476.98,NORMAL,s_overcharge,s_thermal,s_imbalance
2025-05-30,2,ESS-02 Aging Fast,98.662,0.9093,0.3186,0.6475,28.78,1.14,27,-0.098,-0.142,0.793,0.121,-0.068,0.183,2.7135835799813453e-06,2.3356039147988543e-06,3.152732939202516e-06,473.14,435.29,520.46,NORMAL,s_overcharge,s_thermal,s_imbalance
2025-05-31,2,ESS-02 Aging Fast,98.563,0.9505,0.2597,0.5233,22.66,1.324,38,-0.887,-0.497,1.546,0.186,0.105,0.367,2.936985597858469e-06,2.5278879648778975e-06,3.4122888161143787e-06,546.89,503.14,601.58,NORMAL,s_overcharge,s_ISC,s_thermal
2025-06-01,2,ESS-02 Aging Fast,98.557,0.9532,0.1929,0.5324,25.98,1.228,30,-0.276,-0.296,0.837,0.009,-0.063,0.169,2.6976978379116214e-06,2.321930919582017e-06,3.1342763562577597e-06,467.67,430.25,514.43,NORMAL,s_overcharge,s_thermal,s_ISC
2025-06-02,2,ESS-02 Aging Fast,98.521,0.7043,0.1283,0.4999,25.46,1.075,36,-0.621,-0.491,0.208,-0.44,0.151,0.072,2.5873589076231754e-06,2.2269612522590918e-06,3.0060809183886203e-06,428.74,394.44,471.61,NORMAL,s_ISC,s_thermal,s_imbalance
2025-06-03,2,ESS-02 Aging Fast,98.536,0.7991,0.1651,0.5722,26.86,0.935,44,0.187,-0.207,0.16,-0.415,-0.126,0.069,2.584721466564192e-06,2.22469118406685e-06,3.0030166516179684e-06,427.79,393.57,470.57,NORMAL,s_imbalance,s_thermal,s_ISC
2025-06-04,2,ESS-02 Aging Fast,98.522,0.755,0.3465,0.5167,26.4,1.289,45,-0.048,-0.356,0.194,-0.051,-0.035,0.039,2.550952314495787e-06,2.1956257847322893e-06,2.963782527005578e-06,415.53,382.29,457.08,NORMAL,s_thermal,s_overcharge,s_imbalance
2025-06-05,2,ESS-02 Aging Fast,98.553,0.748,0.2387,0.4975,27.9,1.153,40,-0.102,-0.191,0.171,-0.05,0.051,0.044,2.557036149290443e-06,2.200862193593017e-06,2.970850928754034e-06,417.75,384.33,459.52,NORMAL,s_thermal,s_overcharge,s_ISC
2025-06-06,2,ESS-02 Aging Fast,98.476,1.0,0.2692,0.5902,23.71,0.912,46,-0.758,-0.669,1.411,-0.247,0.018,0.286,2.8361512728285108e-06,2.4410989872356675e-06,3.295136153906911e-06,514.32,473.18,565.76,NORMAL,s_overcharge,s_ISC,s_thermal
2025-06-07,2,ESS-02 Aging Fast,98.493,0.874,0.1197,0.5342,27.74,1.104,52,-0.881,-0.235,0.261,-0.022,0.14,0.08,2.596620686709559e-06,2.234932945150884e-06,3.016841561452172e-06,432.07,397.5,475.28,NORMAL,s_ISC,s_overcharge,s_thermal
2025-06-08,2,ESS-02 Aging Fast,98.408,0.8608,0.281,0.6058,26.3,0.7,43,-1.065,-0.881,0.492,-0.409,0.043,0.107,2.626705008578438e-06,2.260826779788279e-06,3.0517945272224934e-06,442.81,407.38,487.09,NORMAL,s_ISC,s_thermal,s_overcharge
2025-06-09,2,ESS-02 Aging Fast,98.415,0.9025,0.2672,0.5945,26.22,1.18,45,-0.31,-0.564,0.81,0.081,0.198,0.218,2.754682061511375e-06,2.370977732614438e-06,3.2004825201121135e-06,487.15,448.18,535.87,NORMAL,s_overcharge,s_thermal,s_ISC
2025-06-10,2,ESS-02 Aging Fast,98.435,0.8148,0.0348,0.5005,26.19,1.368,55,0.125,-0.439,0.093,0.229,0.004,0.09,2.6076161021227105e-06,2.244396793761515e-06,3.0296164008329184e-06,436.01,401.13,479.61,NORMAL,s_thermal,s_imbalance,s_ISC
2025-06-11,2,ESS-02 Aging Fast,98.452,0.8361,0.0768,0.5177,25.28,1.389,64,0.062,-0.581,0.429,-0.032,-0.237,0.098,2.616807932523325e-06,2.252308281262621e-06,3.040295775116389e-06,439.29,404.15,483.22,NORMAL,s_thermal,s_overcharge,s_thermal_mag
2025-06-12,2,ESS-02 Aging Fast,98.459,0.9644,0.286,0.6064,30.44,1.069,49,-0.448,-0.244,1.259,-0.19,-0.018,0.252,2.794968510655101e-06,2.405652627538739e-06,3.2472886542075277e-06,500.69,460.63,550.76,NORMAL,s_overcharge,s_ISC,s_thermal
2025-06-13,2,ESS-02 Aging Fast,98.437,0.9525,0.1946,0.5262,26.3,0.952,49,-0.493,-0.363,1.208,-0.091,-0.072,0.242,2.7829528563484977e-06,2.3953106499997786e-06,3.2333284681871756e-06,496.67,456.94,546.34,NORMAL,s_overcharge,s_ISC,s_thermal
2025-06-14,2,ESS-02 Aging Fast,98.429,0.917,0.1813,0.5536,29.3,0.979,63,-0.866,-0.205,0.813,0.025,0.259,0.219,2.756391366964769e-06,2.3724489465816963e-06,3.2024684479479385e-06,487.73,448.71,536.51,NORMAL,s_ISC,s_overcharge,s_thermal_mag
2025-06-15,2,ESS-02 Aging Fast,98.332,0.7552,0.4795,0.598,27.37,1.298,55,-0.337,-0.312,0.244,-0.11,0.06,0.061,2.5750378459851182e-06,2.2163564086034546e-06,2.9917658990302822e-06,424.29,390.35,466.72,NORMAL,s_ISC,s_thermal,s_overcharge
2025-06-16,2,ESS-02 Aging Fast,98.361,0.9244,0.1492,0.5193,25.73,1.331,50,-0.018,-0.772,1.164,0.199,0.107,0.294,2.84621399626501e-06,2.44976006041733e-06,3.3068273598192893e-06,517.62,476.21,569.39,NORMAL,s_overcharge,s_thermal,s_imbalance
2025-06-17,2,ESS-02 Aging Fast,98.325,0.8033,0.2731,0.5116,29.23,1.503,57,0.601,-0.371,0.091,0.184,0.025,0.18,2.7104306572310346e-06,2.3328901669883145e-06,3.1490697688020276e-06,472.06,434.29,519.26,NORMAL,s_ISC,s_thermal,s_imbalance
2025-06-18,2,ESS-02 Aging Fast,98.294,0.8712,0.2961,0.5705,28.84,1.138,62,0.39,-0.01,0.411,0.037,-0.086,0.167,2.6957294304667246e-06,2.3202366943205335e-06,3.1319893950807917e-06,466.99,429.63,513.69,NORMAL,s_overcharge,s_ISC,s_thermal_mag
2025-06-19,2,ESS-02 Aging Fast,98.286,0.8741,0.2589,0.5249,30.86,0.927,61,-0.026,-0.185,0.579,-0.223,0.006,0.117,2.638166730062511e-06,2.2706919821278732e-06,3.0651111363770638e-06,446.87,411.12,491.55,NORMAL,s_overcharge,s_imbalance,s_thermal
2025-06-20,2,ESS-02 Aging Fast,98.238,0.9062,0.3238,0.5223,28.39,1.165,66,-0.153,-0.05,0.875,-0.402,0.466,0.268,2.8147856887990107e-06,2.4227094441655298e-06,3.2703129094667863e-06,507.27,466.69,558.0,NORMAL,s_overcharge,s_thermal_mag,s_imbalance
2025-06-21,2,ESS-02 Aging Fast,98.331,0.8614,0.1725,0.6283,29.58,0.896,58,-0.493,-0.364,0.298,-0.377,-0.032,0.06,2.5736909092515743e-06,2.215197088581716e-06,2.9902009831144143e-06,423.8,389.9,466.18,NORMAL,s_ISC,s_imbalance,s_thermal
2025-06-22,2,ESS-02 Aging Fast,98.261,0.9114,0.3301,0.6042,29.42,1.077,61,0.392,-0.222,1.099,-0.499,0.036,0.306,2.8602413876660945e-06,2.461833557681463e-06,3.3231248484344897e-06,522.21,480.43,574.43,NORMAL,s_overcharge,s_imbalance,s_ISC
2025-06-23,2,ESS-02 Aging Fast,98.247,0.9294,0.3204,0.562,27.72,1.013,66,0.009,-0.125,1.241,-0.363,-0.133,0.25,2.792986199830769e-06,2.4039464354724555e-06,3.244985539694846e-06,500.03,460.02,550.03,NORMAL,s_overcharge,s_imbalance,s_thermal_mag
2025-06-24,2,ESS-02 Aging Fast,98.24,0.859,0.184,0.59,30.17,1.112,61,-0.651,0.152,0.274,0.081,0.038,0.109,2.629195663304934e-06,2.2629705077473283e-06,3.0546882527091905e-06,443.69,408.2,488.06,NORMAL,s_ISC,s_overcharge,s_thermal
2025-06-25,2,ESS-02 Aging Fast,98.256,0.8075,0.4882,0.598,29.32,1.198,68,-0.091,-0.156,0.198,0.159,0.255,0.122,2.644061321329025e-06,2.2757655075816857e-06,3.0719596685029497e-06,448.95,413.03,493.84,NORMAL,s_thermal_mag,s_overcharge,s_imbalance
2025-06-26,2,ESS-02 Aging Fast,98.292,0.9913,0.3211,0.6058,27.7,1.198,64,0.045,-0.855,1.51,0.113,0.062,0.346,2.910447941584024e-06,2.5050467738426905e-06,3.3814564875100773e-06,538.43,495.35,592.27,NORMAL,s_overcharge,s_thermal,s_imbalance
2025-06-27,2,ESS-02 Aging Fast,98.238,0.7369,0.4066,0.5663,30.53,1.493,69,0.025,0.297,0.052,0.165,-0.095,0.108,2.6275416492875025e-06,2.261546883646998e-06,3.052766564220605e-06,443.1,407.66,487.42,NORMAL,s_thermal,s_imbalance,s_thermal_mag
2025-06-28,2,ESS-02 Aging Fast,98.163,0.6966,0.0765,0.5437,28.38,1.441,68,0.143,-0.47,0.189,0.409,-0.195,0.148,2.673458177592198e-06,2.3010676349901997e-06,3.106113913346394e-06,459.25,422.51,505.18,NORMAL,s_thermal,s_imbalance,s_thermal_mag
2025-06-29,2,ESS-02 Aging Fast,98.164,0.8722,0.1751,0.5353,26.78,1.133,77,0.148,-0.543,0.213,-0.278,-0.06,0.072,2.587837344929275e-06,2.227373047361519e-06,3.0066367827682957e-06,428.91,394.6,471.8,NORMAL,s_thermal,s_imbalance,s_overcharge
2025-06-30,2,ESS-02 Aging Fast,98.184,1.0,0.2619,0.5811,32.03,1.462,70,-0.338,0.235,1.977,0.297,0.406,0.583,3.221962580330596e-06,2.773170137214857e-06,3.7433845027272146e-06,633.22,582.56,696.54,WARNING,s_overcharge,s_thermal_mag,s_ISC
2025-07-01,2,ESS-02 Aging Fast,98.109,0.8782,0.2347,0.6239,28.75,1.137,65,-0.502,-0.732,0.69,0.046,-0.083,0.147,2.6722519901165144e-06,2.3000294590357734e-06,3.1047125246463617e-06,458.83,422.13,504.72,NORMAL,s_thermal,s_overcharge,s_ISC
2025-07-02,2,ESS-02 Aging Fast,98.111,0.8054,0.4002,0.6063,31.57,1.405,74,0.237,0.169,0.388,0.132,0.386,0.262,2.807633248880164e-06,2.416553277255227e-06,3.2620029674112304e-06,504.9,464.51,555.39,NORMAL,s_overcharge,s_thermal_mag,s_ISC
2025-07-03,2,ESS-02 Aging Fast,98.177,0.9665,0.3553,0.5456,29.2,1.048,69,-0.53,-0.151,1.301,0.281,0.005,0.317,2.8748277159682296e-06,2.474388136827081e-06,3.3400717284026667e-06,526.95,484.79,579.64,NORMAL,s_overcharge,s_ISC,s_imbalance
2025-07-04,2,ESS-02 Aging Fast,98.13,0.9777,0.0944,0.529,30.17,1.258,76,-0.09,-0.103,1.237,0.293,0.213,0.348,2.913413628327634e-06,2.507599366149201e-06,3.3849021206744975e-06,539.38,496.23,593.32,NORMAL,s_overcharge,s_imbalance,s_thermal_mag
2025-07-05,2,ESS-02 Aging Fast,98.144,0.9269,0.0847,0.6028,28.35,1.378,66,0.059,-0.106,1.001,0.022,-0.043,0.216,2.75303566528895e-06,2.3695606651662934e-06,3.1985696823087855e-06,486.6,447.67,535.26,NORMAL,s_overcharge,s_thermal,s_ISC
2025-07-06,2,ESS-02 Aging Fast,98.08,0.8418,0.0955,0.5618,33.45,1.348,78,-0.171,0.634,0.214,0.283,0.167,0.26,2.8044929736628747e-06,2.4138504152146433e-06,3.2583544914458644e-06,503.86,463.55,554.25,NORMAL,s_thermal,s_imbalance,s_overcharge
2025-07-07,2,ESS-02 Aging Fast,97.98,0.933,0.3395,0.6054,31.73,1.21,83,-0.689,0.208,0.986,0.221,0.066,0.296,2.8487558288964755e-06,2.4519478377734546e-06,3.309780545288033e-06,518.46,476.98,570.3,NORMAL,s_overcharge,s_ISC,s_imbalance
2025-07-08,2,ESS-02 Aging Fast,98.172,0.8629,0.0,0.4503,31.53,1.45,78,-0.026,0.142,0.459,0.222,0.146,0.194,2.7263024646288535e-06,2.346551168561286e-06,3.167510161906026e-06,477.5,439.3,525.25,NORMAL,s_overcharge,s_imbalance,s_thermal_mag
2025-07-09,2,ESS-02 Aging Fast,98.06,0.9051,0.3311,0.5789,31.24,1.44,86,0.032,0.152,0.579,0.44,-0.037,0.241,2.781736726241143e-06,2.394263916304667e-06,3.2319155278572715e-06,496.26,456.56,545.89,NORMAL,s_overcharge,s_imbalance,s_thermal
2025-07-10,2,ESS-02 Aging Fast,98.031,0.914,0.306,0.5494,31.25,1.345,77,-0.155,0.219,0.888,0.048,0.053,0.242,2.7828724123359103e-06,2.3952414111428097e-06,3.233235005662914e-06,496.64,456.91,546.31,NORMAL,s_overcharge,s_thermal,s_ISC
2025-07-11,2,ESS-02 Aging Fast,98.023,0.7976,0.325,0.5069,28.44,1.039,90,-0.363,0.215,-0.089,0.011,0.181,0.081,2.597979523107776e-06,2.236102507323742e-06,3.018420302782694e-06,432.56,397.95,475.81,NORMAL,s_ISC,s_thermal,s_thermal_mag
2025-07-12,2,ESS-02 Aging Fast,97.956,1.0,0.3604,0.5674,30.65,1.244,80,-0.503,0.008,1.853,0.039,0.262,0.433,3.0204877990129368e-06,2.5997590351012495e-06,3.5093044392237896e-06,573.02,527.18,630.33,NORMAL,s_overcharge,s_ISC,s_thermal_mag
2025-07-13,2,ESS-02 Aging Fast,97.955,0.8267,0.2126,0.5111,32.67,1.448,88,-0.13,0.528,0.658,0.35,0.146,0.337,2.8985343814903626e-06,2.4947926693454025e-06,3.367614918452815e-06,534.61,491.84,588.07,NORMAL,s_overcharge,s_thermal,s_imbalance
2025-07-14,2,ESS-02 Aging Fast,97.911,0.8715,0.1805,0.5402,29.79,1.23,95,-0.496,-0.12,0.61,0.358,-0.071,0.194,2.726122434910718e-06,2.3463962154292094e-06,3.1673009973993517e-06,477.44,439.24,525.18,NORMAL,s_overcharge,s_ISC,s_imbalance
2025-07-15,2,ESS-02 Aging Fast,97.967,1.0,0.2611,0.6285,29.12,1.359,86,-0.105,0.01,1.361,0.277,0.096,0.349,2.913650159938972e-06,2.5078029509589983e-06,3.385176930940887e-06,539.45,496.3,593.4,NORMAL,s_overcharge,s_imbalance,s_ISC
2025-07-16,2,ESS-02 Aging Fast,97.952,0.839,0.273,0.5884,27.94,0.75,86,-0.621,-0.233,0.119,-0.603,-0.004,0.024,2.5346362394942197e-06,2.1815823988864122e-06,2.9448259679635097e-06,409.55,376.78,450.5,NORMAL,s_ISC,s_imbalance,s_thermal
2025-07-17,2,ESS-02 Aging Fast,97.949,0.6734,0.2923,0.5229,28.59,1.625,87,0.158,0.07,0.08,0.307,0.022,0.127,2.6496442646077263e-06,2.2805707949368718e-06,3.0784461176223942e-06,450.91,414.84,496.0,NORMAL,s_imbalance,s_ISC,s_overcharge
2025-07-18,2,ESS-02 Aging Fast,97.976,0.8388,0.2448,0.5515,32.44,1.078,95,0.424,0.32,0.333,-0.283,0.12,0.24,2.7804148735363126e-06,2.3931261862564887e-06,3.2303797555033772e-06,495.82,456.16,545.4,NORMAL,s_ISC,s_overcharge,s_thermal
2025-07-19,2,ESS-02 Aging Fast,97.921,0.7577,0.3344,0.5487,29.93,1.478,94,0.526,-0.035,0.003,0.585,-0.198,0.223,2.7602276251528314e-06,2.3757508471410368e-06,3.206925540095582e-06,489.03,449.91,537.93,NORMAL,s_imbalance,s_ISC,s_thermal_mag
2025-07-20,2,ESS-02 Aging Fast,97.886,0.9489,0.2913,0.5404,30.93,1.661,96,-0.101,-0.157,0.873,0.576,-0.008,0.29,2.841024952141176e-06,2.445293805211816e-06,3.3007985562180433e-06,515.92,474.65,567.52,NORMAL,s_overcharge,s_imbalance,s_thermal
2025-07-21,2,ESS-02 Aging Fast,97.906,0.8799,0.4306,0.5599,31.15,1.17,94,-0.351,0.128,0.171,0.178,-0.108,0.096,2.613759142087225e-06,2.2496841611039507e-06,3.0367535889872335e-06,438.2,403.15,482.02,NORMAL,s_ISC,s_imbalance,s_overcharge
2025-07-22,2,ESS-02 Aging Fast,97.899,0.9559,0.3054,0.5851,30.78,1.668,102,-0.1,0.256,1.008,0.752,0.276,0.458,3.0539874517657722e-06,2.6285924778298037e-06,3.548225444649922e-06,583.31,536.64,641.64,NORMAL,s_overcharge,s_imbalance,s_thermal_mag
2025-07-23,2,ESS-02 Aging Fast,97.991,0.843,0.2343,0.5579,31.69,1.456,102,0.459,0.357,-0.123,0.24,0.241,0.259,2.8043046092538004e-06,2.4136882883386147e-06,3.258135643423938e-06,503.8,463.49,554.18,NORMAL,s_ISC,s_thermal,s_thermal_mag
2025-07-24,2,ESS-02 Aging Fast,97.873,0.9252,0.1749,0.506,32.22,1.53,97,0.371,0.59,0.955,0.557,0.19,0.533,3.152955062349933e-06,2.713774763313998e-06,3.663209288046776e-06,613.03,563.99,674.34,WARNING,s_overcharge,s_thermal,s_imbalance
2025-07-25,2,ESS-02 Aging Fast,97.777,0.6929,0.2144,0.5698,30.72,1.497,109,0.432,-0.213,0.106,0.47,-0.051,0.202,2.735453455052488e-06,2.354427505003248e-06,3.1781420865375314e-06,480.62,442.17,528.69,NORMAL,s_imbalance,s_ISC,s_thermal
2025-07-26,2,ESS-02 Aging Fast,97.843,0.7228,0.4861,0.5124,30.22,1.349,109,-0.011,0.387,0.69,0.26,0.703,0.408,2.9886441639501582e-06,2.572350941463116e-06,3.472307449573875e-06,563.14,518.09,619.46,NORMAL,s_thermal_mag,s_overcharge,s_thermal
2025-07-27,2,ESS-02 Aging Fast,97.789,0.8023,0.2251,0.4576,29.07,1.107,100,-0.751,-0.097,0.036,0.244,0.177,0.091,2.609190269970296e-06,2.245751693568714e-06,3.0314453213979635e-06,436.57,401.65,480.23,NORMAL,s_ISC,s_imbalance,s_thermal_mag
2025-07-28,2,ESS-02 Aging Fast,97.783,0.9937,0.3322,0.5448,28.72,1.414,108,0.121,0.096,1.522,-0.073,0.227,0.393,2.9699029104455443e-06,2.5562201816953167e-06,3.4505332404973715e-06,557.28,512.7,613.01,NORMAL,s_overcharge,s_thermal_mag,s_ISC
2025-07-29,2,ESS-02 Aging Fast,97.729,0.8678,0.1014,0.5346,30.73,1.163,103,-0.51,-0.2,0.51,0.093,0.02,0.125,2.6465525892727925e-06,2.277909763352487e-06,3.074854106429605e-06,449.83,413.84,494.81,NORMAL,s_ISC,s_overcharge,s_thermal
2025-07-30,2,ESS-02 Aging Fast,97.735,0.5497,0.1438,0.5017,30.39,1.431,112,0.034,0.067,0.033,0.257,0.118,0.102,2.6207198380520924e-06,2.2556752920106413e-06,3.04484075706165e-06,440.68,405.43,484.75,NORMAL,s_imbalance,s_thermal_mag,s_thermal
2025-07-31,2,ESS-02 Aging Fast,97.703,0.853,0.1524,0.5474,29.24,1.645,113,0.161,-0.107,0.347,0.356,-0.006,0.173,2.701642469579263e-06,2.325326098075877e-06,3.1388593603995544e-06,469.03,431.51,515.93,NORMAL,s_imbalance,s_overcharge,s_ISC
2025-08-01,2,ESS-02 Aging Fast,97.778,0.839,0.022,0.5169,31.04,1.352,119,0.04,0.014,0.267,0.235,-0.135,0.111,2.631420275059086e-06,2.264885250231626e-06,3.057272880621522e-06,444.48,408.92,488.93,NORMAL,s_overcharge,s_imbalance,s_thermal_mag
2025-08-02,2,ESS-02 Aging Fast,97.723,0.9718,0.1785,0.6278,30.6,1.462,111,0.517,-0.025,1.71,0.209,0.005,0.488,3.093326657051711e-06,2.6624520745986464e-06,3.5939310349628115e-06,595.24,547.62,654.76,NORMAL,s_overcharge,s_ISC,s_imbalance
2025-08-03,2,ESS-02 Aging Fast,97.769,0.7013,0.2473,0.4873,33.24,1.258,115,-0.46,0.546,0.48,0.018,0.262,0.261,2.806357383042926e-06,2.415455128493533e-06,3.2605206241391627e-06,504.48,464.12,554.93,NORMAL,s_thermal,s_overcharge,s_ISC
2025-08-04,2,ESS-02 Aging Fast,97.761,0.9805,0.3988,0.5787,30.86,1.594,123,0.111,0.336,1.386,0.788,0.29,0.582,3.2206530583456976e-06,2.7720430201856706e-06,3.741863056829868e-06,632.84,582.21,696.12,WARNING,s_overcharge,s_imbalance,s_thermal
2025-08-05,2,ESS-02 Aging Fast,97.618,0.8088,0.344,0.5586,30.77,1.377,118,-0.135,-0.577,0.056,0.106,0.229,0.078,2.5944631370931595e-06,2.2330759236437474e-06,3.0143348485333308e-06,431.29,396.79,474.42,NORMAL,s_thermal,s_thermal_mag,s_ISC
2025-08-06,2,ESS-02 Aging Fast,97.587,0.9372,0.3636,0.6212,30.76,1.365,113,0.591,-0.076,1.125,0.247,0.007,0.394,2.9708715700332768e-06,2.557053915418835e-06,3.4516586612939435e-06,557.58,512.98,613.34,NORMAL,s_overcharge,s_ISC,s_imbalance
2025-08-07,2,ESS-02 Aging Fast,97.704,0.6982,0.1065,0.5721,30.24,1.684,127,0.198,0.048,-0.063,0.673,0.076,0.199,2.73247096129654e-06,2.351860446882696e-06,3.17467692622946e-06,479.61,441.24,527.57,NORMAL,s_imbalance,s_ISC,s_thermal_mag
2025-08-08,2,ESS-02 Aging Fast,97.609,0.8955,0.418,0.5459,33.9,1.928,115,-0.115,0.515,0.389,1.014,0.259,0.435,3.0239930476092836e-06,2.6027760330676323e-06,3.51337695308855e-06,574.1,528.18,631.51,NORMAL,s_imbalance,s_thermal,s_overcharge
2025-08-09,2,ESS-02 Aging Fast,97.59,0.9522,0.2877,0.5483,31.0,1.247,114,-0.018,0.026,0.988,0.17,0.017,0.24,2.781125027302814e-06,2.3937374217413158e-06,3.231204835724289e-06,496.06,456.37,545.67,NORMAL,s_overcharge,s_imbalance,s_thermal
2025-08-10,2,ESS-02 Aging Fast,97.599,0.8494,0.4116,0.6137,31.23,1.507,121,0.424,0.541,-0.1,0.629,0.286,0.376,2.9481708641335743e-06,2.5375152206713117e-06,3.425284229109738e-06,550.43,506.4,605.48,NORMAL,s_imbalance,s_thermal,s_ISC
2025-08-11,2,ESS-02 Aging Fast,97.618,0.8121,0.2078,0.5625,31.32,1.302,125,-0.523,0.124,0.438,0.096,-0.064,0.132,2.6546206764391527e-06,2.2848540354587926e-06,3.084227878330931e-06,452.66,416.45,497.93,NORMAL,s_ISC,s_overcharge,s_thermal
2025-08-12,2,ESS-02 Aging Fast,97.582,0.8899,0.2233,0.5104,30.64,1.566,123,-0.021,0.001,0.405,0.24,0.093,0.148,2.6731610677640534e-06,2.3008119100007927e-06,3.105768721272887e-06,459.15,422.42,505.07,NORMAL,s_overcharge,s_imbalance,s_thermal_mag
2025-08-13,2,ESS-02 Aging Fast,97.539,0.9155,0.0925,0.5256,29.75,1.317,132,-0.116,0.013,0.828,-0.1,0.064,0.181,2.7111627729404065e-06,2.3335203052949077e-06,3.1499203651565022e-06,472.31,434.52,519.54,NORMAL,s_overcharge,s_ISC,s_imbalance
2025-08-14,2,ESS-02 Aging Fast,97.6,0.8985,0.3779,0.618,32.36,1.447,136,0.656,0.663,0.397,0.264,0.517,0.499,3.108461070950341e-06,2.6754783966126255e-06,3.6115146976258103e-06,599.79,551.8,659.76,NORMAL,s_thermal,s_ISC,s_thermal_mag
2025-08-15,2,ESS-02 Aging Fast,97.55,0.8089,0.3882,0.4832,33.48,1.613,127,0.246,0.518,0.069,0.43,0.344,0.321,2.879872515707538e-06,2.478730239682729e-06,3.3459329440289055e-06,528.58,486.3,581.44,NORMAL,s_thermal,s_imbalance,s_thermal_mag
2025-08-16,2,ESS-02 Aging Fast,97.635,0.9051,0.3887,0.5749,33.54,1.684,123,0.838,0.675,0.472,0.549,0.086,0.524,3.1414237317980807e-06,2.7038496464273135e-06,3.6498118069947094e-06,609.62,560.85,670.58,WARNING,s_ISC,s_thermal,s_imbalance
2025-08-17,2,ESS-02 Aging Fast,97.479,0.8828,0.2142,0.5485,31.29,1.349,131,-0.022,0.321,0.683,0.342,0.161,0.302,2.855342441185914e-06,2.457616992012936e-06,3.3174330899252707e-06,520.61,478.96,572.67,NORMAL,s_overcharge,s_imbalance,s_thermal
2025-08-18,2,ESS-02 Aging Fast,97.418,0.7316,0.3526,0.5712,32.75,1.655,137,0.611,0.135,-0.094,0.132,0.1,0.195,2.7282459295094345e-06,2.348223925556823e-06,3.1697681439606297e-06,478.16,439.91,525.98,NORMAL,s_ISC,s_thermal,s_imbalance
2025-08-19,2,ESS-02 Aging Fast,97.513,0.8604,0.3649,0.5647,31.38,1.134,125,0.131,0.305,-0.025,0.18,0.123,0.148,2.6729481224910696e-06,2.3006286261693074e-06,3.1055213143769595e-06,459.08,422.35,504.98,NORMAL,s_thermal,s_imbalance,s_ISC
2025-08-20,2,ESS-02 Aging Fast,97.536,0.9507,0.3124,0.533,30.22,1.366,140,0.099,-0.242,0.974,0.111,-0.025,0.237,2.7770315625154134e-06,2.3902141412198376e-06,3.226448912440839e-06,494.69,455.11,544.15,NORMAL,s_overcharge,s_thermal,s_imbalance
2025-08-21,2,ESS-02 Aging Fast,97.401,0.8249,0.215,0.619,28.07,1.426,132,0.266,-0.362,0.15,0.25,-0.001,0.133,2.6565739870776453e-06,2.286535266749566e-06,3.0864972995667744e-06,453.35,417.08,498.68,NORMAL,s_thermal,s_ISC,s_imbalance
2025-08-22,2,ESS-02 Aging Fast,97.428,0.8423,0.3346,0.5235,34.63,1.248,131,-0.173,0.798,0.209,-0.064,0.607,0.323,2.8814242289801724e-06,2.480065812745411e-06,3.347735775963032e-06,529.09,486.76,581.99,NORMAL,s_thermal,s_thermal_mag,s_overcharge
2025-08-23,2,ESS-02 Aging Fast,97.367,0.7521,0.1341,0.5351,28.79,1.335,133,-0.508,-0.528,0.002,0.262,-0.181,0.053,2.5663258826650453e-06,2.208857946913516e-06,2.9816440501455015e-06,421.13,387.44,463.24,NORMAL,s_thermal,s_ISC,s_imbalance
2025-08-24,2,ESS-02 Aging Fast,97.438,0.895,0.0816,0.5495,29.41,1.591,147,0.011,-0.51,0.666,0.766,0.023,0.293,2.8449279370977667e-06,2.4486531381564385e-06,3.3053331736167906e-06,517.2,475.83,568.92,NORMAL,s_imbalance,s_overcharge,s_thermal
2025-08-25,2,ESS-02 Aging Fast,97.371,0.9227,0.4715,0.5222,32.85,1.602,141,0.19,0.389,0.862,0.134,-0.13,0.315,2.871971395102101e-06,2.4719296767064188e-06,3.3367531600985437e-06,526.02,483.94,578.63,NORMAL,s_overcharge,s_thermal,s_ISC
2025-08-26,2,ESS-02 Aging Fast,97.416,0.7729,0.259,0.5427,30.95,1.269,134,0.108,-0.137,0.18,0.088,-0.053,0.075,2.5910369320574525e-06,2.2301269595106136e-06,3.010354169540791e-06,430.06,395.66,473.07,NORMAL,s_overcharge,s_thermal,s_ISC
2025-08-27,2,ESS-02 Aging Fast,97.364,0.8322,0.1232,0.5457,30.29,1.606,149,0.643,-0.584,0.352,0.501,-0.169,0.299,2.8523484790763947e-06,2.455040062895408e-06,3.313954605438077e-06,519.63,478.06,571.59,NORMAL,s_ISC,s_thermal,s_imbalance
2025-08-28,2,ESS-02 Aging Fast,97.353,0.9161,0.254,0.6007,29.42,1.443,141,-0.244,-0.495,0.616,0.348,-0.348,0.193,2.725134376233075e-06,2.3455457847984402e-06,3.1661530380065712e-06,477.1,438.93,524.81,NORMAL,s_overcharge,s_thermal,s_thermal_mag
2025-08-29,2,ESS-02 Aging Fast,97.299,0.9929,0.5305,0.6439,32.08,1.697,147,0.143,0.311,1.891,0.673,0.138,0.631,3.289334151663198e-06,2.831157438637946e-06,3.821659018805988e-06,652.51,600.31,717.76,WARNING,s_overcharge,s_imbalance,s_thermal
2025-08-30,2,ESS-02 Aging Fast,97.333,0.7739,0.4969,0.6083,30.1,1.453,142,0.114,0.03,0.238,0.226,-0.159,0.122,2.6433827299684707e-06,2.2751814381547576e-06,3.071171258498073e-06,448.71,412.81,493.58,NORMAL,s_overcharge,s_imbalance,s_thermal_mag
2025-08-31,2,ESS-02 Aging Fast,97.289,0.658,0.2491,0.5078,31.14,1.125,140,0.046,0.273,0.407,-0.285,-0.2,0.145,2.6701586391895523e-06,2.2982276938546883e-06,3.10228039996015e-06,458.1,421.45,503.91,NORMAL,s_overcharge,s_imbalance,s_thermal
2025-09-01,2,ESS-02 Aging Fast,97.22,0.7219,0.4059,0.5613,30.4,1.583,150,0.523,0.072,0.232,0.09,-0.136,0.183,2.713971652228027e-06,2.3359379319295246e-06,3.1531838144313304e-06,473.27,435.41,520.6,NORMAL,s_ISC,s_overcharge,s_thermal_mag
2025-09-02,2,ESS-02 Aging Fast,97.317,0.8109,0.1719,0.5543,31.42,1.546,146,0.774,0.093,0.008,0.673,-0.093,0.31,2.8653131788618705e-06,2.466198892299888e-06,3.329017423657703e-06,523.86,481.95,576.25,NORMAL,s_ISC,s_imbalance,s_thermal_mag
2025-09-03,2,ESS-02 Aging Fast,97.246,1.0,0.2143,0.5634,27.17,1.744,149,0.649,-0.233,1.916,0.699,-0.279,0.653,3.3198452780636377e-06,2.857418632676724e-06,3.857107852326447e-06,661.11,608.23,727.23,WARNING,s_overcharge,s_imbalance,s_ISC
2025-09-04,2,ESS-02 Aging Fast,97.263,1.0,0.4312,0.612,30.62,1.29,158,-0.409,0.076,1.605,0.212,0.133,0.405,2.9855947572414143e-06,2.569726290601397e-06,3.468764547865058e-06,562.19,517.22,618.41,NORMAL,s_overcharge,s_ISC,s_imbalance
2025-09-05,2,ESS-02 Aging Fast,97.399,0.9018,0.2805,0.6114,28.42,1.677,143,-0.173,-0.23,0.718,0.506,0.098,0.265,2.8103452286185206e-06,2.418887501674556e-06,3.265153835472128e-06,505.8,465.34,556.38,NORMAL,s_overcharge,s_imbalance,s_thermal
2025-09-06,2,ESS-02 Aging Fast,97.219,0.9534,0.2668,0.6081,28.78,1.89,151,0.031,0.013,1.072,1.344,-0.073,0.492,3.0982836930815863e-06,2.666718638728649e-06,3.599690283393906e-06,596.73,548.99,656.4,NORMAL,s_imbalance,s_overcharge,s_thermal_mag
2025-09-07,2,ESS-02 Aging Fast,97.159,0.5841,0.261,0.4868,33.04,1.582,153,-0.131,0.579,-0.098,0.358,0.298,0.247,2.789247360198795e-06,2.4007283838764117e-06,3.240641631706622e-06,498.78,458.88,548.66,NORMAL,s_thermal,s_imbalance,s_thermal_mag
2025-09-08,2,ESS-02 Aging Fast,97.271,1.0,0.5185,0.5813,29.85,1.944,164,0.651,0.36,1.881,1.285,-0.167,0.835,3.5904158009695826e-06,3.090301064086961e-06,4.171465599359802e-06,734.15,675.42,807.57,WARNING,s_overcharge,s_imbalance,s_ISC
2025-09-09,2,ESS-02 Aging Fast,97.154,0.829,0.2258,0.4973,28.12,1.402,157,-0.024,-0.233,0.077,0.007,0.094,0.036,2.547327070983717e-06,2.1925055065091033e-06,2.9595705984301893e-06,414.2,381.07,455.62,NORMAL,s_thermal,s_thermal_mag,s_overcharge
2025-09-10,2,ESS-02 Aging Fast,97.119,0.9053,0.3777,0.5824,31.33,1.234,152,-0.889,-0.212,0.484,0.211,0.077,0.154,2.6806134146659927e-06,2.3072262092057644e-06,3.1144271055904164e-06,461.75,424.81,507.92,NORMAL,s_ISC,s_overcharge,s_thermal
2025-09-11,2,ESS-02 Aging Fast,97.082,0.814,0.2957,0.5791,29.92,1.484,165,-0.355,0.131,0.434,0.274,-0.019,0.168,2.6960386303041863e-06,2.3205028252868185e-06,3.132348633726339e-06,467.09,429.73,513.8,NORMAL,s_overcharge,s_ISC,s_imbalance
2025-09-12,2,ESS-02 Aging Fast,97.109,0.8908,0.2865,0.558,26.42,1.879,165,0.438,-0.315,0.289,0.927,-0.115,0.331,2.891554106406133e-06,2.488784686057248e-06,3.3595050034355666e-06,532.36,489.77,585.59,NORMAL,s_imbalance,s_ISC,s_thermal
2025-09-13,2,ESS-02 Aging Fast,97.164,0.7568,0.255,0.5061,28.89,1.584,161,0.591,0.061,0.195,0.937,0.088,0.374,2.9461309211300084e-06,2.5357594240151303e-06,3.4229141557357947e-06,549.79,505.81,604.77,NORMAL,s_imbalance,s_ISC,s_overcharge
2025-09-14,2,ESS-02 Aging Fast,97.101,0.8803,0.2821,0.6202,28.16,1.527,166,-0.4,-0.264,0.138,0.676,0.001,0.163,2.690499642184243e-06,2.3157353704536305e-06,3.1259132532684155e-06,465.18,427.96,511.7,NORMAL,s_imbalance,s_ISC,s_thermal
2025-09-15,2,ESS-02 Aging Fast,97.187,0.6705,0.1952,0.5446,34.75,1.564,169,-0.085,0.484,0.331,0.718,0.456,0.398,2.976061178612953e-06,2.5615206566179558e-06,3.4576881204453094e-06,559.21,514.47,615.13,NORMAL,s_imbalance,s_thermal,s_thermal_mag
2025-09-16,2,ESS-02 Aging Fast,97.05,0.6276,0.0997,0.4811,28.89,1.657,155,-0.18,-0.09,0.152,0.483,0.263,0.18,2.709741518823076e-06,2.3322970196159056e-06,3.148269104904e-06,471.82,434.07,519.0,NORMAL,s_imbalance,s_thermal_mag,s_ISC
2025-09-17,2,ESS-02 Aging Fast,97.035,0.8899,0.2434,0.5832,28.14,1.209,159,-0.301,-0.467,0.386,-0.032,0.18,0.113,2.633813377612078e-06,2.2669450141980302e-06,3.060053266744795e-06,445.33,409.7,489.86,NORMAL,s_thermal,s_overcharge,s_ISC
2025-09-18,2,ESS-02 Aging Fast,97.098,0.7397,0.2158,0.5484,29.74,1.409,169,0.001,0.092,0.743,0.299,0.108,0.248,2.7910870675554275e-06,2.402311835903364e-06,3.2427790647798636e-06,499.39,459.44,549.33,NORMAL,s_overcharge,s_imbalance,s_thermal_mag
2025-09-19,2,ESS-02 Aging Fast,97.042,0.8008,0.2877,0.5804,26.42,1.923,174,0.218,-0.059,0.208,1.029,0.022,0.295,2.8479497108221844e-06,2.451254004966412e-06,3.3088439705690884e-06,518.19,476.74,570.01,NORMAL,s_imbalance,s_ISC,s_overcharge
2025-09-20,2,ESS-02 Aging Fast,97.036,0.8406,0.1682,0.5825,31.17,1.561,174,0.154,0.359,-0.194,0.599,0.277,0.278,2.8263222794027616e-06,2.432639087521257e-06,3.28371650323809e-06,511.09,470.2,562.2,NORMAL,s_imbalance,s_thermal,s_thermal_mag
2025-09-21,2,ESS-02 Aging Fast,96.992,0.9434,0.2836,0.5766,30.4,1.434,166,-0.397,0.179,1.137,-0.047,0.206,0.304,2.8586629223569856e-06,2.460474958917146e-06,3.3212909350847225e-06,521.69,479.96,573.86,NORMAL,s_overcharge,s_ISC,s_thermal_mag
2025-09-22,2,ESS-02 Aging Fast,97.067,0.9264,0.4877,0.6293,26.74,1.839,177,0.391,-0.203,0.499,0.821,0.064,0.355,2.9215105683705114e-06,2.5145684726929395e-06,3.3943094139944108e-06,541.97,498.61,596.16,NORMAL,s_imbalance,s_overcharge,s_ISC
2025-09-23,2,ESS-02 Aging Fast,97.013,0.9634,0.14,0.5834,29.71,1.458,179,0.17,0.219,1.795,0.58,-0.194,0.553,3.1806193943262783e-06,2.7375856955149e-06,3.695350623294567e-06,621.18,571.48,683.3,WARNING,s_overcharge,s_imbalance,s_thermal
2025-09-24,2,ESS-02 Aging Fast,96.937,0.8902,0.2707,0.5525,28.9,1.785,171,0.547,-0.231,0.788,0.784,-0.154,0.424,3.0094062272793275e-06,2.5902210299076823e-06,3.496429502284357e-06,569.6,524.03,626.56,NORMAL,s_overcharge,s_imbalance,s_ISC
2025-09-25,2,ESS-02 Aging Fast,96.93,1.0,0.4152,0.6326,28.15,1.534,165,0.4,-0.226,1.903,0.698,0.023,0.605,3.252106383329207e-06,2.799115172292415e-06,3.7784065685635156e-06,641.9,590.55,706.09,WARNING,s_overcharge,s_imbalance,s_ISC
2025-09-26,2,ESS-02 Aging Fast,96.99,0.8599,0.3883,0.5959,25.94,1.729,176,0.399,-0.767,0.091,0.536,-0.004,0.205,2.739872925211116e-06,2.35823138112145e-06,3.1832767737527184e-06,482.13,443.56,530.34,NORMAL,s_thermal,s_imbalance,s_ISC
2025-09-27,2,ESS-02 Aging Fast,96.911,0.9919,0.2507,0.4891,27.23,1.536,178,0.287,-0.592,1.43,0.568,0.405,0.538,3.160184446036002e-06,2.71999715698902e-06,3.671608624985617e-06,615.17,565.96,676.69,WARNING,s_overcharge,s_thermal,s_imbalance
2025-09-28,2,ESS-02 Aging Fast,96.976,0.7178,0.3132,0.5514,26.93,1.814,179,0.214,-0.071,0.124,0.639,0.003,0.196,2.728786600390817e-06,2.3486892856507797e-06,3.170396313349907e-06,478.35,440.08,526.18,NORMAL,s_imbalance,s_ISC,s_overcharge
2025-09-29,2,ESS-02 Aging Fast,97.04,0.8894,0.0895,0.5682,31.04,1.352,181,-0.101,0.125,0.554,-0.101,0.049,0.146,2.6705175476862956e-06,2.2985366094904484e-06,3.102697391781265e-06,458.23,421.57,504.05,NORMAL,s_overcharge,s_thermal,s_imbalance
2025-09-30,2,ESS-02 Aging Fast,96.861,0.7724,0.3011,0.499,28.8,1.466,187,0.613,-0.502,-0.129,0.69,-0.095,0.261,2.8056941591530383e-06,2.4148842859551156e-06,3.2597500686131314e-06,504.26,463.92,554.68,NORMAL,s_imbalance,s_ISC,s_thermal
2025-10-01,2,ESS-02 Aging Fast,96.942,0.8567,0.2876,0.5201,26.2,1.876,179,0.495,-0.584,0.315,0.954,-0.131,0.353,2.9190432903637206e-06,2.5124448651047923e-06,3.3914428486292737e-06,541.18,497.88,595.3,NORMAL,s_imbalance,s_thermal,s_ISC
2025-10-02,2,ESS-02 Aging Fast,96.945,0.8786,0.3064,0.5393,27.65,1.633,189,-0.171,-0.359,0.875,0.423,0.247,0.309,2.8645851169187426e-06,2.46557224307796e-06,3.3281715371457347e-06,523.62,481.73,575.98,NORMAL,s_overcharge,s_imbalance,s_thermal
2025-10-03,2,ESS-02 Aging Fast,96.934,1.0,0.2895,0.5986,28.58,1.96,178,1.014,-0.239,2.018,1.298,0.124,0.891,3.6768047036384124e-06,3.1646567569563406e-06,4.271835066629097e-06,756.32,695.81,831.95,WARNING,s_overcharge,s_imbalance,s_ISC
2025-10-04,2,ESS-02 Aging Fast,96.911,0.906,0.2762,0.5255,29.36,1.968,187,0.395,-0.086,0.778,0.887,0.071,0.426,3.0120817490723338e-06,2.592523874787522e-06,3.4995380120914473e-06,570.43,524.79,627.47,NORMAL,s_imbalance,s_overcharge,s_ISC
2025-10-05,2,ESS-02 Aging Fast,96.867,0.9837,0.1524,0.5421,29.07,1.728,186,0.519,-0.661,1.574,0.764,-0.011,0.571,3.2056847651981966e-06,2.7591596793477872e-06,3.724472399382221e-06,628.5,578.22,691.34,WARNING,s_overcharge,s_imbalance,s_thermal
2025-10-06,2,ESS-02 Aging Fast,96.829,0.689,0.0942,0.5119,27.41,1.309,185,0.202,-0.424,-0.113,0.393,-0.101,0.119,2.640166037509347e-06,2.272412803259889e-06,3.067433998246315e-06,447.57,411.77,492.33,NORMAL,s_thermal,s_imbalance,s_ISC
2025-10-07,2,ESS-02 Aging Fast,96.764,0.9166,0.2107,0.5101,27.52,1.769,190,0.446,-0.533,0.895,0.507,0.01,0.372,2.942406977535747e-06,2.532554193430778e-06,3.418587554673102e-06,548.61,504.72,603.47,NORMAL,s_overcharge,s_thermal,s_imbalance
2025-10-08,2,ESS-02 Aging Fast,96.718,0.969,0.2993,0.5582,27.49,1.646,190,-0.46,-0.087,1.448,0.364,-0.013,0.362,2.9309880858854652e-06,2.5227258542647164e-06,3.4053207079501597e-06,544.98,501.39,599.48,NORMAL,s_overcharge,s_ISC,s_imbalance
2025-10-09,2,ESS-02 Aging Fast,96.848,0.8004,0.2588,0.5,26.33,1.772,188,0.74,-0.559,-0.012,0.774,-0.27,0.303,2.856916272691955e-06,2.4589716024215596e-06,3.319261619570909e-06,521.12,479.43,573.24,NORMAL,s_imbalance,s_ISC,s_thermal
2025-10-10,2,ESS-02 Aging Fast,96.765,1.0,0.3018,0.5422,29.04,1.512,188,-0.325,0.05,1.463,0.126,0.185,0.365,2.933871300535623e-06,2.5252074621391478e-06,3.4086705222804218e-06,545.9,502.23,600.49,NORMAL,s_overcharge,s_ISC,s_thermal_mag
2025-10-11,2,ESS-02 Aging Fast,96.808,0.7937,0.2147,0.5318,26.04,1.477,196,0.091,-0.719,0.35,0.752,-0.146,0.239,2.7791751170560137e-06,2.3920591171387255e-06,3.228939365267887e-06,495.41,455.77,544.95,NORMAL,s_imbalance,s_thermal,s_overcharge
2025-10-12,2,ESS-02 Aging Fast,96.733,0.8634,0.0193,0.4614,27.1,1.787,200,0.037,-0.564,0.23,0.398,-0.11,0.133,2.656074569443123e-06,2.28610541368987e-06,3.085917059556436e-06,453.17,416.92,498.49,NORMAL,s_thermal,s_imbalance,s_overcharge
2025-10-13,2,ESS-02 Aging Fast,96.76,0.7542,0.1909,0.5881,25.83,1.925,194,0.562,-0.254,0.285,1.037,0.176,0.412,2.993573644240906e-06,2.5765937880044507e-06,3.478034683029826e-06,564.68,519.51,621.15,NORMAL,s_imbalance,s_ISC,s_overcharge
2025-10-14,2,ESS-02 Aging Fast,96.631,0.8768,0.1925,0.5614,28.41,1.919,196,0.078,-0.908,0.824,0.777,0.039,0.343,2.9070318568246054e-06,2.5021065200595444e-06,3.377487566997133e-06,537.33,494.35,591.07,NORMAL,s_thermal,s_overcharge,s_imbalance
2025-10-15,2,ESS-02 Aging Fast,96.706,0.7634,0.2835,0.6104,25.54,1.584,194,-0.126,-0.515,0.182,0.23,-0.032,0.083,2.599226634572927e-06,2.2371759068863535e-06,3.019869238368726e-06,433.0,398.36,476.31,NORMAL,s_thermal,s_imbalance,s_overcharge
2025-10-16,2,ESS-02 Aging Fast,96.637,0.954,0.3882,0.5775,26.27,1.566,201,0.023,-0.47,1.092,0.215,0.036,0.273,2.8209552730125836e-06,2.4280196586779692e-06,3.277480937131868e-06,509.32,468.57,560.25,NORMAL,s_overcharge,s_thermal,s_imbalance
2025-10-17,2,ESS-02 Aging Fast,96.72,0.7553,0.4075,0.576,24.03,1.557,203,0.189,-0.823,0.06,0.367,0.152,0.154,2.6797599452837137e-06,2.3064916207523164e-06,3.11343551649716e-06,461.45,424.53,507.59,NORMAL,s_thermal,s_imbalance,s_ISC
2025-10-18,2,ESS-02 Aging Fast,96.719,0.7522,0.3168,0.5543,28.66,1.843,200,0.35,0.173,0.221,0.601,0.295,0.328,2.887777515296295e-06,2.485534141348579e-06,3.3551172346672277e-06,531.14,488.65,584.25,NORMAL,s_imbalance,s_ISC,s_thermal_mag
2025-10-19,2,ESS-02 Aging Fast,96.626,1.0,0.4781,0.6188,27.64,1.722,198,0.146,-0.566,1.557,0.727,-0.073,0.486,3.0904638961376985e-06,2.659988071322982e-06,3.59060498463271e-06,594.37,546.82,653.81,NORMAL,s_overcharge,s_imbalance,s_thermal
2025-10-20,2,ESS-02 Aging Fast,96.683,0.8707,0.3382,0.5194,25.25,1.682,201,0.085,-0.539,0.409,0.77,-0.111,0.253,2.796264633601776e-06,2.4067682117662027e-06,3.248794532867162e-06,501.12,461.03,551.23,NORMAL,s_imbalance,s_thermal,s_overcharge
2025-10-21,2,ESS-02 Aging Fast,96.634,0.8654,0.3032,0.5769,23.9,1.52,213,-0.387,-1.229,0.337,0.089,0.225,0.13,2.6529190734515402e-06,2.283389451111882e-06,3.0822508994105043e-06,452.06,415.9,497.27,NORMAL,s_thermal,s_ISC,s_overcharge
2025-10-22,2,ESS-02 Aging Fast,96.673,0.8307,0.1252,0.5203,23.02,1.765,201,0.564,-0.506,0.224,0.998,-0.017,0.357,2.924199013520727e-06,2.5168824407620847e-06,3.39743293867466e-06,542.82,499.4,597.1,NORMAL,s_imbalance,s_ISC,s_thermal
2025-10-23,2,ESS-02 Aging Fast,96.637,0.8446,0.3431,0.5867,26.13,1.406,206,-0.19,-0.728,0.003,0.498,-0.102,0.1,2.6190466676158326e-06,2.254235179819157e-06,3.0428968120032975e-06,440.09,404.88,484.09,NORMAL,s_thermal,s_imbalance,s_ISC
2025-10-24,2,ESS-02 Aging Fast,96.607,0.9076,0.2681,0.618,26.31,1.364,207,0.024,-1.013,0.987,0.316,0.191,0.303,2.85755694420504e-06,2.4595230339420695e-06,3.320005972984776e-06,521.33,479.63,573.47,NORMAL,s_thermal,s_overcharge,s_imbalance
2025-10-25,2,ESS-02 Aging Fast,96.546,0.9407,0.4324,0.5472,27.06,1.831,221,0.721,-0.883,1.133,0.819,0.099,0.555,3.182789519704643e-06,2.739453541393507e-06,3.697871946673661e-06,621.81,572.07,684.0,WARNING,s_overcharge,s_thermal,s_imbalance
2025-10-26,2,ESS-02 Aging Fast,96.587,0.856,0.1439,0.5399,26.67,1.737,213,0.763,-0.273,0.378,0.654,-0.063,0.359,2.926317792039607e-06,2.51870609181971e-06,3.3998946057799103e-06,543.5,500.02,597.85,NORMAL,s_ISC,s_imbalance,s_overcharge
2025-10-27,2,ESS-02 Aging Fast,96.548,0.8733,0.2849,0.5621,26.26,1.961,209,0.318,-1.191,0.417,0.709,-0.288,0.289,2.8396172130589357e-06,2.444082151996264e-06,3.2991629982510753e-06,515.46,474.22,567.01,NORMAL,s_thermal,s_imbalance,s_overcharge
2025-10-28,2,ESS-02 Aging Fast,96.519,0.9108,0.3379,0.5115,26.31,1.656,209,0.005,-0.705,0.687,0.504,0.262,0.292,2.843227932362846e-06,2.4471899293618095e-06,3.303358051721135e-06,516.65,475.31,568.31,NORMAL,s_thermal,s_overcharge,s_imbalance
2025-10-29,2,ESS-02 Aging Fast,96.555,0.9485,0.2374,0.6253,24.27,1.737,219,0.702,-0.862,1.068,0.708,0.199,0.535,3.1567369078485914e-06,2.717029830761146e-06,3.6676031611611346e-06,614.15,565.02,675.57,WARNING,s_overcharge,s_thermal,s_imbalance
2025-10-30,2,ESS-02 Aging Fast,96.478,0.7605,0.3112,0.5705,25.84,1.863,224,0.466,-0.355,-0.018,0.592,-0.008,0.212,2.747263729176324e-06,2.364592709908553e-06,3.1918636552555798e-06,484.64,445.87,533.1,NORMAL,s_imbalance,s_ISC,s_thermal
2025-10-31,2,ESS-02 Aging Fast,96.473,0.9878,0.4582,0.6181,25.58,1.92,218,0.742,-0.683,1.439,0.43,0.057,0.534,3.154496480642384e-06,2.715101475498938e-06,3.665000158773262e-06,613.49,564.41,674.84,WARNING,s_overcharge,s_ISC,s_thermal
2025-11-01,2,ESS-02 Aging Fast,96.518,0.9034,0.2329,0.5769,21.38,1.523,220,0.353,-0.775,0.922,0.272,-0.031,0.309,2.8650645996195202e-06,2.465984937992446e-06,3.3287286160497408e-06,523.78,481.88,576.16,NORMAL,s_overcharge,s_thermal,s_ISC
2025-11-02,2,ESS-02 Aging Fast,96.395,0.691,0.0967,0.4761,23.4,1.919,229,0.298,-0.402,-0.18,0.984,0.088,0.274,2.821791891719617e-06,2.428739743638318e-06,3.2784529485061755e-06,509.59,468.82,560.55,NORMAL,s_imbalance,s_thermal,s_ISC
2025-11-03,2,ESS-02 Aging Fast,96.375,0.8518,0.3164,0.5897,26.34,1.9,220,0.503,-0.021,-0.167,1.064,0.144,0.342,2.9059215033897065e-06,2.501150829227654e-06,3.3761975215685266e-06,536.98,494.02,590.68,NORMAL,s_imbalance,s_ISC,s_overcharge
2025-11-04,2,ESS-02 Aging Fast,96.526,0.7508,0.3642,0.6038,25.07,1.94,233,0.668,-0.663,0.119,1.144,-0.156,0.386,2.961176423918894e-06,2.5487092189304666e-06,3.4403945193636734e-06,554.54,510.17,609.99,NORMAL,s_imbalance,s_ISC,s_thermal
2025-11-05,2,ESS-02 Aging Fast,96.451,0.6852,0.3152,0.5649,22.74,2.174,220,1.09,-0.969,-0.049,1.306,-0.196,0.479,3.0816160426518658e-06,2.652372646706343e-06,3.5803252557461764e-06,591.7,544.36,650.87,NORMAL,s_imbalance,s_ISC,s_thermal
2025-11-06,2,ESS-02 Aging Fast,96.394,0.8734,0.53,0.607,25.88,1.474,237,0.609,-1.004,0.336,0.714,-0.011,0.332,2.89253504128232e-06,2.489628985209769e-06,3.3606446860977922e-06,532.67,490.06,585.94,NORMAL,s_thermal,s_imbalance,s_ISC
2025-11-07,2,ESS-02 Aging Fast,96.392,0.8191,0.2674,0.514,27.05,1.648,228,0.789,-0.221,-0.089,0.735,0.064,0.318,2.875020623639697e-06,2.4745541741316065e-06,3.3402958549325066e-06,527.01,484.85,579.71,NORMAL,s_ISC,s_imbalance,s_thermal
2025-11-08,2,ESS-02 Aging Fast,96.292,0.7734,0.4327,0.6079,24.44,1.928,223,0.329,-0.659,0.041,0.692,-0.069,0.212,2.748226045223283e-06,2.365420983640038e-06,3.1929817059969156e-06,484.97,446.17,533.46,NORMAL,s_imbalance,s_thermal,s_ISC
2025-11-09,2,ESS-02 Aging Fast,96.316,0.7743,0.0,0.555,26.6,1.793,233,-0.213,-0.719,0.163,1.198,0.062,0.285,2.8348054422522663e-06,2.4399406192087595e-06,3.293572523293549e-06,513.88,472.77,565.27,NORMAL,s_imbalance,s_thermal,s_ISC
2025-11-10,2,ESS-02 Aging Fast,96.326,0.7059,0.1437,0.5573,25.05,1.805,232,0.8,-0.568,-0.164,1.094,0.105,0.4,2.9784386554136895e-06,2.563566971561359e-06,3.4604503517418956e-06,559.95,515.16,615.95,NORMAL,s_imbalance,s_ISC,s_thermal
2025-11-11,2,ESS-02 Aging Fast,96.39,0.8766,0.3914,0.5268,22.72,1.973,240,1.185,-1.217,0.201,0.8,-0.0,0.437,3.0267658025561684e-06,2.605162567378513e-06,3.5165984315779986e-06,574.96,528.96,632.45,NORMAL,s_thermal,s_ISC,s_imbalance
2025-11-12,2,ESS-02 Aging Fast,96.315,0.906,0.175,0.5558,24.46,1.573,233,-0.257,-0.258,0.169,0.349,-0.235,0.104,2.6228682766037096e-06,2.2575244715594995e-06,3.0473368844211223e-06,441.45,406.13,485.59,NORMAL,s_imbalance,s_thermal,s_ISC
2025-11-13,2,ESS-02 Aging Fast,96.337,0.8561,0.1634,0.5778,21.1,1.637,235,0.646,-0.987,0.459,0.537,-0.017,0.328,2.8883731271038617e-06,2.486046789594667e-06,3.355809236213763e-06,531.33,488.82,584.46,NORMAL,s_thermal,s_ISC,s_imbalance
2025-11-14,2,ESS-02 Aging Fast,96.315,0.7942,0.3359,0.5626,23.87,1.691,239,0.155,-0.808,0.072,0.628,0.133,0.198,2.7307238796126702e-06,2.350356718597617e-06,3.1726471086989234e-06,479.01,440.69,526.91,NORMAL,s_thermal,s_imbalance,s_ISC
2025-11-15,2,ESS-02 Aging Fast,96.216,0.8466,0.1978,0.5685,21.36,1.953,235,0.659,-0.99,0.476,1.248,0.145,0.505,3.116516340698281e-06,2.6824116375486733e-06,3.620873576425108e-06,602.2,554.02,662.42,WARNING,s_imbalance,s_thermal,s_ISC
2025-11-16,2,ESS-02 Aging Fast,96.318,0.9895,0.4174,0.6413,24.07,1.704,239,0.393,-0.669,1.613,0.634,0.123,0.553,3.1800261989792006e-06,2.7370751270957347e-06,3.69466142933714e-06,621.0,571.32,683.1,WARNING,s_overcharge,s_thermal,s_imbalance
2025-11-17,2,ESS-02 Aging Fast,96.199,0.8062,0.0714,0.5717,20.83,1.825,243,0.313,-1.157,0.27,0.723,0.099,0.281,2.8303286844174163e-06,2.436087434991203e-06,3.2883712775131876e-06,512.41,471.41,563.65,NORMAL,s_thermal,s_imbalance,s_ISC
2025-11-18,2,ESS-02 Aging Fast,96.314,0.8325,0.1997,0.599,25.84,2.081,248,0.823,-0.641,0.323,0.908,-0.022,0.411,2.9925118211351337e-06,2.5756798676257207e-06,3.4768010217809327e-06,564.35,519.2,620.78,NORMAL,s_imbalance,s_ISC,s_thermal
2025-11-19,2,ESS-02 Aging Fast,96.258,0.793,0.3284,0.5632,22.49,1.994,241,0.619,-1.163,0.553,1.327,-0.108,0.5,3.1090701571163417e-06,2.6760026423880575e-06,3.6122223540781925e-06,599.97,551.97,659.97,NORMAL,s_imbalance,s_thermal,s_ISC
2025-11-20,2,ESS-02 Aging Fast,96.194,0.8005,0.4159,0.6032,24.01,1.77,249,0.535,-0.68,0.243,0.784,-0.151,0.313,2.8688631409261842e-06,2.46925437540514e-06,3.333141887316964e-06,525.01,483.01,577.51,NORMAL,s_imbalance,s_thermal,s_ISC
2025-11-21,2,ESS-02 Aging Fast,96.207,0.8324,0.301,0.5467,22.12,1.893,248,0.325,-0.986,-0.004,0.834,0.13,0.258,2.802326127112307e-06,2.4119853916483254e-06,3.2558369772090084e-06,503.14,462.89,553.45,NORMAL,s_thermal,s_imbalance,s_ISC
2025-11-22,2,ESS-02 Aging Fast,96.211,0.6996,0.2275,0.4835,18.44,1.765,240,0.383,-1.983,0.088,0.685,-0.268,0.231,2.770622836279282e-06,2.384698095167184e-06,3.219003041532338e-06,492.53,453.13,541.79,NORMAL,s_thermal,s_imbalance,s_ISC
2025-11-23,2,ESS-02 Aging Fast,96.194,0.9324,0.1565,0.5635,22.65,1.823,251,0.63,-1.059,1.003,0.901,-0.023,0.507,3.118309138025211e-06,2.6839547138481773e-06,3.622956507648111e-06,602.73,554.52,663.01,WARNING,s_thermal,s_overcharge,s_imbalance
2025-11-24,2,ESS-02 Aging Fast,96.195,0.8851,0.2099,0.5646,20.9,1.454,238,-0.335,-1.122,0.357,0.248,0.026,0.126,2.6486570203730923e-06,2.279721065322332e-06,3.077299104448163e-06,450.57,414.52,495.62,NORMAL,s_thermal,s_overcharge,s_ISC
2025-11-25,2,ESS-02 Aging Fast,96.023,1.0,0.2261,0.5404,20.73,1.752,243,0.442,-0.652,2.05,0.312,-0.078,0.561,3.1913586356592305e-06,2.746829054395012e-06,3.7078278287495636e-06,624.32,574.37,686.75,WARNING,s_overcharge,s_thermal,s_ISC
2025-11-26,2,ESS-02 Aging Fast,96.165,1.0,0.1251,0.5281,23.0,1.793,246,-0.208,-0.845,1.828,0.869,0.114,0.562,3.193151944696092e-06,2.7483725711599003e-06,3.7099113544436154e-06,624.84,574.86,687.33,WARNING,s_overcharge,s_imbalance,s_thermal
2025-11-27,2,ESS-02 Aging Fast,96.123,0.9846,0.0631,0.5595,23.37,1.867,245,0.567,-1.299,1.643,0.788,-0.137,0.6,3.2448472228670676e-06,2.792867149326206e-06,3.7699726362328305e-06,639.81,588.63,703.8,WARNING,s_overcharge,s_thermal,s_imbalance
2025-11-28,2,ESS-02 Aging Fast,96.184,0.9216,0.26,0.47,19.78,1.806,246,0.073,-0.676,0.691,0.776,0.136,0.335,2.8967958174277503e-06,2.49329627218123e-06,3.3655949970861458e-06,534.05,491.32,587.45,NORMAL,s_imbalance,s_overcharge,s_thermal
2025-11-29,2,ESS-02 Aging Fast,96.07,0.8332,0.2161,0.5209,20.01,1.884,248,0.38,-1.206,0.369,0.736,-0.2,0.297,2.849840672595804e-06,2.45288157213981e-06,3.311040952683537e-06,518.81,477.31,570.69,NORMAL,s_thermal,s_imbalance,s_ISC
2025-11-30,2,ESS-02 Aging Fast,96.068,0.9572,0.259,0.5655,19.82,1.652,248,0.259,-1.554,1.125,0.723,-0.078,0.421,3.0060643214538114e-06,2.5873446224970386e-06,3.4925467654401807e-06,568.56,523.08,625.42,NORMAL,s_thermal,s_overcharge,s_imbalance
2025-12-01,2,ESS-02 Aging Fast,96.06,0.7483,0.1904,0.5534,22.13,1.63,262,0.403,-0.815,0.063,0.364,0.074,0.181,2.7112754598106844e-06,2.3336172958562514e-06,3.1500512885062064e-06,472.35,434.56,519.58,NORMAL,s_thermal,s_ISC,s_imbalance
2025-12-02,2,ESS-02 Aging Fast,96.15,0.8106,0.0909,0.5816,20.65,1.772,252,0.174,-0.851,0.003,0.75,0.157,0.217,2.7535512088520938e-06,2.3700043979636392e-06,3.199168657940285e-06,486.77,447.83,535.45,NORMAL,s_thermal,s_imbalance,s_ISC
2025-12-03,2,ESS-02 Aging Fast,96.078,0.7712,0.3277,0.5796,17.76,1.622,262,0.481,-1.314,0.189,0.656,-0.063,0.265,2.8112132605501683e-06,2.4196346242669423e-06,3.2661623437765963e-06,506.09,465.6,556.7,NORMAL,s_thermal,s_imbalance,s_ISC
2025-12-04,2,ESS-02 Aging Fast,95.957,0.987,0.4253,0.5577,21.8,1.603,261,0.172,-1.2,1.559,0.336,-0.048,0.413,2.995842727796631e-06,2.578546807949399e-06,3.4806709794491344e-06,565.39,520.16,621.92,NORMAL,s_overcharge,s_thermal,s_imbalance
2025-12-05,2,ESS-02 Aging Fast,96.048,0.8808,0.1463,0.5005,21.22,2.249,258,0.8,-0.885,0.577,1.792,0.122,0.658,3.3276011759351907e-06,2.8640942020202587e-06,3.8661189103627625e-06,663.29,610.23,729.62,WARNING,s_imbalance,s_thermal,s_ISC
2025-12-06,2,ESS-02 Aging Fast,95.993,0.8399,0.4306,0.5129,21.35,1.655,261,0.082,-1.014,0.109,0.44,-0.16,0.126,2.648259724231479e-06,2.279379109111942e-06,3.07683751258202e-06,450.43,414.39,495.47,NORMAL,s_thermal,s_imbalance,s_thermal_mag
2025-12-07,2,ESS-02 Aging Fast,95.964,0.9676,0.216,0.5674,22.37,1.489,272,-0.399,-1.132,1.298,0.235,0.299,0.366,2.9358312215816774e-06,2.526894383195881e-06,3.4109476235017098e-06,546.52,502.8,601.18,NORMAL,s_overcharge,s_thermal,s_ISC
2025-12-08,2,ESS-02 Aging Fast,95.932,0.627,0.1066,0.627,20.66,1.661,257,0.145,-1.321,0.006,0.441,-0.008,0.118,2.639553287364544e-06,2.2718854039348405e-06,3.0667220847541345e-06,447.36,411.57,492.09,NORMAL,s_thermal,s_imbalance,s_ISC
2025-12-09,2,ESS-02 Aging Fast,95.976,0.8749,0.133,0.5801,19.0,1.782,269,0.046,-1.15,0.115,0.732,-0.063,0.179,2.708715754524967e-06,2.3314141354362363e-06,3.14707733786254e-06,471.47,433.75,518.61,NORMAL,s_thermal,s_imbalance,s_overcharge
2025-12-10,2,ESS-02 Aging Fast,95.967,0.8667,0.23,0.5888,21.54,1.772,268,0.428,-1.183,0.175,0.868,0.046,0.303,2.8577255798520697e-06,2.459668180104127e-06,3.320201899472821e-06,521.39,479.68,573.53,NORMAL,s_thermal,s_imbalance,s_ISC
2025-12-11,2,ESS-02 Aging Fast,95.868,0.9007,0.3911,0.4972,20.05,1.882,272,0.314,-1.571,0.804,0.808,0.192,0.424,3.0091563616337068e-06,2.5900059683731682e-06,3.496139200103951e-06,569.52,523.96,626.47,NORMAL,s_thermal,s_imbalance,s_overcharge
2025-12-12,2,ESS-02 Aging Fast,95.919,0.814,0.3339,0.5803,19.53,2.111,277,0.688,-1.368,-0.2,1.504,0.304,0.499,3.1079911941934722e-06,2.675073969589858e-06,3.610968779269032e-06,599.64,551.67,659.61,NORMAL,s_imbalance,s_thermal,s_ISC
2025-12-13,2,ESS-02 Aging Fast,95.959,0.7929,0.1138,0.5003,20.3,1.855,269,-0.173,-1.227,0.34,0.73,-0.158,0.214,2.7499409507529515e-06,2.3668970176386605e-06,3.194974140191477e-06,485.55,446.7,534.1,NORMAL,s_thermal,s_imbalance,s_overcharge
2025-12-14,2,ESS-02 Aging Fast,95.835,0.7676,0.1655,0.5239,23.17,1.797,271,0.652,-0.814,-0.037,0.63,-0.016,0.256,2.800533989049004e-06,2.4104428829185587e-06,3.253754811727337e-06,502.54,462.34,552.8,NORMAL,s_thermal,s_ISC,s_imbalance
2025-12-15,2,ESS-02 Aging Fast,95.885,0.8848,0.2926,0.5001,18.76,1.908,276,0.395,-1.988,0.327,1.411,-0.136,0.427,3.0126872750358016e-06,2.593045056251588e-06,3.5002415322047235e-06,570.61,524.96,627.67,NORMAL,s_thermal,s_imbalance,s_ISC
2025-12-16,2,ESS-02 Aging Fast,95.841,0.8732,0.2662,0.6296,18.3,2.042,269,0.935,-1.168,0.706,1.306,-0.042,0.59,3.2309343019759993e-06,2.780892176538174e-06,3.7538081452656606e-06,635.81,584.94,699.39,WARNING,s_imbalance,s_thermal,s_ISC
2025-12-17,2,ESS-02 Aging Fast,95.762,1.0,0.2111,0.5123,20.65,1.651,281,0.344,-1.362,1.859,0.651,-0.329,0.571,3.205115836428477e-06,2.758669997380399e-06,3.723811399141667e-06,628.33,578.06,691.16,WARNING,s_overcharge,s_thermal,s_imbalance
2025-12-18,2,ESS-02 Aging Fast,95.86,0.7373,0.2195,0.5595,18.53,2.213,280,0.815,-1.42,0.249,1.403,0.186,0.531,3.15031620893594e-06,2.711503479137781e-06,3.6601433809163462e-06,612.25,563.27,673.48,WARNING,s_thermal,s_imbalance,s_ISC
2025-12-19,2,ESS-02 Aging Fast,95.898,0.7602,0.2111,0.5169,18.79,2.138,275,0.727,-1.472,0.331,1.442,-0.104,0.5,3.1090625727718124e-06,2.6759961144765703e-06,3.612213542335876e-06,599.97,551.97,659.96,NORMAL,s_thermal,s_imbalance,s_ISC
2025-12-20,2,ESS-02 Aging Fast,95.767,0.9911,0.3663,0.5953,22.19,2.086,280,0.483,-1.003,1.755,1.291,-0.116,0.706,3.3962226999682515e-06,2.923157350427015e-06,3.9458456600182904e-06,682.32,627.73,750.55,WARNING,s_overcharge,s_imbalance,s_thermal
2025-12-21,2,ESS-02 Aging Fast,95.729,0.7399,0.2514,0.4645,20.32,1.958,276,1.142,-1.199,0.154,1.227,0.205,0.546,3.1706298179967437e-06,2.7289875798803976e-06,3.683744403374017e-06,618.25,568.79,680.07,WARNING,s_imbalance,s_thermal,s_ISC
2025-12-22,2,ESS-02 Aging Fast,95.787,0.8771,0.2939,0.5013,18.92,2.31,280,1.102,-1.549,0.339,1.525,0.25,0.643,3.3062021455034195e-06,2.8456758688206735e-06,3.84125681073732e-06,657.28,604.69,723.0,WARNING,s_thermal,s_imbalance,s_ISC
2025-12-23,2,ESS-02 Aging Fast,95.673,0.9757,0.1341,0.6195,18.1,2.194,274,0.585,-1.211,1.831,0.929,0.068,0.683,3.362726522911601e-06,2.894326896511675e-06,3.906928697081916e-06,673.08,619.23,740.39,WARNING,s_overcharge,s_thermal,s_imbalance
2025-12-24,2,ESS-02 Aging Fast,95.807,0.8144,0.1874,0.5409,19.61,1.984,282,0.333,-1.019,-0.053,0.975,-0.056,0.262,2.806724992349204e-06,2.4157715330030377e-06,3.2609477248311688e-06,504.6,464.23,555.06,NORMAL,s_thermal,s_imbalance,s_ISC
2025-12-25,2,ESS-02 Aging Fast,95.768,0.9011,0.3456,0.5935,18.14,2.335,282,1.655,-1.844,0.592,1.463,-0.031,0.742,3.449554306463272e-06,2.9690603333041777e-06,4.007808078016903e-06,696.84,641.1,766.53,WARNING,s_thermal,s_ISC,s_imbalance
2025-12-26,2,ESS-02 Aging Fast,95.59,0.854,0.4265,0.5985,18.14,2.078,291,0.444,-1.235,0.246,1.057,0.287,0.407,2.9875414384059913e-06,2.5714018160013585e-06,3.4710262665154285e-06,562.8,517.78,619.08,NORMAL,s_thermal,s_imbalance,s_ISC
2025-12-27,2,ESS-02 Aging Fast,95.796,0.9549,0.1961,0.6389,16.35,2.047,285,0.791,-1.804,0.895,1.077,0.201,0.593,3.2354852454465684e-06,2.784809213411708e-06,3.7590955816932487e-06,637.12,586.15,700.83,WARNING,s_thermal,s_imbalance,s_overcharge
2025-12-28,2,ESS-02 Aging Fast,95.674,0.6969,0.2459,0.5261,19.35,1.975,291,0.966,-1.187,-0.38,1.217,0.026,0.442,3.0326315370446877e-06,2.610211256101595e-06,3.5234134360825955e-06,576.76,530.62,634.44,NORMAL,s_imbalance,s_thermal,s_ISC
2025-12-29,2,ESS-02 Aging Fast,95.607,0.7901,0.1621,0.5726,19.14,2.184,297,0.758,-1.281,0.085,1.028,-0.393,0.374,2.9457512994479355e-06,2.53543268033719e-06,3.422473098686832e-06,549.67,505.69,604.63,NORMAL,s_thermal,s_imbalance,s_ISC
2025-12-30,2,ESS-02 Aging Fast,95.711,0.9183,0.256,0.5626,19.49,1.865,298,0.845,-0.931,0.657,0.961,-0.066,0.492,3.0991141751163755e-06,2.6674334418573224e-06,3.6006551648921655e-06,596.98,549.22,656.68,NORMAL,s_imbalance,s_thermal,s_ISC
2025-12-31,2,ESS-02 Aging Fast,95.628,0.836,0.0948,0.5565,19.4,2.132,293,0.778,-1.577,0.247,1.523,-0.17,0.51,3.121989666589291e-06,2.6871225768943234e-06,3.6272326674467305e-06,603.83,555.53,664.22,WARNING,s_thermal,s_imbalance,s_ISC
2026-01-01,2,ESS-02 Aging Fast,95.611,0.7571,0.2931,0.523,20.78,2.318,287,0.931,-1.25,0.393,1.7,-0.068,0.605,3.2520671661374072e-06,2.7990814177120386e-06,3.778361004735139e-06,641.89,590.54,706.07,WARNING,s_imbalance,s_thermal,s_ISC
2026-01-02,2,ESS-02 Aging Fast,95.531,0.8699,0.3624,0.5737,19.12,2.045,291,0.337,-1.17,0.178,1.064,-0.068,0.316,2.8728869130985166e-06,2.472717670979058e-06,3.3378168392676953e-06,526.32,484.21,578.95,NORMAL,s_thermal,s_imbalance,s_ISC
2026-01-03,2,ESS-02 Aging Fast,95.564,0.8476,0.3415,0.4741,15.73,2.276,284,1.187,-1.892,0.192,1.255,0.39,0.605,3.2521049328981292e-06,2.799113923893686e-06,3.778404883404796e-06,641.9,590.55,706.09,WARNING,s_thermal,s_imbalance,s_ISC
2026-01-04,2,ESS-02 Aging Fast,95.584,0.8079,0.3274,0.4709,16.65,2.249,286,1.332,-1.951,0.335,1.465,0.176,0.662,3.3323682256141204e-06,2.868197243509239e-06,3.871657425947054e-06,664.62,611.45,731.09,WARNING,s_thermal,s_imbalance,s_ISC
2026-01-05,2,ESS-02 Aging Fast,95.651,0.7863,0.2291,0.5828,17.18,2.078,295,0.573,-1.429,0.486,1.052,0.023,0.427,3.012890077929232e-06,2.5932196104661114e-06,3.500477155321068e-06,570.68,525.02,627.74,NORMAL,s_thermal,s_imbalance,s_ISC
2026-01-06,2,ESS-02 Aging Fast,95.567,0.9325,0.2755,0.5553,19.03,2.036,290,0.65,-1.188,0.844,1.236,-0.155,0.546,3.170961102596162e-06,2.729272719429457e-06,3.6841293007706945e-06,618.34,568.88,680.18,WARNING,s_imbalance,s_thermal,s_overcharge
2026-01-07,2,ESS-02 Aging Fast,95.539,0.6381,0.1572,0.5441,16.04,1.967,303,-0.017,-1.946,0.219,1.17,0.164,0.311,2.8667026764041596e-06,2.4673948448726373e-06,3.330631787984978e-06,524.31,482.37,576.74,NORMAL,s_thermal,s_imbalance,s_overcharge
2026-01-08,2,ESS-02 Aging Fast,95.529,0.9227,0.2934,0.5438,19.82,1.78,304,0.563,-1.052,0.425,0.729,0.126,0.368,2.9384342291485044e-06,2.529134814404551e-06,3.413971883951895e-06,547.35,503.56,602.08,NORMAL,s_thermal,s_imbalance,s_ISC
2026-01-09,2,ESS-02 Aging Fast,95.571,0.6676,0.2128,0.5856,18.72,1.915,296,0.266,-1.473,0.244,0.854,-0.116,0.273,2.820583672938676e-06,2.4276998192789804e-06,3.277049199835576e-06,509.19,468.46,560.11,NORMAL,s_thermal,s_imbalance,s_ISC
2026-01-10,2,ESS-02 Aging Fast,95.551,0.9462,0.149,0.5054,19.01,1.97,317,0.949,-1.093,0.893,0.943,-0.027,0.557,3.1862678400481188e-06,2.742447362113692e-06,3.7019131741904674e-06,622.83,573.01,685.12,WARNING,s_thermal,s_ISC,s_imbalance
2026-01-11,2,ESS-02 Aging Fast,95.44,1.0,0.2166,0.5889,16.63,2.264,308,1.014,-1.649,1.492,1.182,0.067,0.751,3.4629836474229454e-06,2.9806190853157734e-06,4.023410728746663e-06,700.46,644.43,770.51,WARNING,s_thermal,s_overcharge,s_imbalance
2026-01-12,2,ESS-02 Aging Fast,95.494,0.9095,0.181,0.5124,19.56,2.169,310,0.917,-1.171,0.759,0.961,-0.08,0.527,3.146027060823475e-06,2.7078117719075757e-06,3.655160106844929e-06,610.98,562.11,672.08,WARNING,s_thermal,s_imbalance,s_ISC
2026-01-13,2,ESS-02 Aging Fast,95.497,0.9909,0.1324,0.5721,17.89,2.137,314,1.301,-1.888,1.639,1.086,-0.133,0.805,3.543893463673758e-06,3.0502588775025e-06,4.117414417243949e-06,721.99,664.23,794.19,WARNING,s_thermal,s_overcharge,s_ISC
2026-01-14,2,ESS-02 Aging Fast,95.465,0.7727,0.2997,0.6076,18.56,1.835,311,0.118,-1.432,0.107,1.034,0.09,0.27,2.8165937288608294e-06,2.424265639889123e-06,3.2724135504084126e-06,507.87,467.24,558.66,NORMAL,s_thermal,s_imbalance,s_ISC
2026-01-15,2,ESS-02 Aging Fast,95.412,0.71,0.2896,0.537,13.91,2.233,304,0.561,-1.991,0.072,1.061,-0.055,0.339,2.9012382782160383e-06,2.4971199367047315e-06,3.3707563953089094e-06,535.47,492.64,589.02,NORMAL,s_thermal,s_imbalance,s_ISC
2026-01-16,2,ESS-02 Aging Fast,95.495,0.6415,0.3548,0.5252,15.57,1.928,315,0.558,-1.739,0.164,0.766,0.079,0.313,2.869728583297737e-06,2.469999269152895e-06,3.334147386965532e-06,525.29,483.27,577.82,NORMAL,s_thermal,s_imbalance,s_ISC
2026-01-17,2,ESS-02 Aging Fast,95.408,0.8095,0.1355,0.4807,18.26,2.066,306,0.251,-1.338,-0.009,0.856,-0.046,0.221,2.758743882187781e-06,2.3744737767543074e-06,3.2052016782510616e-06,488.53,449.45,537.38,NORMAL,s_thermal,s_imbalance,s_ISC
2026-01-18,2,ESS-02 Aging Fast,95.421,0.8059,0.2372,0.5684,20.16,1.783,309,0.383,-1.069,0.046,0.681,0.185,0.259,2.8037501642437314e-06,2.413211072723179e-06,3.2574914708101653e-06,503.61,463.32,553.97,NORMAL,s_thermal,s_imbalance,s_ISC
2026-01-19,2,ESS-02 Aging Fast,95.401,0.6942,0.1694,0.5839,18.26,2.47,320,1.655,-1.526,0.363,1.404,-0.104,0.684,3.3650402021545915e-06,2.896318300557198e-06,3.909616805926344e-06,673.72,619.82,741.09,WARNING,s_ISC,s_thermal,s_imbalance
2026-01-20,2,ESS-02 Aging Fast,95.378,0.8537,0.3028,0.5996,18.96,1.815,323,0.749,-1.35,0.599,0.571,0.014,0.387,2.9614774659291107e-06,2.548968328403659e-06,3.4407442799444012e-06,554.63,510.26,610.09,NORMAL,s_thermal,s_ISC,s_overcharge
2026-01-21,2,ESS-02 Aging Fast,95.407,0.7453,0.2066,0.5635,15.16,2.293,323,0.595,-1.704,-0.241,1.085,-0.02,0.336,2.897765611344204e-06,2.4941309822143344e-06,3.3667217358100617e-06,534.36,491.61,587.79,NORMAL,s_thermal,s_imbalance,s_ISC
2026-01-22,2,ESS-02 Aging Fast,95.323,0.8233,0.0846,0.5227,15.55,2.237,311,1.551,-2.013,0.072,1.271,0.092,0.597,3.2415966919488615e-06,2.7900693889094865e-06,3.766196062069392e-06,638.88,587.77,702.77,WARNING,s_thermal,s_ISC,s_imbalance
2026-01-23,2,ESS-02 Aging Fast,95.286,0.7148,0.2699,0.4781,16.77,2.098,321,0.75,-1.763,0.399,0.948,0.055,0.43,3.017594037053908e-06,2.597268349006431e-06,3.505942370774794e-06,572.13,526.36,629.34,NORMAL,s_thermal,s_imbalance,s_ISC
2026-01-24,2,ESS-02 Aging Fast,95.28,1.0,0.3374,0.5473,17.73,2.057,329,0.91,-1.514,1.482,0.862,0.054,0.662,3.3325467018904554e-06,2.8683508596064956e-06,3.871864785572754e-06,664.67,611.5,731.14,WARNING,s_thermal,s_overcharge,s_ISC
2026-01-25,2,ESS-02 Aging Fast,95.292,0.7996,0.2156,0.5673,17.54,2.252,319,0.869,-1.523,0.059,1.347,0.299,0.515,3.1290627192913774e-06,2.693210415073496e-06,3.63545037396332e-06,605.94,557.47,666.54,WARNING,s_thermal,s_imbalance,s_ISC
2026-01-26,2,ESS-02 Aging Fast,95.407,0.7843,0.1562,0.4699,19.08,2.131,320,1.138,-1.19,-0.148,0.946,0.126,0.442,3.032807361832749e-06,2.6103625900269895e-06,3.5236177151415655e-06,576.82,530.67,634.5,NORMAL,s_thermal,s_ISC,s_imbalance
2026-01-27,2,ESS-02 Aging Fast,95.276,0.8293,0.3795,0.5073,17.29,2.118,334,0.74,-1.207,0.175,1.133,-0.115,0.409,2.9906197559952277e-06,2.574051350710678e-06,3.4746027578404433e-06,563.76,518.66,620.14,NORMAL,s_thermal,s_imbalance,s_ISC
2026-01-28,2,ESS-02 Aging Fast,95.189,0.8838,0.1504,0.5517,16.34,2.076,318,0.529,-2.19,0.409,1.093,0.17,0.44,3.0306003210464636e-06,2.6084629708135504e-06,3.5210535020971396e-06,576.14,530.05,633.75,NORMAL,s_thermal,s_imbalance,s_ISC
2026-01-29,2,ESS-02 Aging Fast,95.156,0.881,0.2656,0.5109,16.59,2.496,324,1.379,-1.45,0.128,1.719,0.058,0.657,3.325505425541527e-06,2.862290371268182e-06,3.863683998412864e-06,662.7,609.69,728.97,WARNING,s_imbalance,s_thermal,s_ISC
2026-01-30,2,ESS-02 Aging Fast,95.175,0.8972,0.4911,0.6172,14.93,1.982,331,0.484,-1.579,0.539,0.555,0.172,0.35,2.9154559779827663e-06,2.5093572342152617e-06,3.387274990201101e-06,540.03,496.83,594.03,NORMAL,s_thermal,s_imbalance,s_overcharge
2026-01-31,2,ESS-02 Aging Fast,95.209,0.8221,0.3258,0.5507,18.13,1.55,331,-0.368,-1.45,0.121,0.555,-0.288,0.135,2.6587432467533977e-06,2.288402367237789e-06,3.089017617571454e-06,454.11,417.78,499.52,NORMAL,s_thermal,s_imbalance,s_ISC
2026-02-01,2,ESS-02 Aging Fast,95.196,1.0,0.1817,0.6263,16.09,1.858,329,0.798,-1.5,1.495,0.66,-0.243,0.591,3.2324457824267975e-06,2.782193120989623e-06,3.755564233173751e-06,636.24,585.35,699.87,WARNING,s_thermal,s_overcharge,s_ISC
2026-02-02,2,ESS-02 Aging Fast,95.156,0.8915,0.3679,0.5742,18.25,2.336,336,0.679,-1.311,0.339,0.971,-0.274,0.398,2.975552689629819e-06,2.561082995731423e-06,3.4570973411016786e-06,559.05,514.33,614.96,NORMAL,s_thermal,s_imbalance,s_ISC
2026-02-03,2,ESS-02 Aging Fast,95.17,0.9343,0.1056,0.5802,16.48,2.287,334,0.805,-1.884,0.812,1.38,0.212,0.642,3.3041764210921013e-06,2.8439323100563917e-06,3.838903257267718e-06,656.7,604.17,722.38,WARNING,s_thermal,s_imbalance,s_overcharge
2026-02-04,2,ESS-02 Aging Fast,95.258,0.8045,0.3708,0.4782,14.26,2.168,343,1.15,-1.597,0.188,1.251,0.269,0.572,3.2061163127830904e-06,2.7595311161280475e-06,3.7249737856234544e-06,628.62,578.33,691.48,WARNING,s_thermal,s_imbalance,s_ISC
2026-02-05,2,ESS-02 Aging Fast,95.169,1.0,0.2504,0.5924,18.0,2.408,339,1.184,-1.226,1.96,1.683,0.077,0.981,3.821502467660574e-06,3.2891994067001676e-06,4.439949679711997e-06,792.3,728.91,871.53,WARNING,s_overcharge,s_imbalance,s_thermal
2026-02-06,2,ESS-02 Aging Fast,95.116,0.9732,0.2589,0.5578,17.26,2.285,330,0.679,-1.532,1.733,1.353,0.221,0.797,3.532252070850524e-06,3.040239027966776e-06,4.103889063917597e-06,718.93,661.41,790.82,WARNING,s_overcharge,s_thermal,s_imbalance
2026-02-07,2,ESS-02 Aging Fast,95.153,0.8995,0.2736,0.5558,17.11,2.15,334,1.172,-1.656,0.502,1.033,0.059,0.553,3.180895279456052e-06,2.7378231522570855e-06,3.6956711557554057e-06,621.26,571.56,683.38,WARNING,s_thermal,s_ISC,s_imbalance
2026-02-08,2,ESS-02 Aging Fast,95.13,0.7231,0.2923,0.5437,15.62,2.265,329,1.215,-1.668,0.098,1.244,-0.068,0.511,3.1244617214409445e-06,2.689250296074589e-06,3.6301047825198914e-06,604.57,556.21,665.03,WARNING,s_thermal,s_imbalance,s_ISC
2026-02-09,2,ESS-02 Aging Fast,95.133,0.9962,0.2079,0.5454,18.32,2.465,338,1.267,-1.695,1.213,1.644,0.034,0.832,3.5846600772956442e-06,3.0853470618595227e-06,4.164778410268724e-06,732.66,674.04,805.92,WARNING,s_thermal,s_imbalance,s_ISC
2026-02-10,2,ESS-02 Aging Fast,95.112,0.8303,0.0641,0.5073,16.24,2.42,335,1.263,-2.035,0.235,1.331,-0.174,0.566,3.1981746679028527e-06,2.7526956729360225e-06,3.7157469202210424e-06,626.31,576.2,688.94,WARNING,s_thermal,s_imbalance,s_ISC
2026-02-11,2,ESS-02 Aging Fast,94.984,0.697,0.281,0.5642,16.72,1.781,341,0.091,-1.567,0.19,1.008,0.046,0.267,2.8131485077772837e-06,2.4213003082966194e-06,3.268410778226646e-06,506.73,466.19,557.41,NORMAL,s_thermal,s_imbalance,s_overcharge
2026-02-12,2,ESS-02 Aging Fast,95.063,0.897,0.247,0.5676,17.85,2.227,346,0.487,-1.536,0.801,1.405,0.103,0.559,3.1889643875564934e-06,2.744768304124e-06,3.7050461121904914e-06,623.62,573.73,685.98,WARNING,s_thermal,s_imbalance,s_overcharge
2026-02-13,2,ESS-02 Aging Fast,95.078,0.9649,0.1807,0.5645,18.13,2.227,344,0.908,-1.421,1.068,1.107,0.138,0.644,3.307768225665128e-06,2.8470238077493972e-06,3.843076334348492e-06,657.72,605.1,723.49,WARNING,s_thermal,s_imbalance,s_overcharge
2026-02-14,2,ESS-02 Aging Fast,94.991,0.9581,0.3362,0.5852,17.3,2.471,349,1.458,-1.346,1.22,1.548,-0.005,0.845,3.605560488905727e-06,3.1033362308597625e-06,4.1890611959083965e-06,738.08,679.03,811.88,WARNING,s_imbalance,s_ISC,s_thermal
2026-02-15,2,ESS-02 Aging Fast,95.044,0.6556,0.2031,0.5113,14.99,2.056,349,0.788,-1.507,-0.061,0.745,0.107,0.328,2.8878661977709364e-06,2.485610471123279e-06,3.3552202689066894e-06,531.17,488.67,584.28,NORMAL,s_thermal,s_ISC,s_imbalance
2026-02-16,2,ESS-02 Aging Fast,94.936,0.701,0.1728,0.5707,18.1,1.899,348,0.624,-1.81,0.23,1.078,-0.024,0.386,2.9612111456336414e-06,2.5487391042119584e-06,3.440434860202169e-06,554.55,510.18,610.0,NORMAL,s_thermal,s_imbalance,s_ISC
2026-02-17,2,ESS-02 Aging Fast,94.979,0.7616,0.3617,0.5953,17.04,2.307,349,0.594,-1.51,0.237,1.271,-0.236,0.42,3.0046574345276627e-06,2.5861337026839365e-06,3.490912197623745e-06,568.12,522.67,624.94,NORMAL,s_thermal,s_imbalance,s_ISC
2026-02-18,2,ESS-02 Aging Fast,94.986,0.6967,0.1472,0.562,13.66,2.26,352,0.716,-1.883,0.569,1.207,-0.149,0.498,3.1070668082975014e-06,2.6742783425871204e-06,3.609894797161819e-06,599.37,551.42,659.3,NORMAL,s_thermal,s_imbalance,s_ISC
2026-02-19,2,ESS-02 Aging Fast,95.02,0.5485,0.2589,0.4732,16.89,1.948,350,0.544,-1.699,0.24,0.828,-0.27,0.322,2.8809153921027063e-06,2.4796278524347487e-06,3.3471445924061337e-06,528.92,486.61,581.81,NORMAL,s_thermal,s_imbalance,s_ISC
2026-02-20,2,ESS-02 Aging Fast,94.868,0.8242,0.2305,0.5917,13.26,1.924,354,0.352,-2.076,0.239,0.802,0.374,0.353,2.9194066200550222e-06,2.5127575861224877e-06,3.3918649771071746e-06,541.29,497.99,595.42,NORMAL,s_thermal,s_imbalance,s_thermal_mag
2026-02-21,2,ESS-02 Aging Fast,94.911,0.9101,0.4544,0.5766,16.67,2.093,352,0.831,-1.521,0.608,1.16,-0.243,0.52,3.1357419909233103e-06,2.69895932246052e-06,3.6432105725940267e-06,607.93,559.3,668.72,WARNING,s_thermal,s_imbalance,s_ISC
2026-02-22,2,ESS-02 Aging Fast,94.997,0.9744,0.2828,0.5952,16.26,2.321,352,0.494,-1.594,1.437,1.683,-0.121,0.723,3.4211103151884525e-06,2.9445783397026088e-06,3.974760911699398e-06,689.12,633.99,758.04,WARNING,s_imbalance,s_thermal,s_overcharge
2026-02-23,2,ESS-02 Aging Fast,94.952,0.8273,0.2687,0.5249,17.44,2.068,361,0.356,-1.239,-0.236,1.285,-0.106,0.328,2.8882192569892685e-06,2.485914352253139e-06,3.355630464812821e-06,531.28,488.78,584.41,NORMAL,s_imbalance,s_thermal,s_ISC
2026-02-24,2,ESS-02 Aging Fast,94.869,0.7622,0.1995,0.4796,18.34,2.442,358,1.076,-1.362,0.222,1.828,0.034,0.632,3.2903585424998283e-06,2.832039140810089e-06,3.822849189890604e-06,652.8,600.57,718.08,WARNING,s_imbalance,s_thermal,s_ISC
2026-02-25,2,ESS-02 Aging Fast,94.84,0.6959,0.151,0.5737,16.95,2.216,366,0.867,-1.683,0.312,1.391,0.095,0.533,3.153508826045599e-06,2.714251392562603e-06,3.6638526690141454e-06,613.2,564.14,674.52,WARNING,s_thermal,s_imbalance,s_ISC
2026-02-26,2,ESS-02 Aging Fast,94.918,0.8819,0.2291,0.5809,15.41,2.385,361,1.271,-1.854,0.568,1.511,-0.22,0.67,3.3444394831686975e-06,2.878587080834762e-06,3.885682211172463e-06,668.0,614.56,734.79,WARNING,s_thermal,s_imbalance,s_ISC
2026-02-27,2,ESS-02 Aging Fast,94.836,0.774,0.4675,0.4675,19.08,2.52,361,0.902,-1.463,0.309,1.438,0.359,0.602,3.247920161584138e-06,2.795512054583082e-06,3.7735428779086893e-06,640.7,589.44,704.77,WARNING,s_thermal,s_imbalance,s_ISC
2026-02-28,2,ESS-02 Aging Fast,94.813,0.9625,0.2842,0.5394,18.76,1.807,362,0.4,-1.397,1.634,0.633,0.043,0.542,3.165437621172517e-06,2.7245186107144675e-06,3.677711937494294e-06,616.72,567.38,678.39,WARNING,s_overcharge,s_thermal,s_imbalance
2026-03-01,2,ESS-02 Aging Fast,94.911,0.6253,0.1276,0.4648,16.12,2.012,366,1.07,-2.05,0.391,0.817,-0.082,0.456,3.050586396509346e-06,2.625665159953184e-06,3.5442739860953572e-06,582.27,535.69,640.49,NORMAL,s_thermal,s_ISC,s_imbalance
2026-03-02,2,ESS-02 Aging Fast,94.862,0.8804,0.275,0.5772,17.41,2.006,372,0.798,-2.034,0.671,0.738,0.1,0.461,3.058029198239733e-06,2.6320712442202943e-06,3.552921279458986e-06,584.54,537.77,642.99,NORMAL,s_thermal,s_ISC,s_imbalance
2026-03-03,2,ESS-02 Aging Fast,94.729,1.0,0.4315,0.631,18.57,2.005,361,1.033,-1.3,1.754,0.841,-0.076,0.726,3.425126365690306e-06,2.948034989699631e-06,3.979426891523278e-06,690.22,635.0,759.24,WARNING,s_overcharge,s_thermal,s_ISC
2026-03-04,2,ESS-02 Aging Fast,94.765,0.9927,0.476,0.5711,17.63,2.322,364,0.318,-1.382,1.255,1.304,0.013,0.578,3.2150416187685906e-06,2.767213205052784e-06,3.7353435009684067e-06,631.21,580.72,694.33,WARNING,s_thermal,s_imbalance,s_overcharge
2026-03-05,2,ESS-02 Aging Fast,94.796,0.9387,0.3508,0.5461,16.8,2.046,371,0.733,-1.595,1.158,0.731,-0.05,0.524,3.1418400191434376e-06,2.7042079485795356e-06,3.6502954633955553e-06,609.74,560.96,670.72,WARNING,s_thermal,s_overcharge,s_ISC
2026-03-06,2,ESS-02 Aging Fast,94.838,0.8795,0.1603,0.5303,19.33,2.296,366,1.414,-1.98,0.265,1.549,-0.164,0.646,3.3097212075606077e-06,2.848704756394087e-06,3.845345373160091e-06,658.27,605.61,724.09,WARNING,s_thermal,s_imbalance,s_ISC
2026-03-07,2,ESS-02 Aging Fast,94.677,0.739,0.1991,0.4924,15.72,2.353,374,1.163,-2.066,0.238,1.248,-0.017,0.53,3.1492177395877404e-06,2.7105580169783083e-06,3.65886714291412e-06,611.93,562.97,673.12,WARNING,s_thermal,s_imbalance,s_ISC
2026-03-08,2,ESS-02 Aging Fast,94.738,1.0,0.3938,0.6199,20.08,2.095,369,0.733,-0.972,1.787,1.172,0.234,0.785,3.5142802524366043e-06,3.024770525324323e-06,4.083008813691433e-06,714.17,657.04,785.59,WARNING,s_overcharge,s_imbalance,s_thermal
2026-03-09,2,ESS-02 Aging Fast,94.74,0.8209,0.3492,0.5561,16.46,2.415,378,1.124,-1.382,0.525,1.342,0.101,0.618,3.2710189304218304e-06,2.8153933672202298e-06,3.800379790196569e-06,647.3,595.52,712.03,WARNING,s_thermal,s_imbalance,s_ISC
2026-03-10,2,ESS-02 Aging Fast,94.665,0.8341,0.2161,0.5667,17.58,2.413,376,1.002,-1.238,0.401,1.557,-0.218,0.592,3.2343019213480765e-06,2.783790716003581e-06,3.757720756674863e-06,636.78,585.84,700.46,WARNING,s_imbalance,s_thermal,s_ISC
2026-03-11,2,ESS-02 Aging Fast,94.568,0.9067,0.1325,0.5384,19.91,2.117,383,1.135,-1.045,0.579,1.475,-0.017,0.638,3.298500376207843e-06,2.839046888456842e-06,3.8323086410045325e-06,655.1,602.69,720.61,WARNING,s_imbalance,s_ISC,s_thermal
2026-03-12,2,ESS-02 Aging Fast,94.667,0.7157,0.3301,0.5526,19.97,2.486,376,0.918,-1.379,0.471,1.831,-0.022,0.644,3.307266894063675e-06,2.8465923072435988e-06,3.842493870750513e-06,657.58,604.97,723.33,WARNING,s_imbalance,s_thermal,s_ISC
2026-03-13,2,ESS-02 Aging Fast,94.634,0.773,0.1497,0.5012,20.21,1.977,379,1.084,-1.208,0.101,0.629,0.149,0.393,2.9690236516048508e-06,2.555463395971742e-06,3.449511688449868e-06,557.0,512.44,612.7,NORMAL,s_thermal,s_ISC,s_imbalance
2026-03-14,2,ESS-02 Aging Fast,94.64,0.9115,0.2166,0.5215,16.07,2.394,385,0.826,-1.276,0.56,1.91,-0.052,0.659,3.3289916917033536e-06,2.8652910311429733e-06,3.867734457456895e-06,663.68,610.59,730.05,WARNING,s_imbalance,s_thermal,s_ISC
2026-03-15,2,ESS-02 Aging Fast,94.74,0.8449,0.1689,0.5588,17.62,2.022,378,1.028,-1.733,0.424,1.002,0.024,0.496,3.1033238937744216e-06,2.671056783415194e-06,3.6055461552719203e-06,598.24,550.38,658.07,NORMAL,s_thermal,s_ISC,s_imbalance
2026-03-16,2,ESS-02 Aging Fast,94.625,0.9267,0.1798,0.5209,17.34,2.588,380,0.867,-1.705,1.067,1.657,0.045,0.727,3.427711985141222e-06,2.950260455109342e-06,3.982430949408444e-06,690.92,635.65,760.01,WARNING,s_thermal,s_imbalance,s_overcharge
2026-03-17,2,ESS-02 Aging Fast,94.639,1.0,0.4134,0.59,18.95,2.178,383,0.458,-1.512,1.832,1.268,-0.075,0.712,3.4047446096834405e-06,2.9304922330417353e-06,3.955746695641463e-06,684.65,629.88,753.12,WARNING,s_overcharge,s_thermal,s_imbalance
2026-03-18,2,ESS-02 Aging Fast,94.602,0.9139,0.2095,0.5135,21.29,2.103,380,0.582,-1.036,0.807,1.114,0.172,0.535,3.156195133624612e-06,2.7165635209550993e-06,3.6669737099589646e-06,613.99,564.87,675.39,WARNING,s_imbalance,s_thermal,s_overcharge
2026-03-19,2,ESS-02 Aging Fast,94.608,0.798,0.0458,0.4973,21.17,2.183,388,0.693,-1.21,-0.174,1.172,-0.027,0.373,2.94406731179957e-06,2.5339832575469274e-06,3.4205165860375273e-06,549.13,505.2,604.05,NORMAL,s_thermal,s_imbalance,s_ISC
2026-03-20,2,ESS-02 Aging Fast,94.582,1.0,0.5595,0.5999,15.89,2.762,390,1.574,-1.811,1.671,2.091,0.075,1.082,3.991470600114082e-06,3.4354924932494755e-06,4.637424226480863e-06,832.86,766.23,916.15,WARNING,s_imbalance,s_thermal,s_overcharge
2026-03-21,2,ESS-02 Aging Fast,94.507,0.7362,0.167,0.5209,16.93,2.159,394,1.016,-1.723,0.008,0.906,-0.018,0.386,2.9605356632103112e-06,2.5481577106226994e-06,3.4396500623444872e-06,554.33,509.99,609.77,NORMAL,s_thermal,s_ISC,s_imbalance
2026-03-22,2,ESS-02 Aging Fast,94.441,0.8793,0.1895,0.5748,16.58,2.171,395,1.011,-1.642,0.522,1.273,0.104,0.582,3.220524454357432e-06,2.771932329607858e-06,3.741713640468302e-06,632.8,582.18,696.08,WARNING,s_thermal,s_imbalance,s_ISC
2026-03-23,2,ESS-02 Aging Fast,94.455,0.8316,0.2985,0.5557,18.09,2.29,392,1.129,-1.677,0.263,1.331,-0.128,0.544,3.1691109819764373e-06,2.7276803044484157e-06,3.6819797694870285e-06,617.8,568.37,679.58,WARNING,s_thermal,s_imbalance,s_ISC
2026-03-24,2,ESS-02 Aging Fast,94.52,0.7212,0.3898,0.5243,19.57,2.157,396,0.869,-1.195,0.194,0.959,-0.214,0.405,2.9844523266975156e-06,2.5687429907020594e-06,3.4674372342216133e-06,561.84,516.89,618.02,NORMAL,s_thermal,s_imbalance,s_ISC
2026-03-25,2,ESS-02 Aging Fast,94.494,0.7483,0.0191,0.4936,18.31,2.361,392,1.127,-1.444,0.262,1.514,0.092,0.599,3.24399617649206e-06,2.7921346462608616e-06,3.7689838624505258e-06,639.57,588.4,703.53,WARNING,s_imbalance,s_thermal,s_ISC
2026-03-26,2,ESS-02 Aging Fast,94.46,0.8812,0.3031,0.5803,19.14,2.286,397,0.439,-1.628,0.139,1.483,-0.064,0.412,2.99419148066468e-06,2.577125565186046e-06,3.4787525058477813e-06,564.87,519.68,621.36,NORMAL,s_thermal,s_imbalance,s_ISC
2026-03-27,2,ESS-02 Aging Fast,94.489,0.9937,0.1091,0.6225,17.64,2.561,395,1.489,-1.065,1.445,2.174,-0.018,1.022,3.888949774110559e-06,3.347251903698681e-06,4.518312172143438e-06,808.61,743.92,889.47,WARNING,s_imbalance,s_ISC,s_overcharge
2026-03-28,2,ESS-02 Aging Fast,94.451,1.0,0.2856,0.5827,21.9,2.573,397,1.343,-1.222,1.605,1.451,0.127,0.905,3.6994624995906385e-06,3.1841585226978184e-06,4.298159638406635e-06,762.04,701.08,838.25,WARNING,s_overcharge,s_imbalance,s_ISC
2026-03-29,2,ESS-02 Aging Fast,94.387,0.6925,0.1611,0.5488,16.88,2.36,394,0.924,-1.337,0.435,1.114,-0.224,0.495,3.1020982819672315e-06,2.6700018886449295e-06,3.6041221989360423e-06,597.88,550.05,657.66,NORMAL,s_thermal,s_imbalance,s_ISC
2026-03-30,2,ESS-02 Aging Fast,94.455,0.9094,0.3207,0.5613,21.15,2.453,401,1.068,-1.369,0.795,1.686,-0.177,0.71,3.4019991621046835e-06,2.928129202171394e-06,3.952556944146564e-06,683.9,629.19,752.29,WARNING,s_imbalance,s_thermal,s_ISC
2026-03-31,2,ESS-02 Aging Fast,94.505,0.7125,0.3242,0.5918,18.95,2.692,406,1.61,-1.324,0.301,2.073,-0.201,0.797,3.531763590317664e-06,3.0398185884621193e-06,4.103321531156419e-06,718.8,661.29,790.68,WARNING,s_imbalance,s_ISC,s_thermal
2026-04-01,2,ESS-02 Aging Fast,94.405,0.8523,0.3417,0.5463,19.0,2.115,395,0.96,-1.686,0.082,1.235,-0.132,0.455,3.050172032023439e-06,2.625308512831942e-06,3.5437925637219733e-06,582.14,535.57,640.35,NORMAL,s_thermal,s_imbalance,s_ISC
2026-04-02,2,ESS-02 Aging Fast,94.288,0.8617,0.1105,0.5452,20.57,2.143,393,0.958,-1.131,0.3,0.875,-0.309,0.427,3.012783201628065e-06,2.5931276211039974e-06,3.5003529828957245e-06,570.64,524.99,627.71,NORMAL,s_thermal,s_ISC,s_imbalance
2026-04-03,2,ESS-02 Aging Fast,94.356,0.7337,0.2163,0.5257,20.95,2.16,404,0.709,-0.598,0.055,0.994,0.013,0.354,2.9205463412175804e-06,2.5137385540159785e-06,3.393189142929521e-06,541.66,498.32,595.82,NORMAL,s_imbalance,s_ISC,s_thermal
2026-04-04,2,ESS-02 Aging Fast,94.493,0.7241,0.1872,0.5071,18.19,2.537,400,1.198,-1.536,0.346,1.925,0.054,0.705,3.394422943474379e-06,2.9216082841918814e-06,3.94375464359308e-06,681.82,627.28,750.01,WARNING,s_imbalance,s_thermal,s_ISC
2026-04-05,2,ESS-02 Aging Fast,94.303,0.8103,0.2811,0.5586,19.46,2.372,404,1.045,-0.817,0.48,1.421,0.044,0.598,3.2430532633638518e-06,2.7913230726770035e-06,3.7678883548403484e-06,639.3,588.16,703.23,WARNING,s_imbalance,s_ISC,s_thermal
2026-04-06,2,ESS-02 Aging Fast,94.249,0.9781,0.1275,0.5803,18.26,2.118,407,0.467,-1.318,1.516,0.861,-0.141,0.569,3.201991753444547e-06,2.755981071837362e-06,3.7201817363173724e-06,627.42,577.23,690.16,WARNING,s_overcharge,s_thermal,s_imbalance
2026-04-07,2,ESS-02 Aging Fast,94.298,0.9273,0.2954,0.5373,22.91,1.964,422,0.78,-0.938,0.739,1.106,0.22,0.569,3.202648952345099e-06,2.7565467286777956e-06,3.7209452917128992e-06,627.61,577.4,690.37,WARNING,s_imbalance,s_thermal,s_ISC
2026-04-08,2,ESS-02 Aging Fast,94.339,0.8961,0.2546,0.5922,19.18,2.038,409,0.997,-0.847,0.63,0.737,-0.043,0.473,3.0729444495048423e-06,2.644908930917886e-06,3.5702503119237917e-06,589.07,541.95,647.98,NORMAL,s_ISC,s_thermal,s_imbalance
2026-04-09,2,ESS-02 Aging Fast,94.311,0.9398,0.4485,0.617,21.55,2.509,413,1.233,-1.11,1.063,1.545,0.12,0.792,3.5244475998269397e-06,3.033521650902209e-06,4.0948215725912375e-06,716.86,659.52,788.55,WARNING,s_imbalance,s_ISC,s_thermal
2026-04-10,2,ESS-02 Aging Fast,94.204,0.9102,0.1282,0.5177,21.24,2.341,406,0.975,-0.757,0.715,1.587,0.135,0.682,3.362344924374326e-06,2.8939984512991794e-06,3.906485343316858e-06,672.97,619.13,740.27,WARNING,s_imbalance,s_ISC,s_thermal
2026-04-11,2,ESS-02 Aging Fast,94.193,0.8321,0.387,0.5843,20.24,2.56,429,1.034,-1.497,0.193,1.858,0.245,0.666,3.3387034366225363e-06,2.8736500152233805e-06,3.879017883085132e-06,666.4,613.08,733.03,WARNING,s_imbalance,s_thermal,s_ISC
2026-04-12,2,ESS-02 Aging Fast,94.323,0.8055,0.1168,0.5416,19.6,2.422,420,1.502,-1.522,0.038,1.561,0.064,0.633,3.2918587885795605e-06,2.8333304157614207e-06,3.824592225301826e-06,653.22,600.97,718.55,WARNING,s_imbalance,s_thermal,s_ISC
2026-04-13,2,ESS-02 Aging Fast,94.262,0.6776,0.2857,0.4934,22.7,2.301,416,1.172,-0.825,-0.031,1.43,-0.164,0.52,3.136541265356246e-06,2.699647264941341e-06,3.64413919605693e-06,608.17,559.52,668.99,WARNING,s_imbalance,s_ISC,s_thermal
2026-04-14,2,ESS-02 Aging Fast,94.245,0.7652,0.2439,0.5381,19.96,2.203,420,0.618,-0.929,0.384,1.422,-0.204,0.485,3.0889332144777242e-06,2.658670600274874e-06,3.588826588043901e-06,593.91,546.4,653.3,NORMAL,s_imbalance,s_thermal,s_ISC
2026-04-15,2,ESS-02 Aging Fast,94.236,0.9162,0.1126,0.5147,20.71,2.571,416,1.072,-1.128,0.789,1.764,0.033,0.732,3.434292447623214e-06,2.9559243170698035e-06,3.990076347562738e-06,692.71,637.29,761.98,WARNING,s_imbalance,s_thermal,s_ISC
2026-04-16,2,ESS-02 Aging Fast,94.129,1.0,0.3974,0.6456,20.18,2.636,417,1.282,-1.276,1.704,2.14,-0.058,1.025,3.8950733651212875e-06,3.3525225330406707e-06,4.525426760905762e-06,810.07,745.27,891.08,WARNING,s_imbalance,s_overcharge,s_ISC
2026-04-17,2,ESS-02 Aging Fast,94.246,0.7873,0.5021,0.57,22.49,2.156,419,0.523,-1.142,0.002,1.209,0.028,0.352,2.918251416351947e-06,2.5117632922723555e-06,3.390522823155592e-06,540.92,497.65,595.02,NORMAL,s_imbalance,s_thermal,s_ISC
2026-04-18,2,ESS-02 Aging Fast,94.202,0.8599,0.4013,0.5529,20.48,2.549,427,1.489,-1.371,0.181,1.676,0.107,0.691,3.3741069362844275e-06,2.9041221182683894e-06,3.920150836619423e-06,676.23,622.13,743.85,WARNING,s_imbalance,s_ISC,s_thermal
2026-04-19,2,ESS-02 Aging Fast,94.206,0.9936,0.309,0.5457,20.54,2.638,415,1.226,-1.662,1.626,2.012,0.11,0.995,3.844349120397974e-06,3.308863723943256e-06,4.4664936702636175e-06,797.85,734.03,877.64,WARNING,s_imbalance,s_thermal,s_overcharge
2026-04-20,2,ESS-02 Aging Fast,94.025,0.9295,0.3462,0.5631,22.69,2.62,418,1.23,-1.064,0.947,1.829,-0.122,0.801,3.538242066154196e-06,3.045394669780997e-06,4.110848437611934e-06,720.51,662.87,792.56,WARNING,s_imbalance,s_ISC,s_thermal
2026-04-21,2,ESS-02 Aging Fast,94.1,0.8212,0.2334,0.5736,21.92,2.72,424,0.883,-1.237,0.191,1.569,-0.122,0.529,3.1476109907324256e-06,2.709175074209451e-06,3.6570003689768733e-06,611.45,562.54,672.6,WARNING,s_imbalance,s_thermal,s_ISC
2026-04-22,2,ESS-02 Aging Fast,94.068,1.0,0.2497,0.6276,20.54,2.22,427,0.824,-1.535,1.729,1.491,0.078,0.824,3.573671519338939e-06,3.0758891129462725e-06,4.152011542146371e-06,729.79,671.41,802.77,WARNING,s_overcharge,s_thermal,s_imbalance
2026-04-23,2,ESS-02 Aging Fast,94.098,0.9383,0.3326,0.6052,23.14,2.19,435,0.863,-0.873,1.185,1.029,-0.124,0.616,3.267204249639326e-06,2.8121100380530123e-06,3.795947768127939e-06,646.22,594.52,710.84,WARNING,s_overcharge,s_imbalance,s_thermal
2026-04-24,2,ESS-02 Aging Fast,94.104,0.74,0.2551,0.5708,20.8,2.392,424,1.241,-1.099,-0.042,1.572,-0.001,0.563,3.1939601004055415e-06,2.7490681578440625e-06,3.7108502964497694e-06,625.08,575.07,687.59,WARNING,s_imbalance,s_ISC,s_thermal
2026-04-25,2,ESS-02 Aging Fast,94.066,0.681,0.1665,0.4932,20.86,2.382,433,1.21,-1.181,0.084,1.115,-0.016,0.482,3.084957476670377e-06,2.6552486480891276e-06,3.58420744433442e-06,592.71,545.29,651.98,NORMAL,s_ISC,s_thermal,s_imbalance
2026-04-26,2,ESS-02 Aging Fast,94.03,0.8905,0.1008,0.5332,23.34,2.272,424,0.613,-1.112,0.538,1.692,0.243,0.617,3.269448057257086e-06,2.8140413029256043e-06,3.7985546978945937e-06,646.86,595.11,711.54,WARNING,s_imbalance,s_thermal,s_ISC
2026-04-27,2,ESS-02 Aging Fast,94.025,0.9656,0.3357,0.541,21.2,2.585,434,1.531,-0.464,1.287,1.873,0.009,0.94,3.755298737140631e-06,3.232217267634309e-06,4.363032012912958e-06,776.01,713.93,853.61,WARNING,s_imbalance,s_ISC,s_overcharge
2026-04-28,2,ESS-02 Aging Fast,94.037,0.7854,0.2667,0.5172,21.33,2.562,435,1.121,-0.577,0.353,1.858,0.161,0.699,3.3859925178247044e-06,2.91435214273743e-06,3.933959897140323e-06,679.51,625.15,747.46,WARNING,s_imbalance,s_ISC,s_thermal
2026-04-29,2,ESS-02 Aging Fast,94.02,0.8935,0.2674,0.5352,23.85,2.53,434,1.015,-1.057,0.364,1.908,0.007,0.659,3.328657481906715e-06,2.865003373838446e-06,3.867346161489269e-06,663.59,610.5,729.94,WARNING,s_imbalance,s_thermal,s_ISC
2026-04-30,2,ESS-02 Aging Fast,94.013,0.763,0.2699,0.5221,23.09,2.785,425,1.441,-0.786,0.054,2.102,-0.058,0.719,3.4162185753751244e-06,2.940367976216793e-06,3.969077527166502e-06,687.79,632.77,756.57,WARNING,s_imbalance,s_ISC,s_thermal
2025-05-01,3,ESS-03 SOC Volatility,98.5,0.642,0.4313,0.6196,22.19,0.75,1,-1.426,-0.891,-0.271,-0.596,-0.122,0.0,2.5088087757435583e-06,2.1593524792086137e-06,2.914818760667119e-06,400.0,368.0,440.0,NORMAL,s_ISC,s_thermal,s_imbalance
2025-05-02,3,ESS-03 SOC Volatility,98.536,0.9287,0.0,0.5523,24.8,0.846,7,-0.942,-0.388,0.988,-0.231,-0.159,0.198,2.730723594165807e-06,2.3503564729110386e-06,3.172646777057277e-06,479.01,440.69,526.91,NORMAL,s_overcharge,s_ISC,s_thermal
2025-05-03,3,ESS-03 SOC Volatility,98.469,1.0,0.5492,0.5492,22.9,0.99,0,-0.141,-1.059,1.385,-0.13,-0.05,0.277,2.825455471816142e-06,2.431893018730087e-06,3.2827094174232315e-06,510.8,469.94,561.88,NORMAL,s_overcharge,s_thermal,s_ISC
2025-05-04,3,ESS-03 SOC Volatility,98.578,0.5514,0.1329,0.5514,20.72,0.962,1,-0.603,-1.566,0.12,-0.533,0.291,0.082,2.5989742712712157e-06,2.236958695622338e-06,3.019576034289847e-06,432.91,398.28,476.21,NORMAL,s_thermal,s_ISC,s_imbalance
2025-05-05,3,ESS-03 SOC Volatility,98.551,0.839,0.1211,0.4903,24.54,1.002,5,-0.803,-1.046,-0.331,-0.084,0.05,0.01,2.519609618342373e-06,2.1686488570968794e-06,2.9273675392369145e-06,404.0,371.68,444.41,NORMAL,s_thermal,s_ISC,s_overcharge
2025-05-06,3,ESS-03 SOC Volatility,98.502,0.8652,0.0177,0.5417,24.22,0.794,3,-0.756,-0.863,0.006,-0.465,0.002,0.002,2.5105425247510925e-06,2.1608447318518342e-06,2.916833087996124e-06,400.64,368.59,440.71,NORMAL,s_thermal,s_ISC,s_imbalance
2025-05-07,3,ESS-03 SOC Volatility,98.47,0.878,0.1426,0.55,20.77,1.057,0,-0.237,-1.114,0.111,-0.35,-0.062,0.022,2.5329226898718827e-06,2.1801075320174018e-06,2.9428351089683775e-06,408.92,376.2,449.81,NORMAL,s_thermal,s_imbalance,s_ISC
2025-05-08,3,ESS-03 SOC Volatility,98.51,1.0,0.4552,0.5865,22.36,0.823,17,-0.241,-0.902,1.84,-0.711,0.263,0.421,3.005086273865833e-06,2.5865028084318866e-06,3.4914104373668807e-06,568.26,522.8,625.08,NORMAL,s_overcharge,s_thermal,s_imbalance
2025-05-09,3,ESS-03 SOC Volatility,98.491,0.7801,0.0,0.567,24.42,1.429,8,-0.237,-0.777,0.052,0.081,0.091,0.045,2.557550713226137e-06,2.2013050831923734e-06,2.9714487662597568e-06,417.94,384.5,459.73,NORMAL,s_thermal,s_ISC,s_thermal_mag
2025-05-10,3,ESS-03 SOC Volatility,98.425,0.5995,0.5248,0.5995,22.96,1.051,12,-0.438,-0.978,0.272,-0.36,0.178,0.09,2.6075971016138234e-06,2.24438043986008e-06,3.0295943254096957e-06,436.0,401.12,479.6,NORMAL,s_thermal,s_ISC,s_imbalance
2025-05-11,3,ESS-03 SOC Volatility,98.343,0.5589,0.2427,0.5589,22.02,0.806,7,-0.847,-1.515,0.079,-0.571,-0.063,0.016,2.525883894242379e-06,2.1740491802056367e-06,2.934657201873611e-06,406.32,373.82,446.96,NORMAL,s_thermal,s_ISC,s_imbalance
2025-05-12,3,ESS-03 SOC Volatility,98.467,0.8285,0.2589,0.5061,25.77,1.193,11,-0.168,-0.463,0.069,-0.404,-0.149,0.014,2.5236306951613855e-06,2.1721098324200983e-06,2.932039360164888e-06,405.49,373.05,446.04,NORMAL,s_thermal,s_imbalance,s_ISC
2025-05-13,3,ESS-03 SOC Volatility,98.46,0.6673,0.0397,0.5229,23.18,1.044,21,-0.256,-0.585,-0.197,0.183,0.093,0.055,2.568929449107229e-06,2.2110988589203803e-06,2.9846689602773665e-06,422.08,388.31,464.28,NORMAL,s_thermal,s_ISC,s_overcharge
2025-05-14,3,ESS-03 SOC Volatility,98.391,1.0,0.0984,0.5358,23.01,0.782,14,-0.364,-0.921,1.464,-0.297,-0.016,0.293,2.84464127103191e-06,2.448406402191444e-06,3.3050001154719187e-06,517.11,475.74,568.82,NORMAL,s_overcharge,s_thermal,s_ISC
2025-05-15,3,ESS-03 SOC Volatility,98.455,0.5306,0.3323,0.5306,23.49,1.287,10,-0.576,-0.563,0.161,-0.005,-0.105,0.032,2.5436113841253756e-06,2.1893073829243554e-06,2.955253589759646e-06,412.84,379.82,454.13,NORMAL,s_ISC,s_thermal,s_overcharge
2025-05-16,3,ESS-03 SOC Volatility,98.4,0.9753,0.5642,0.5765,24.53,0.974,13,-0.688,-0.616,1.083,-0.5,0.036,0.224,2.7618880239581675e-06,2.377179966736096e-06,3.208854646560227e-06,489.59,450.42,538.55,NORMAL,s_overcharge,s_ISC,s_thermal
2025-05-17,3,ESS-03 SOC Volatility,98.422,0.6941,0.0033,0.5348,24.21,0.953,24,-0.326,-0.919,-0.129,-0.261,-0.015,0.0,2.5088087757435583e-06,2.1593524792086137e-06,2.914818760667119e-06,400.0,368.0,440.0,NORMAL,s_thermal,s_ISC,s_imbalance
2025-05-18,3,ESS-03 SOC Volatility,98.493,0.8934,0.0,0.5073,25.88,1.08,24,-0.4,-0.364,0.51,-0.145,0.197,0.141,2.6657176479891264e-06,2.2944052944642693e-06,3.0971207087673764e-06,456.55,420.03,502.21,NORMAL,s_overcharge,s_ISC,s_thermal
2025-05-19,3,ESS-03 SOC Volatility,98.486,1.0,0.2509,0.6036,23.85,0.991,16,-0.676,-0.742,1.525,-0.244,0.038,0.313,2.868873426949649e-06,2.469263228674657e-06,3.3331538379601485e-06,525.02,483.02,577.52,NORMAL,s_overcharge,s_thermal,s_ISC
2025-05-20,3,ESS-03 SOC Volatility,98.492,0.5424,0.3213,0.5424,25.94,1.169,34,-0.71,-0.704,0.092,0.074,0.103,0.054,2.567363874610538e-06,2.2097513554993266e-06,2.9828500237295198e-06,421.51,387.79,463.66,NORMAL,s_ISC,s_thermal,s_thermal_mag
2025-05-21,3,ESS-03 SOC Volatility,98.493,1.0,0.2573,0.5232,27.57,0.937,23,-0.625,-0.445,1.809,-0.223,0.185,0.399,2.9771774191104273e-06,2.562481414514439e-06,3.458985005628927e-06,559.56,514.8,615.52,NORMAL,s_overcharge,s_ISC,s_thermal
2025-05-22,3,ESS-03 SOC Volatility,98.485,1.0,0.5323,0.5464,26.69,1.351,28,-0.636,-0.077,1.111,0.365,0.209,0.337,2.899272334551713e-06,2.495427831944484e-06,3.368472296784554e-06,534.84,492.05,588.33,NORMAL,s_overcharge,s_ISC,s_imbalance
2025-05-23,3,ESS-03 SOC Volatility,98.352,0.9286,0.424,0.5002,25.92,0.814,35,-0.443,-0.836,1.024,-0.979,0.099,0.225,2.7627785979711646e-06,2.377946491482552e-06,3.2098893450191075e-06,489.89,450.7,538.88,NORMAL,s_overcharge,s_imbalance,s_thermal
2025-05-24,3,ESS-03 SOC Volatility,98.317,0.9916,0.576,0.576,26.12,0.987,21,-0.746,-0.212,1.511,-0.129,0.059,0.314,2.870637075561464e-06,2.47078121631604e-06,3.335202903406222e-06,525.59,483.54,578.15,NORMAL,s_overcharge,s_ISC,s_thermal
2025-05-25,3,ESS-03 SOC Volatility,98.351,0.7699,0.0,0.561,27.07,0.964,27,-0.291,-0.401,0.03,0.061,0.06,0.03,2.541680623129895e-06,2.1876455603578385e-06,2.9530103673666873e-06,412.13,379.16,453.35,NORMAL,s_thermal,s_ISC,s_imbalance
2025-05-26,3,ESS-03 SOC Volatility,98.45,0.7794,0.2915,0.4447,25.42,1.345,25,0.068,-0.614,-0.223,0.193,-0.042,0.052,2.565738339363257e-06,2.2083522433456657e-06,2.98096142278535e-06,420.92,387.24,463.01,NORMAL,s_thermal,s_overcharge,s_imbalance
2025-05-27,3,ESS-03 SOC Volatility,98.436,1.0,0.0348,0.5479,25.57,0.655,35,-1.371,-0.194,1.552,-0.828,0.099,0.33,2.8906508177821624e-06,2.4880072177073983e-06,3.3584555327632226e-06,532.07,489.5,585.27,NORMAL,s_overcharge,s_ISC,s_imbalance
2025-05-28,3,ESS-03 SOC Volatility,98.404,0.9821,0.4772,0.4772,23.38,1.112,39,-0.439,-1.3,1.389,0.071,-0.124,0.292,2.84363937550393e-06,2.447544062035707e-06,3.3038360800114384e-06,516.78,475.44,568.46,NORMAL,s_overcharge,s_thermal,s_ISC
2025-05-29,3,ESS-03 SOC Volatility,98.265,0.4746,0.4152,0.4746,25.07,1.008,35,-1.078,-0.68,-0.042,-0.231,-0.016,0.0,2.5088087757435583e-06,2.1593524792086137e-06,2.914818760667119e-06,400.0,368.0,440.0,NORMAL,s_ISC,s_thermal,s_imbalance
2025-05-30,3,ESS-03 SOC Volatility,98.351,0.8287,0.0445,0.5284,28.5,1.314,37,-0.223,-0.238,0.224,0.17,-0.123,0.079,2.594930513183703e-06,2.2334781982636494e-06,3.014877861623523e-06,431.46,396.95,474.61,NORMAL,s_thermal,s_overcharge,s_ISC
2025-05-31,3,ESS-03 SOC Volatility,98.394,0.9663,0.0247,0.567,24.71,0.942,31,-0.916,-0.454,1.135,-0.378,-0.013,0.227,2.7653720197070142e-06,2.3801786719756713e-06,3.2129024685019795e-06,490.76,451.5,539.84,NORMAL,s_overcharge,s_ISC,s_thermal
2025-06-01,3,ESS-03 SOC Volatility,98.268,0.8121,0.0063,0.5728,25.84,1.237,36,0.186,-0.186,0.354,0.148,0.106,0.159,2.6856364949442492e-06,2.311549617699126e-06,3.1202630871934497e-06,463.49,426.41,509.84,NORMAL,s_overcharge,s_thermal,s_ISC
2025-06-02,3,ESS-03 SOC Volatility,98.28,1.0,0.3537,0.5325,23.24,1.017,35,-0.36,-0.975,1.467,-0.225,-0.024,0.293,2.8453181910348314e-06,2.4489890330991335e-06,3.305786583586697e-06,517.33,475.94,569.06,NORMAL,s_overcharge,s_thermal,s_ISC
2025-06-03,3,ESS-03 SOC Volatility,98.381,0.8318,0.2826,0.5029,24.95,1.051,45,-0.32,-0.548,-0.186,0.1,-0.155,0.02,2.530375056000562e-06,2.1779147616768352e-06,2.9398751831241508e-06,407.98,375.34,448.78,NORMAL,s_thermal,s_ISC,s_overcharge
2025-06-04,3,ESS-03 SOC Volatility,98.36,0.7654,0.525,0.525,27.87,1.179,44,0.172,-0.871,-0.269,-0.045,-0.255,0.034,2.546007777046656e-06,2.1913699788886134e-06,2.9580377988213378e-06,413.72,380.62,455.09,NORMAL,s_thermal,s_overcharge,s_thermal_mag
2025-06-05,3,ESS-03 SOC Volatility,98.398,0.8883,0.3009,0.5358,27.58,1.212,37,-0.533,-0.343,0.418,-0.097,-0.197,0.084,2.600377777940477e-06,2.238166705882412e-06,3.0212066750260168e-06,433.42,398.74,476.76,NORMAL,s_ISC,s_overcharge,s_thermal
2025-06-06,3,ESS-03 SOC Volatility,98.271,1.0,0.553,0.553,26.88,1.755,37,0.059,-0.529,1.599,1.039,-0.145,0.539,3.1618948205035315e-06,2.72146929123228e-06,3.6735957945767507e-06,615.67,566.42,677.24,WARNING,s_overcharge,s_imbalance,s_thermal
2025-06-07,3,ESS-03 SOC Volatility,98.362,0.6332,0.4561,0.6332,26.75,1.206,35,0.154,-0.562,0.157,0.048,-0.083,0.072,2.5873012011115756e-06,2.2269115837684656e-06,3.0060138730435616e-06,428.72,394.42,471.59,NORMAL,s_thermal,s_overcharge,s_ISC
2025-06-08,3,ESS-03 SOC Volatility,98.395,0.4855,0.0,0.4855,25.33,0.911,48,-0.642,-0.535,0.087,-0.182,0.046,0.027,2.5376421820121206e-06,2.1841696394162018e-06,2.9483183720456753e-06,410.65,377.8,451.72,NORMAL,s_ISC,s_thermal,s_imbalance
2025-06-09,3,ESS-03 SOC Volatility,98.319,0.5149,0.2931,0.5149,27.77,0.798,40,-0.356,-0.412,0.084,-0.675,-0.045,0.017,2.527066788350571e-06,2.175067307316418e-06,2.936031527630188e-06,406.76,374.22,447.44,NORMAL,s_imbalance,s_thermal,s_ISC
2025-06-10,3,ESS-03 SOC Volatility,98.246,0.6116,0.5472,0.6116,24.8,1.065,50,-0.8,-0.736,-0.114,-0.146,-0.095,0.0,2.5088087757435583e-06,2.1593524792086137e-06,2.914818760667119e-06,400.0,368.0,440.0,NORMAL,s_ISC,s_thermal,s_imbalance
2025-06-11,3,ESS-03 SOC Volatility,98.225,1.0,0.5712,0.5712,29.72,1.113,48,-0.439,0.229,1.404,-0.416,-0.014,0.327,2.8863697164255293e-06,2.4843224366567433e-06,3.3534816072607176e-06,530.68,488.23,583.75,NORMAL,s_overcharge,s_ISC,s_imbalance
2025-06-12,3,ESS-03 SOC Volatility,98.336,1.0,0.1162,0.5619,27.24,1.234,51,-0.254,-0.456,1.684,-0.422,0.04,0.345,2.908695931820221e-06,2.50353880384191e-06,3.3794209444898425e-06,537.87,494.84,591.65,NORMAL,s_overcharge,s_thermal,s_imbalance
2025-06-13,3,ESS-03 SOC Volatility,98.386,0.9572,0.1172,0.5372,28.72,1.063,53,-0.437,0.021,1.278,-0.226,-0.141,0.26,2.804636669584958e-06,2.413974095537592e-06,3.258521442137132e-06,503.91,463.59,554.3,NORMAL,s_overcharge,s_ISC,s_imbalance
2025-06-14,3,ESS-03 SOC Volatility,98.271,0.6118,0.1773,0.4801,26.76,1.362,49,-0.123,-0.23,0.001,0.353,0.236,0.118,2.639037818251909e-06,2.2714417352317807e-06,3.0661231955996114e-06,447.17,411.4,491.89,NORMAL,s_imbalance,s_thermal_mag,s_thermal
2025-06-15,3,ESS-03 SOC Volatility,98.339,0.9679,0.0917,0.5069,25.91,1.341,54,-0.39,-0.358,1.218,-0.008,0.073,0.258,2.802863161319119e-06,2.4124476216346308e-06,3.2564609213740117e-06,503.32,463.05,553.65,NORMAL,s_overcharge,s_ISC,s_thermal
2025-06-16,3,ESS-03 SOC Volatility,98.295,1.0,0.3028,0.5447,27.96,1.127,54,-0.258,-0.292,1.704,0.169,-0.036,0.375,2.946286647364909e-06,2.535893458937659e-06,3.423095083635461e-06,549.84,505.85,604.82,NORMAL,s_overcharge,s_thermal,s_ISC
2025-06-17,3,ESS-03 SOC Volatility,98.222,0.8136,0.3078,0.5068,26.18,1.272,51,-0.921,-0.549,0.101,-0.15,-0.224,0.02,2.530575501795523e-06,2.178087287093021e-06,2.9401080677218065e-06,408.05,375.41,448.86,NORMAL,s_ISC,s_thermal,s_thermal_mag
2025-06-18,3,ESS-03 SOC Volatility,98.282,1.0,0.3406,0.5155,28.66,0.825,51,-0.969,0.246,1.624,-0.543,0.129,0.4,2.978299282813219e-06,2.5634470123529054e-06,3.4602884240382694e-06,559.91,515.12,615.9,NORMAL,s_overcharge,s_ISC,s_imbalance
2025-06-19,3,ESS-03 SOC Volatility,98.243,1.0,0.2425,0.5408,27.28,1.384,54,-0.327,-0.612,1.911,0.228,-0.176,0.428,3.014291253243183e-06,2.594425614247685e-06,3.5021050871929908e-06,571.11,525.42,628.22,NORMAL,s_overcharge,s_thermal,s_ISC
2025-06-20,3,ESS-03 SOC Volatility,98.292,0.9472,0.55,0.55,30.22,0.786,68,-0.572,0.401,1.234,-0.625,0.26,0.379,2.9516608814995393e-06,2.5405191089246533e-06,3.4293390469217124e-06,551.54,507.41,606.69,NORMAL,s_overcharge,s_imbalance,s_ISC
2025-06-21,3,ESS-03 SOC Volatility,98.353,0.663,0.5168,0.5396,27.57,1.127,65,-0.088,-0.389,-0.036,-0.094,0.023,0.005,2.513712300869439e-06,2.1635729853497137e-06,2.9205158394377684e-06,401.82,369.67,442.0,NORMAL,s_thermal,s_imbalance,s_ISC
2025-06-22,3,ESS-03 SOC Volatility,98.253,0.7616,0.0,0.5103,28.16,0.825,64,-1.031,0.107,0.07,-0.241,0.08,0.051,2.5648475764908524e-06,2.2075855560883718e-06,2.979926504837337e-06,420.59,386.95,462.65,NORMAL,s_ISC,s_imbalance,s_thermal
2025-06-23,3,ESS-03 SOC Volatility,98.255,0.876,0.5802,0.5802,26.04,1.188,64,0.311,-0.632,0.194,0.051,0.198,0.151,2.676400723848783e-06,2.3036003099115722e-06,3.109532661388186e-06,460.28,423.46,506.31,NORMAL,s_thermal,s_ISC,s_thermal_mag
2025-06-24,3,ESS-03 SOC Volatility,98.317,0.58,0.2772,0.58,27.34,0.839,69,-0.829,-0.427,-0.085,-0.18,0.187,0.037,2.549460059275643e-06,2.1943413878489542e-06,2.9620487752230007e-06,414.98,381.78,456.48,NORMAL,s_ISC,s_thermal,s_thermal_mag
2025-06-25,3,ESS-03 SOC Volatility,98.317,1.0,0.6339,0.6339,25.75,1.202,54,-0.16,-0.72,1.495,0.103,-0.36,0.32,2.877598539358482e-06,2.4767730085312545e-06,3.3432909629010998e-06,527.85,485.62,580.63,NORMAL,s_overcharge,s_thermal,s_thermal_mag
2025-06-26,3,ESS-03 SOC Volatility,98.274,1.0,0.2863,0.5644,27.11,1.462,66,0.091,0.167,1.224,0.203,0.229,0.383,2.9567319876659713e-06,2.5448838540435494e-06,3.4352308260807802e-06,553.14,508.89,608.45,NORMAL,s_overcharge,s_thermal_mag,s_imbalance
2025-06-27,3,ESS-03 SOC Volatility,98.272,1.0,0.0,0.5414,28.38,1.115,62,-0.28,-0.192,1.097,0.014,-0.192,0.222,2.75985471831249e-06,2.3754298830023012e-06,3.20649228454617e-06,488.9,449.79,537.79,NORMAL,s_overcharge,s_ISC,s_thermal
2025-06-28,3,ESS-03 SOC Volatility,98.273,0.589,0.0915,0.5476,26.72,1.218,73,-0.039,-0.531,-0.288,-0.079,-0.154,0.0,2.5088087757435583e-06,2.1593524792086137e-06,2.914818760667119e-06,400.0,368.0,440.0,NORMAL,s_thermal,s_overcharge,s_thermal_mag
2025-06-29,3,ESS-03 SOC Volatility,98.305,0.5329,0.3189,0.5329,27.03,1.06,77,0.012,-0.414,-0.207,-0.257,0.017,0.006,2.5149788049741953e-06,2.164663076298413e-06,2.921987306077729e-06,402.29,370.11,442.52,NORMAL,s_thermal,s_imbalance,s_overcharge
2025-06-30,3,ESS-03 SOC Volatility,98.289,1.0,0.0567,0.5137,28.35,0.992,69,0.092,0.058,1.459,-0.116,-0.091,0.322,2.8801812866065125e-06,2.478996001471593e-06,3.3462916842980835e-06,528.68,486.39,581.55,NORMAL,s_overcharge,s_imbalance,s_ISC
2025-07-01,3,ESS-03 SOC Volatility,98.158,1.0,0.2076,0.5656,28.7,0.832,66,-0.651,-0.203,1.457,-0.534,-0.023,0.291,2.842916432051056e-06,2.4469218183464403e-06,3.302996140325313e-06,516.54,475.22,568.2,NORMAL,s_overcharge,s_ISC,s_imbalance
2025-07-02,3,ESS-03 SOC Volatility,98.253,1.0,0.3958,0.5811,27.47,0.759,80,-0.541,-0.214,1.321,-0.386,0.018,0.268,2.814377786894189e-06,2.4223583594671668e-06,3.269838995497822e-06,507.14,466.57,557.85,NORMAL,s_overcharge,s_ISC,s_imbalance
2025-07-03,3,ESS-03 SOC Volatility,98.26,0.6598,0.1596,0.5181,30.36,1.442,72,0.138,0.152,0.382,0.205,0.276,0.231,2.769721622589711e-06,2.3839224127574924e-06,3.217955981546591e-06,492.23,452.85,541.45,NORMAL,s_overcharge,s_thermal_mag,s_imbalance
2025-07-04,3,ESS-03 SOC Volatility,98.232,0.9001,0.588,0.588,28.6,1.423,72,0.299,-0.475,0.728,0.008,-0.046,0.207,2.741807447300197e-06,2.3598964409854566e-06,3.1855243657652354e-06,482.79,444.16,531.07,NORMAL,s_overcharge,s_thermal,s_ISC
2025-07-05,3,ESS-03 SOC Volatility,98.29,0.5601,0.3692,0.5601,31.65,1.325,74,-0.105,0.589,0.31,-0.199,0.515,0.283,2.8325447783275917e-06,2.437994846200751e-06,3.2909460089435262e-06,513.14,472.09,564.45,NORMAL,s_thermal,s_thermal_mag,s_overcharge
2025-07-06,3,ESS-03 SOC Volatility,98.129,0.7781,0.0,0.4838,31.14,1.154,72,-0.071,-0.323,0.154,0.062,0.053,0.054,2.567441397656149e-06,2.209818080250764e-06,2.982940092583665e-06,421.54,387.81,463.69,NORMAL,s_thermal,s_overcharge,s_ISC
2025-07-07,3,ESS-03 SOC Volatility,98.379,0.5283,0.4013,0.5283,28.56,1.067,72,-0.571,-0.238,-0.325,0.029,-0.182,0.006,2.5150040028027026e-06,2.1646847642855937e-06,2.9220165817539e-06,402.3,370.12,442.53,NORMAL,s_ISC,s_overcharge,s_thermal
2025-07-08,3,ESS-03 SOC Volatility,98.207,0.9704,0.5596,0.5596,28.78,1.218,83,-0.124,-0.805,1.238,-0.018,-0.128,0.248,2.790117853344636e-06,2.401477624852742e-06,3.2416529995383243e-06,499.07,459.14,548.98,NORMAL,s_overcharge,s_thermal,s_thermal_mag
2025-07-09,3,ESS-03 SOC Volatility,98.227,0.9165,0.3944,0.5745,29.24,0.904,92,-0.838,-0.085,0.761,-0.613,-0.006,0.152,2.678071019527556e-06,2.305037947797522e-06,3.11147326642166e-06,460.86,423.99,506.95,NORMAL,s_ISC,s_overcharge,s_imbalance
2025-07-10,3,ESS-03 SOC Volatility,98.231,0.8357,0.403,0.5592,27.38,1.278,88,-0.258,-0.615,-0.201,0.075,-0.122,0.015,2.5250454907431554e-06,2.1733275591186927e-06,2.93368311677522e-06,406.01,373.53,446.61,NORMAL,s_thermal,s_ISC,s_overcharge
2025-07-11,3,ESS-03 SOC Volatility,98.265,0.7095,0.0,0.4919,30.71,1.36,87,0.099,0.225,0.029,0.275,0.162,0.158,2.684985934258193e-06,2.3109896745086043e-06,3.1195072441683584e-06,463.27,426.2,509.59,NORMAL,s_imbalance,s_thermal,s_thermal_mag
2025-07-12,3,ESS-03 SOC Volatility,98.207,1.0,0.0452,0.538,30.45,1.633,75,0.483,-0.198,1.755,0.069,0.087,0.479,3.081199785990572e-06,2.652014370970173e-06,3.579841634985664e-06,591.57,544.25,650.73,NORMAL,s_overcharge,s_ISC,s_thermal
2025-07-13,3,ESS-03 SOC Volatility,98.139,1.0,0.4156,0.535,31.2,1.21,83,-0.209,0.084,1.771,0.296,-0.066,0.43,3.0175106854934374e-06,2.5971966075931776e-06,3.505845530172237e-06,572.1,526.34,629.31,NORMAL,s_overcharge,s_imbalance,s_ISC
2025-07-14,3,ESS-03 SOC Volatility,98.237,0.9584,0.5495,0.5495,31.73,0.999,92,-0.198,0.3,1.209,-0.044,0.071,0.316,2.8731982941947462e-06,2.4729856793867994e-06,3.3381786121514148e-06,526.42,484.31,579.06,NORMAL,s_overcharge,s_thermal,s_ISC
2025-07-15,3,ESS-03 SOC Volatility,98.262,0.92,0.0489,0.5465,30.26,1.184,89,-0.802,0.227,0.532,-0.073,0.193,0.19,2.72240330169447e-06,2.343195125375175e-06,3.1629799848855347e-06,476.17,438.07,523.78,NORMAL,s_ISC,s_overcharge,s_thermal
2025-07-16,3,ESS-03 SOC Volatility,98.164,0.9979,0.0,0.5183,30.03,1.125,92,-0.534,-0.145,1.692,0.176,-0.113,0.374,2.944990396739844e-06,2.5347777647696722e-06,3.421589056707964e-06,549.43,505.47,604.37,NORMAL,s_overcharge,s_ISC,s_imbalance
2025-07-17,3,ESS-03 SOC Volatility,98.213,1.0,0.5717,0.5717,30.23,1.199,90,-0.024,0.156,1.52,-0.132,0.03,0.341,2.9044149873760178e-06,2.4998541578286214e-06,3.3744472013224517e-06,536.49,493.57,590.14,NORMAL,s_overcharge,s_thermal,s_imbalance
2025-07-18,3,ESS-03 SOC Volatility,98.084,0.6518,0.0,0.4494,30.71,1.218,90,-0.31,-0.043,0.267,0.11,0.01,0.077,2.5935958444793527e-06,2.232329437433697e-06,3.0133271991221728e-06,430.98,396.5,474.08,NORMAL,s_ISC,s_overcharge,s_imbalance
2025-07-19,3,ESS-03 SOC Volatility,98.227,1.0,0.3816,0.6089,30.49,1.097,95,-0.356,-0.033,1.564,-0.088,0.141,0.341,2.9040534553456548e-06,2.4995429840745927e-06,3.3740271614245744e-06,536.38,493.47,590.02,NORMAL,s_overcharge,s_ISC,s_thermal_mag
2025-07-20,3,ESS-03 SOC Volatility,98.171,1.0,0.0,0.5887,30.58,1.074,93,-1.062,0.418,1.597,-0.134,0.326,0.468,3.0668743329386695e-06,2.6396843287033264e-06,3.5631978496474196e-06,587.23,540.25,645.95,NORMAL,s_overcharge,s_ISC,s_thermal
2025-07-21,3,ESS-03 SOC Volatility,98.2,0.5701,0.1631,0.5499,26.58,0.768,95,-0.465,-0.709,-0.084,-0.508,0.155,0.031,2.5423486444321253e-06,2.188220532028265e-06,2.9537864967519147e-06,412.38,379.39,453.62,NORMAL,s_thermal,s_imbalance,s_ISC
2025-07-22,3,ESS-03 SOC Volatility,98.201,0.8656,0.1359,0.5724,31.18,1.703,95,0.456,0.238,-0.278,0.536,-0.027,0.246,2.788224864644642e-06,2.3998483131133683e-06,3.2394536624310613e-06,498.44,458.56,548.28,NORMAL,s_imbalance,s_ISC,s_overcharge
2025-07-23,3,ESS-03 SOC Volatility,98.186,0.9515,0.0957,0.4982,29.97,1.499,110,-0.236,-0.337,1.061,0.65,-0.108,0.342,2.9054649893599686e-06,2.500757903642844e-06,3.3756671284353172e-06,536.83,493.88,590.51,NORMAL,s_overcharge,s_imbalance,s_thermal
2025-07-24,3,ESS-03 SOC Volatility,98.185,0.5353,0.3292,0.5353,27.89,0.981,102,-0.739,-0.199,0.035,-0.202,0.016,0.01,2.5199195477071222e-06,2.1689156159605033e-06,2.9277276254920322e-06,404.12,371.79,444.53,NORMAL,s_ISC,s_imbalance,s_thermal
2025-07-25,3,ESS-03 SOC Volatility,98.263,0.9768,0.456,0.5998,30.59,1.134,103,-0.208,-0.053,1.182,0.024,-0.083,0.241,2.782566905712528e-06,2.3949784589513674e-06,3.2328800579261814e-06,496.54,456.82,546.2,NORMAL,s_overcharge,s_ISC,s_thermal_mag
2025-07-26,3,ESS-03 SOC Volatility,98.107,0.8944,0.1123,0.5127,29.49,1.4,91,-0.599,0.054,0.444,0.281,0.15,0.186,2.716864857716927e-06,2.3384281388550295e-06,3.156545236685245e-06,474.27,436.33,521.69,NORMAL,s_ISC,s_overcharge,s_imbalance
2025-07-27,3,ESS-03 SOC Volatility,98.093,0.8973,0.0034,0.5539,28.93,1.189,108,0.006,-0.071,0.569,-0.051,-0.178,0.115,2.6356854197636457e-06,2.2685562969927684e-06,3.062228267565508e-06,445.99,410.31,490.59,NORMAL,s_overcharge,s_thermal_mag,s_thermal
2025-07-28,3,ESS-03 SOC Volatility,98.098,1.0,0.2159,0.4909,28.46,1.346,105,-0.051,0.139,1.757,0.012,0.174,0.416,2.9994840661944295e-06,2.5816809395705637e-06,3.484901606984294e-06,566.52,521.2,623.17,NORMAL,s_overcharge,s_thermal_mag,s_thermal
2025-07-29,3,ESS-03 SOC Volatility,98.189,0.7503,0.4056,0.6111,28.24,1.318,103,-0.453,-0.06,-0.201,0.552,0.074,0.125,2.6473187179887895e-06,2.278569176935561e-06,3.0757442202436e-06,450.1,414.09,495.1,NORMAL,s_imbalance,s_ISC,s_overcharge
2025-07-30,3,ESS-03 SOC Volatility,98.177,0.7914,0.5108,0.5108,29.32,1.327,114,0.237,0.227,0.079,0.112,-0.02,0.131,2.6537410944118853e-06,2.2840969716322216e-06,3.0832059506902765e-06,452.35,416.17,497.59,NORMAL,s_ISC,s_thermal,s_imbalance
2025-07-31,3,ESS-03 SOC Volatility,98.199,0.7851,0.1178,0.604,30.42,1.257,107,0.086,-0.095,0.118,-0.065,-0.054,0.041,2.5530505889881745e-06,2.1974317876085886e-06,2.9662203721478105e-06,416.3,382.99,457.92,NORMAL,s_overcharge,s_thermal,s_ISC
2025-08-01,3,ESS-03 SOC Volatility,98.094,0.5984,0.4939,0.5984,31.38,1.245,111,-0.037,0.499,0.387,-0.392,0.152,0.208,2.7426933075085204e-06,2.360658908515243e-06,3.1865535875760184e-06,483.09,444.44,531.4,NORMAL,s_thermal,s_imbalance,s_overcharge
2025-08-02,3,ESS-03 SOC Volatility,98.158,0.9534,0.3266,0.5728,31.21,1.051,115,-0.312,0.305,0.939,0.047,0.387,0.336,2.8974105868055724e-06,2.4938254095154427e-06,3.3663092565309177e-06,534.24,491.5,587.67,NORMAL,s_overcharge,s_thermal_mag,s_ISC
2025-08-03,3,ESS-03 SOC Volatility,98.082,0.9357,0.4773,0.6039,30.78,1.294,110,-0.206,0.03,1.06,0.058,-0.157,0.229,2.7683714049047088e-06,2.3827602687296094e-06,3.2163872538109964e-06,491.77,452.43,540.95,NORMAL,s_overcharge,s_ISC,s_thermal_mag
2025-08-04,3,ESS-03 SOC Volatility,98.068,0.9883,0.0,0.5731,30.4,0.75,117,-0.121,0.339,1.599,-0.562,-0.035,0.388,2.9629048738932947e-06,2.5501969108378945e-06,3.442402689805503e-06,555.08,510.67,610.59,NORMAL,s_overcharge,s_imbalance,s_thermal
2025-08-05,3,ESS-03 SOC Volatility,98.162,0.7766,0.0,0.5719,28.58,1.119,115,-0.511,-0.316,-0.014,0.05,0.048,0.02,2.5299795789951597e-06,2.1775743712238628e-06,2.9394157047733474e-06,407.83,375.21,448.62,NORMAL,s_ISC,s_thermal,s_imbalance
2025-08-06,3,ESS-03 SOC Volatility,98.064,0.8076,0.4075,0.5332,29.69,1.796,113,-0.027,-0.111,0.04,0.936,0.059,0.207,2.7420263442051366e-06,2.3600848474414675e-06,3.1857786874593167e-06,482.86,444.23,531.15,NORMAL,s_imbalance,s_thermal,s_thermal_mag
2025-08-07,3,ESS-03 SOC Volatility,98.104,0.622,0.345,0.5099,32.43,0.864,115,-0.517,0.324,-0.092,-0.399,-0.047,0.065,2.5795626649976993e-06,2.220250959215729e-06,2.9970229843158334e-06,425.93,391.85,468.52,NORMAL,s_ISC,s_imbalance,s_thermal
2025-08-08,3,ESS-03 SOC Volatility,98.061,0.6477,0.1739,0.6477,31.33,1.444,129,0.437,0.468,-0.169,0.709,0.402,0.403,2.9824529470921e-06,2.567022107297478e-06,3.4651142887749808e-06,561.21,516.31,617.33,NORMAL,s_imbalance,s_thermal,s_ISC
2025-08-09,3,ESS-03 SOC Volatility,98.042,1.0,0.1935,0.524,31.05,0.921,116,-0.297,0.091,1.173,-0.589,0.011,0.255,2.798772408393899e-06,2.408926675215046e-06,3.2517081488555126e-06,501.96,461.8,552.15,NORMAL,s_overcharge,s_imbalance,s_ISC
2025-08-10,3,ESS-03 SOC Volatility,98.04,0.8322,0.2388,0.5248,32.65,1.473,126,-0.238,0.436,-0.067,0.702,0.142,0.256,2.8000447430825206e-06,2.410021784684268e-06,3.253186389525559e-06,502.38,462.19,552.62,NORMAL,s_imbalance,s_thermal,s_ISC
2025-08-11,3,ESS-03 SOC Volatility,98.072,0.8423,0.0,0.5784,29.55,1.612,124,0.28,0.196,0.179,0.141,0.173,0.194,2.7263274398659673e-06,2.3465726649634094e-06,3.167539178966119e-06,477.51,439.31,525.26,NORMAL,s_ISC,s_thermal,s_overcharge
2025-08-12,3,ESS-03 SOC Volatility,97.999,1.0,0.1911,0.6075,30.28,0.921,115,-0.567,0.367,1.23,-0.291,0.226,0.365,2.9337644886677492e-06,2.5251155282373532e-06,3.4085464247126375e-06,545.87,502.2,600.45,NORMAL,s_overcharge,s_ISC,s_thermal
2025-08-13,3,ESS-03 SOC Volatility,98.084,1.0,0.3796,0.583,30.52,1.365,124,0.179,0.172,1.258,0.14,0.323,0.414,2.996892658835347e-06,2.5794504927234606e-06,3.481890824099377e-06,565.71,520.46,622.28,NORMAL,s_overcharge,s_thermal_mag,s_ISC
2025-08-14,3,ESS-03 SOC Volatility,98.071,0.6612,0.2697,0.5576,31.18,1.205,131,-0.474,0.309,0.138,-0.022,0.11,0.111,2.6314457185224613e-06,2.264907149639555e-06,3.057302441683348e-06,444.49,408.93,488.94,NORMAL,s_ISC,s_thermal,s_overcharge
2025-08-15,3,ESS-03 SOC Volatility,98.054,1.0,0.5673,0.5673,30.53,1.469,127,0.539,0.199,1.467,0.425,0.372,0.601,3.246492260152999e-06,2.7942830473199676e-06,3.771883894874373e-06,640.29,589.06,704.32,WARNING,s_overcharge,s_ISC,s_imbalance
2025-08-16,3,ESS-03 SOC Volatility,98.044,1.0,0.2631,0.5568,28.54,1.108,126,-0.412,0.007,1.455,-0.111,-0.146,0.292,2.844208304530734e-06,2.4480337441750585e-06,3.304497080628018e-06,516.97,475.61,568.66,NORMAL,s_overcharge,s_ISC,s_thermal_mag
2025-08-17,3,ESS-03 SOC Volatility,98.045,1.0,0.0,0.5822,28.5,1.372,127,-0.514,-0.377,1.745,0.309,0.023,0.415,2.9982715833363205e-06,2.580637345031451e-06,3.4834929042483694e-06,566.14,520.85,622.76,NORMAL,s_overcharge,s_ISC,s_thermal
2025-08-18,3,ESS-03 SOC Volatility,98.067,0.9713,0.3507,0.6338,30.76,1.528,127,0.347,0.301,1.237,0.509,0.099,0.499,3.107667214877085e-06,2.674795117766619e-06,3.610592369383951e-06,599.55,551.58,659.5,NORMAL,s_overcharge,s_imbalance,s_ISC
2025-08-19,3,ESS-03 SOC Volatility,98.1,0.6999,0.5504,0.5504,30.65,1.194,127,-0.353,0.278,-0.029,-0.145,0.248,0.105,2.62474122277983e-06,2.2591365324510366e-06,3.0495129355753296e-06,442.11,406.74,486.32,NORMAL,s_ISC,s_thermal,s_thermal_mag
2025-08-20,3,ESS-03 SOC Volatility,98.036,0.642,0.4671,0.642,32.92,1.2,126,-0.342,0.111,-0.07,0.061,-0.059,0.034,2.54600740726754e-06,2.1913696606165535e-06,2.9580373691996535e-06,413.72,380.62,455.09,NORMAL,s_ISC,s_thermal,s_overcharge
2025-08-21,3,ESS-03 SOC Volatility,98.11,1.0,0.2074,0.5946,29.34,1.097,132,-0.192,0.093,1.876,-0.457,0.316,0.457,3.052444167445481e-06,2.6272641595756003e-06,3.5464324058522767e-06,582.83,536.21,641.12,NORMAL,s_overcharge,s_imbalance,s_thermal_mag
2025-08-22,3,ESS-03 SOC Volatility,98.106,0.8944,0.4479,0.535,31.06,1.391,144,-0.085,0.166,0.011,0.221,-0.033,0.08,2.596222562049085e-06,2.2345902758321423e-06,3.01637900697748e-06,431.93,397.37,475.12,NORMAL,s_imbalance,s_thermal,s_ISC
2025-08-23,3,ESS-03 SOC Volatility,97.906,1.0,0.0062,0.6217,29.58,1.404,128,-0.371,-0.026,1.479,0.362,-0.081,0.368,2.9381238960430303e-06,2.5288677080066782e-06,3.413611328666201e-06,547.25,503.47,601.98,NORMAL,s_overcharge,s_ISC,s_imbalance
2025-08-24,3,ESS-03 SOC Volatility,98.16,0.5186,0.3934,0.5181,32.62,1.006,135,-0.303,0.673,0.101,-0.083,0.162,0.187,2.7183727062134586e-06,2.339725957065794e-06,3.1582971051604046e-06,474.78,436.8,522.26,NORMAL,s_thermal,s_ISC,s_thermal_mag
2025-08-25,3,ESS-03 SOC Volatility,97.953,0.7915,0.1277,0.5215,30.86,1.179,134,-0.068,0.501,0.115,-0.119,0.212,0.166,2.6935064727173165e-06,2.318323375418077e-06,3.129406688899932e-06,466.22,428.92,512.84,NORMAL,s_thermal,s_thermal_mag,s_imbalance
2025-08-26,3,ESS-03 SOC Volatility,98.015,0.6204,0.2059,0.5717,30.56,1.298,138,-0.058,0.04,-0.177,0.233,0.138,0.082,2.5988768200316985e-06,2.2368748185024447e-06,3.019462812198021e-06,432.88,398.25,476.17,NORMAL,s_imbalance,s_overcharge,s_thermal_mag
2025-08-27,3,ESS-03 SOC Volatility,98.058,1.0,0.1841,0.5911,30.25,1.305,141,0.067,-0.237,1.701,0.152,-0.027,0.384,2.958114122789781e-06,2.546073469749223e-06,3.436836636458578e-06,553.57,509.29,608.93,NORMAL,s_overcharge,s_thermal,s_imbalance
2025-08-28,3,ESS-03 SOC Volatility,97.984,0.6726,0.21,0.4946,31.57,1.158,152,-0.42,0.01,-0.136,-0.296,0.016,0.005,2.51440720193914e-06,2.164171092662132e-06,2.9213231986388894e-06,402.08,369.91,442.29,NORMAL,s_ISC,s_imbalance,s_overcharge
2025-08-29,3,ESS-03 SOC Volatility,97.997,0.9403,0.3389,0.5832,30.04,1.195,152,-0.116,-0.06,1.009,-0.193,0.152,0.232,2.771634978331079e-06,2.385569254576969e-06,3.220178981771888e-06,492.87,453.44,542.16,NORMAL,s_overcharge,s_imbalance,s_thermal_mag
2025-08-30,3,ESS-03 SOC Volatility,97.914,0.8277,0.579,0.579,30.68,1.421,139,-0.231,0.214,-0.028,0.277,0.493,0.197,2.729802979560932e-06,2.349564091974718e-06,3.1715771764301835e-06,478.7,440.4,526.57,NORMAL,s_thermal_mag,s_imbalance,s_ISC
2025-08-31,3,ESS-03 SOC Volatility,97.944,0.6658,0.1029,0.5122,30.36,1.159,146,-0.512,-0.008,0.241,-0.122,-0.132,0.048,2.5611723189857713e-06,2.2044222303796745e-06,2.9756564683593654e-06,419.26,385.72,461.18,NORMAL,s_ISC,s_overcharge,s_thermal_mag
2025-09-01,3,ESS-03 SOC Volatility,98.037,0.9143,0.2141,0.5396,30.33,1.214,147,-0.174,-0.136,1.176,-0.148,0.108,0.257,2.8009897534006825e-06,2.410835163237495e-06,3.254284333877711e-06,502.69,462.48,552.96,NORMAL,s_overcharge,s_ISC,s_imbalance
2025-09-02,3,ESS-03 SOC Volatility,98.002,0.7944,0.4713,0.5412,32.3,1.006,160,-0.282,0.082,0.328,-0.064,-0.016,0.082,2.5985194655567573e-06,2.236567240432778e-06,3.019047625881462e-06,432.75,398.13,476.03,NORMAL,s_overcharge,s_ISC,s_thermal
2025-09-03,3,ESS-03 SOC Volatility,98.106,1.0,0.1802,0.5493,28.66,1.488,153,0.852,0.249,1.653,0.577,0.367,0.739,3.445509629182364e-06,2.9655790439629095e-06,4.003108838694841e-06,695.75,640.09,765.32,WARNING,s_overcharge,s_ISC,s_imbalance
2025-09-04,3,ESS-03 SOC Volatility,98.01,0.6475,0.2016,0.5752,29.19,1.428,146,-0.238,0.149,0.374,0.174,0.084,0.156,2.6828495818424045e-06,2.309150897569033e-06,3.1170251589333464e-06,462.52,425.52,508.78,NORMAL,s_overcharge,s_ISC,s_imbalance
2025-09-05,3,ESS-03 SOC Volatility,98.007,1.0,0.4967,0.5568,27.97,1.029,155,0.127,-0.143,1.269,-0.383,0.024,0.284,2.8338201607035207e-06,2.4390925788511225e-06,3.292427790501641e-06,513.56,472.47,564.91,NORMAL,s_overcharge,s_imbalance,s_thermal
2025-09-06,3,ESS-03 SOC Volatility,97.995,1.0,0.3094,0.5607,28.04,1.424,143,-0.413,-0.651,1.235,0.826,0.029,0.418,3.00166202686207e-06,2.5835555292565337e-06,3.487432033809747e-06,567.2,521.82,623.91,NORMAL,s_overcharge,s_imbalance,s_thermal
2025-09-07,3,ESS-03 SOC Volatility,97.882,0.856,0.3269,0.5954,31.58,1.111,154,-0.641,0.168,0.19,-0.132,0.08,0.088,2.6048633287006235e-06,2.242027457999562e-06,3.0264181371065864e-06,435.02,400.22,478.53,NORMAL,s_ISC,s_overcharge,s_thermal
2025-09-08,3,ESS-03 SOC Volatility,97.957,0.7048,0.1863,0.5238,28.91,1.217,153,0.008,0.021,-0.098,0.196,0.156,0.076,2.5922948268599826e-06,2.231209640382347e-06,3.0118156335701853e-06,430.52,396.07,473.57,NORMAL,s_imbalance,s_thermal_mag,s_overcharge
2025-09-09,3,ESS-03 SOC Volatility,97.965,0.5863,0.0,0.576,29.45,1.461,164,0.125,-0.237,-0.22,0.443,-0.018,0.114,2.6341321599174296e-06,2.267219392872324e-06,3.060423638627374e-06,445.44,409.8,489.98,NORMAL,s_imbalance,s_thermal,s_overcharge
2025-09-10,3,ESS-03 SOC Volatility,97.982,0.7421,0.0,0.5557,26.96,1.234,153,-0.31,-0.307,0.153,-0.283,-0.042,0.031,2.541870951479283e-06,2.1878093776022956e-06,2.9532314971784463e-06,412.2,379.23,453.42,NORMAL,s_ISC,s_thermal,s_imbalance
2025-09-11,3,ESS-03 SOC Volatility,97.958,0.8351,0.0,0.6214,27.18,1.566,152,0.183,-0.468,-0.143,0.281,0.128,0.118,2.6395850691200373e-06,2.2719127587654134e-06,3.0667590098544134e-06,447.37,411.58,492.1,NORMAL,s_thermal,s_imbalance,s_ISC
2025-09-12,3,ESS-03 SOC Volatility,97.889,0.631,0.4553,0.631,30.12,1.182,153,0.081,0.024,-0.174,0.163,-0.124,0.054,2.567233998738581e-06,2.2096395702204375e-06,2.9826991296195618e-06,421.46,387.74,463.61,NORMAL,s_overcharge,s_imbalance,s_thermal_mag
2025-09-13,3,ESS-03 SOC Volatility,97.952,1.0,0.0,0.5038,32.41,1.263,158,-0.681,0.406,1.606,0.213,0.278,0.501,3.109863712771231e-06,2.676685662661622e-06,3.6131443332836387e-06,600.21,552.19,660.23,WARNING,s_overcharge,s_ISC,s_thermal
2025-09-14,3,ESS-03 SOC Volatility,97.932,0.6986,0.354,0.4683,31.71,1.454,165,-0.062,0.106,-0.538,0.487,0.155,0.15,2.6751273997744795e-06,2.302504348907289e-06,3.1080532711578115e-06,459.84,423.05,505.82,NORMAL,s_overcharge,s_imbalance,s_thermal_mag
2025-09-15,3,ESS-03 SOC Volatility,97.948,1.0,0.3062,0.5362,28.28,1.223,164,-0.287,-0.699,1.574,-0.064,0.142,0.343,2.9068916596423766e-06,2.5019858511288057e-06,3.3773246812633437e-06,537.29,494.31,591.02,NORMAL,s_overcharge,s_thermal,s_ISC
2025-09-16,3,ESS-03 SOC Volatility,98.043,1.0,0.0258,0.4548,27.98,1.143,166,-0.197,0.375,1.42,-0.261,-0.061,0.359,2.9265361280002313e-06,2.5188940154757663e-06,3.4001482757351083e-06,543.57,500.08,597.92,NORMAL,s_overcharge,s_thermal,s_imbalance
2025-09-17,3,ESS-03 SOC Volatility,97.884,0.5549,0.0,0.5549,28.81,1.078,171,-0.436,-0.149,-0.086,-0.323,0.213,0.043,2.555078185594577e-06,2.1991769574224177e-06,2.9685761013681576e-06,417.04,383.67,458.74,NORMAL,s_ISC,s_imbalance,s_thermal_mag
2025-09-18,3,ESS-03 SOC Volatility,97.905,0.7266,0.2791,0.4906,30.91,1.565,172,0.24,0.097,-0.114,0.794,0.027,0.232,2.771185043061384e-06,2.385181991402473e-06,3.219656232037461e-06,492.72,453.3,541.99,NORMAL,s_imbalance,s_ISC,s_overcharge
2025-09-19,3,ESS-03 SOC Volatility,97.961,0.5888,0.4102,0.5888,27.92,1.028,164,-0.38,0.124,0.12,-0.068,0.046,0.058,2.571823026194735e-06,2.2135893855833776e-06,2.98803081442471e-06,423.12,389.27,465.44,NORMAL,s_ISC,s_thermal,s_overcharge
2025-09-20,3,ESS-03 SOC Volatility,97.899,0.5398,0.0914,0.5063,28.51,0.876,166,-0.945,0.159,-0.014,-0.182,0.119,0.056,2.5693255424908567e-06,2.2114397798990803e-06,2.98512915475111e-06,422.22,388.44,464.44,NORMAL,s_ISC,s_imbalance,s_thermal
2025-09-21,3,ESS-03 SOC Volatility,97.857,0.5834,0.3978,0.5834,29.03,1.548,178,-0.373,-0.444,-0.277,0.335,-0.089,0.067,2.581972954998859e-06,2.2223255165367496e-06,2.9998233394349117e-06,426.8,392.65,469.48,NORMAL,s_thermal,s_ISC,s_imbalance
2025-09-22,3,ESS-03 SOC Volatility,97.908,0.7957,0.2721,0.5901,26.29,1.51,173,0.032,-0.23,0.028,0.571,0.012,0.129,2.65139806509278e-06,2.2820803061180273e-06,3.080483741332785e-06,451.53,415.41,496.68,NORMAL,s_imbalance,s_thermal,s_ISC
2025-09-23,3,ESS-03 SOC Volatility,97.975,0.9813,0.0,0.5117,28.82,1.206,173,-0.403,0.017,1.604,0.262,0.211,0.419,3.002660305527354e-06,2.5844147563850565e-06,3.4885918670198428e-06,567.51,522.1,624.26,NORMAL,s_overcharge,s_ISC,s_imbalance
2025-09-24,3,ESS-03 SOC Volatility,97.867,0.5492,0.1611,0.5492,26.32,1.336,176,-0.245,-0.336,0.07,0.08,-0.29,0.03,2.5411390403275754e-06,2.1871794153899587e-06,2.952381138439267e-06,411.94,378.98,453.13,NORMAL,s_thermal,s_thermal_mag,s_ISC
2025-09-25,3,ESS-03 SOC Volatility,97.894,0.6944,0.5264,0.5683,26.32,1.43,178,-0.393,-0.263,0.283,0.734,-0.022,0.203,2.7376605732753696e-06,2.3563271907108414e-06,3.1807063897953255e-06,481.38,442.87,529.51,NORMAL,s_imbalance,s_ISC,s_overcharge
2025-09-26,3,ESS-03 SOC Volatility,97.896,0.7055,0.3044,0.4937,29.01,0.714,167,-0.011,0.133,0.074,-0.528,-0.049,0.041,2.5537064693529623e-06,2.1979963094717034e-06,2.966982395784981e-06,416.53,383.21,458.19,NORMAL,s_imbalance,s_thermal,s_overcharge
2025-09-27,3,ESS-03 SOC Volatility,97.91,0.5223,0.3813,0.4894,27.61,1.649,171,0.036,-0.619,0.292,0.657,0.214,0.24,2.7804152015876952e-06,2.3931264686131492e-06,3.2303801366443638e-06,495.82,456.16,545.4,NORMAL,s_imbalance,s_thermal,s_overcharge
2025-09-28,3,ESS-03 SOC Volatility,97.798,0.7538,0.1234,0.5522,29.71,1.201,181,-0.039,0.288,-0.367,-0.112,0.087,0.075,2.5908123472092386e-06,2.2299336574008482e-06,3.0100932393925544e-06,429.98,395.58,472.98,NORMAL,s_overcharge,s_thermal,s_imbalance
2025-09-29,3,ESS-03 SOC Volatility,97.868,0.7985,0.5246,0.5631,30.01,1.118,181,0.07,-0.453,-0.298,-0.343,0.006,0.015,2.52511561256452e-06,2.1733879135721186e-06,2.9337645866418594e-06,406.04,373.56,446.64,NORMAL,s_thermal,s_imbalance,s_overcharge
2025-09-30,3,ESS-03 SOC Volatility,97.792,0.9698,0.1216,0.5154,27.15,1.541,174,-0.027,-0.124,1.079,0.682,-0.311,0.352,2.917911609543125e-06,2.511470817603797e-06,3.3901280243420746e-06,540.82,497.55,594.9,NORMAL,s_overcharge,s_imbalance,s_thermal_mag
2025-10-01,3,ESS-03 SOC Volatility,97.913,0.8873,0.5196,0.5196,29.5,1.266,184,-0.203,-0.371,0.723,-0.367,-0.015,0.145,2.669467869730515e-06,2.297633142629216e-06,3.1014778410423286e-06,457.86,421.23,503.65,NORMAL,s_overcharge,s_thermal,s_imbalance
2025-10-02,3,ESS-03 SOC Volatility,97.905,0.8666,0.1063,0.52,27.71,1.35,189,0.449,-0.617,0.272,0.403,-0.087,0.225,2.762709554642011e-06,2.3778870652926928e-06,3.2098091281867956e-06,489.87,450.68,538.85,NORMAL,s_thermal,s_ISC,s_imbalance
2025-10-03,3,ESS-03 SOC Volatility,97.925,0.9964,0.068,0.4065,27.24,1.319,192,-0.286,-0.688,1.172,-0.007,-0.068,0.234,2.7742573899595297e-06,2.3878263869266774e-06,3.2232257866657963e-06,493.75,454.25,543.13,NORMAL,s_overcharge,s_thermal,s_ISC
2025-10-04,3,ESS-03 SOC Volatility,97.803,0.6873,0.2854,0.5684,26.53,1.309,185,-0.139,-0.427,0.211,0.07,0.065,0.069,2.584419331369693e-06,2.2244311337077443e-06,3.0026656208967185e-06,427.68,393.46,470.45,NORMAL,s_thermal,s_overcharge,s_ISC
2025-10-05,3,ESS-03 SOC Volatility,97.85,1.0,0.5755,0.5755,27.55,1.468,186,-0.415,-0.32,1.644,0.597,0.016,0.451,3.0447751252684416e-06,2.620663348196254e-06,3.537522258834055e-06,580.49,534.05,638.54,NORMAL,s_overcharge,s_imbalance,s_ISC
2025-10-06,3,ESS-03 SOC Volatility,97.858,1.0,0.0,0.5139,27.49,1.498,187,0.207,-0.806,1.484,0.511,-0.526,0.44,3.0305080397753156e-06,2.608383543520341e-06,3.5209462866615243e-06,576.11,530.02,633.72,NORMAL,s_overcharge,s_thermal,s_thermal_mag
2025-10-07,3,ESS-03 SOC Volatility,97.747,0.5615,0.0676,0.5615,29.05,0.952,195,-0.5,-0.142,-0.436,-0.194,-0.234,0.0,2.5088087757435583e-06,2.1593524792086137e-06,2.914818760667119e-06,400.0,368.0,440.0,NORMAL,s_ISC,s_overcharge,s_thermal_mag
2025-10-08,3,ESS-03 SOC Volatility,97.814,0.6085,0.1115,0.6085,24.86,1.005,190,-0.309,-0.729,-0.067,-0.254,0.139,0.028,2.538846812264124e-06,2.1852064750159057e-06,2.949717951572455e-06,411.09,378.21,452.2,NORMAL,s_thermal,s_ISC,s_imbalance
2025-10-09,3,ESS-03 SOC Volatility,97.783,0.598,0.1123,0.598,28.74,1.362,193,-0.557,-0.032,0.272,0.158,0.151,0.116,2.6371074277885433e-06,2.2697802315412666e-06,3.0638804037724692e-06,446.49,410.77,491.14,NORMAL,s_ISC,s_overcharge,s_imbalance
2025-10-10,3,ESS-03 SOC Volatility,97.824,0.7448,0.2893,0.4855,27.88,1.365,193,0.222,-0.055,-0.151,0.03,0.079,0.066,2.5810943114968233e-06,2.221569260522234e-06,2.998802502180068e-06,426.48,392.36,469.13,NORMAL,s_ISC,s_overcharge,s_thermal_mag
2025-10-11,3,ESS-03 SOC Volatility,97.753,0.7067,0.0,0.531,29.47,1.398,191,-0.575,-0.315,0.129,0.142,-0.039,0.054,2.567980195218633e-06,2.2102818279422023e-06,2.983566085521403e-06,421.73,387.99,463.9,NORMAL,s_ISC,s_thermal,s_imbalance
2025-10-12,3,ESS-03 SOC Volatility,97.815,0.8936,0.3263,0.4906,27.96,1.18,194,-0.153,-0.138,0.452,0.095,-0.113,0.109,2.629486093574169e-06,2.2632204835797594e-06,3.0550256842539464e-06,443.79,408.29,488.17,NORMAL,s_overcharge,s_ISC,s_thermal
2025-10-13,3,ESS-03 SOC Volatility,97.782,0.8879,0.0,0.5246,24.52,1.37,195,-1.173,-0.842,0.367,0.347,-0.046,0.143,2.6674048775783637e-06,2.295857507508579e-06,3.099080988187615e-06,457.14,420.57,502.86,NORMAL,s_ISC,s_thermal,s_overcharge
2025-10-14,3,ESS-03 SOC Volatility,97.825,0.9004,0.2166,0.5371,24.87,1.2,196,-0.779,-0.56,0.54,-0.234,0.098,0.128,2.650035849549909e-06,2.280907835468861e-06,3.0789010740269566e-06,451.05,414.97,496.16,NORMAL,s_ISC,s_thermal,s_overcharge
2025-10-15,3,ESS-03 SOC Volatility,97.795,0.792,0.5818,0.5818,25.37,1.499,207,0.029,-0.791,0.038,0.346,-0.162,0.083,2.5994504378353845e-06,2.2373685362789904e-06,3.0201292604439206e-06,433.09,398.44,476.39,NORMAL,s_thermal,s_imbalance,s_thermal_mag
2025-10-16,3,ESS-03 SOC Volatility,97.861,0.8191,0.391,0.5034,27.72,1.449,206,-0.396,-0.585,0.126,0.333,-0.012,0.092,2.6096206699132056e-06,2.2461221425019234e-06,3.031945374367369e-06,436.73,401.79,480.4,NORMAL,s_thermal,s_ISC,s_imbalance
2025-10-17,3,ESS-03 SOC Volatility,97.769,1.0,0.3111,0.5175,29.01,1.228,204,0.006,-0.106,1.364,-0.246,0.073,0.289,2.839646486685271e-06,2.4441073480598814e-06,3.2991970093213005e-06,515.47,474.23,567.02,NORMAL,s_overcharge,s_imbalance,s_thermal
2025-10-18,3,ESS-03 SOC Volatility,97.78,0.898,0.0435,0.5211,27.8,1.218,203,-0.132,-0.076,0.851,-0.193,-0.231,0.17,2.698978181993954e-06,2.32303292277464e-06,3.1357639025559147e-06,468.11,430.66,514.92,NORMAL,s_overcharge,s_thermal_mag,s_imbalance
2025-10-19,3,ESS-03 SOC Volatility,97.817,0.6975,0.0189,0.5429,27.58,1.582,210,0.184,0.146,-0.02,0.763,-0.112,0.219,2.7558095209472913e-06,2.371948146688885e-06,3.2017924399238794e-06,487.54,448.53,536.29,NORMAL,s_imbalance,s_ISC,s_thermal
2025-10-20,3,ESS-03 SOC Volatility,97.77,0.5339,0.5339,0.5339,26.66,1.414,207,0.05,-0.025,0.333,0.212,0.013,0.121,2.643021170282418e-06,2.2748702406198664e-06,3.070751186433407e-06,448.58,412.69,493.44,NORMAL,s_overcharge,s_imbalance,s_ISC
2025-10-21,3,ESS-03 SOC Volatility,97.786,0.8521,0.3456,0.5702,27.3,1.57,209,0.035,-0.353,0.072,0.583,0.02,0.142,2.6661694348745944e-06,2.2947941513290356e-06,3.097645609788401e-06,456.71,420.17,502.38,NORMAL,s_imbalance,s_thermal,s_overcharge
2025-10-22,3,ESS-03 SOC Volatility,97.844,0.6323,0.4328,0.5445,23.51,1.539,208,-0.083,-0.961,-0.264,0.056,-0.06,0.011,2.5208506455380975e-06,2.169717019853153e-06,2.928809405952906e-06,404.46,372.11,444.91,NORMAL,s_thermal,s_overcharge,s_ISC
2025-10-23,3,ESS-03 SOC Volatility,97.805,1.0,0.0,0.5168,26.42,1.339,206,-0.494,-0.195,1.504,-0.196,-0.078,0.301,2.8543794212748045e-06,2.4567881124347646e-06,3.3163142214499813e-06,520.3,478.67,572.32,NORMAL,s_overcharge,s_ISC,s_imbalance
2025-10-24,3,ESS-03 SOC Volatility,97.714,1.0,0.4236,0.5327,26.3,1.316,215,0.044,-0.242,1.305,0.215,0.165,0.346,2.9097462730934022e-06,2.5044428416863944e-06,3.3806412657984924e-06,538.2,495.15,592.02,NORMAL,s_overcharge,s_thermal,s_imbalance
2025-10-25,3,ESS-03 SOC Volatility,97.709,0.7284,0.1104,0.5527,24.92,1.256,208,-0.22,-0.518,-0.053,0.075,-0.28,0.015,2.5250054803533935e-06,2.1732931218328603e-06,2.9336366313723203e-06,406.0,373.52,446.6,NORMAL,s_thermal,s_thermal_mag,s_ISC
2025-10-26,3,ESS-03 SOC Volatility,97.817,0.6878,0.0,0.5469,26.24,1.18,218,-0.587,-0.953,0.198,-0.01,-0.355,0.04,2.5518228823511516e-06,2.196375089962009e-06,2.964793981715296e-06,415.85,382.58,457.43,NORMAL,s_thermal,s_ISC,s_thermal_mag
2025-10-27,3,ESS-03 SOC Volatility,97.845,0.5112,0.5112,0.5112,23.82,1.11,214,-0.325,-0.965,0.162,-0.098,0.276,0.088,2.605008088014655e-06,2.2421520535862285e-06,3.026586323292777e-06,435.08,400.27,478.58,NORMAL,s_thermal,s_ISC,s_thermal_mag
2025-10-28,3,ESS-03 SOC Volatility,97.765,1.0,0.2503,0.5212,25.24,1.339,222,0.114,-0.592,1.545,-0.023,-0.195,0.332,2.8926858188643457e-06,2.489758760781862e-06,3.3608198644916147e-06,532.72,490.1,585.99,NORMAL,s_overcharge,s_thermal,s_thermal_mag
2025-10-29,3,ESS-03 SOC Volatility,97.711,0.6797,0.2139,0.5422,27.32,0.881,212,-0.741,-0.473,0.068,-0.357,0.021,0.018,2.52802176542176e-06,2.17588926427766e-06,2.937141051784828e-06,407.11,374.54,447.82,NORMAL,s_ISC,s_thermal,s_imbalance
2025-10-30,3,ESS-03 SOC Volatility,97.738,0.6347,0.0021,0.623,26.11,1.381,214,-0.052,-0.499,-0.174,0.162,0.073,0.047,2.56003958635087e-06,2.203447277670182e-06,2.9743404218870045e-06,418.84,385.34,460.73,NORMAL,s_thermal,s_overcharge,s_imbalance
2025-10-31,3,ESS-03 SOC Volatility,97.72,0.6201,0.0745,0.6201,26.38,1.5,216,0.301,-0.679,0.187,0.285,-0.156,0.154,2.6807214705497894e-06,2.307319213836303e-06,3.114552648507413e-06,461.78,424.84,507.96,NORMAL,s_thermal,s_ISC,s_imbalance
2025-11-01,3,ESS-03 SOC Volatility,97.651,0.6079,0.5603,0.5603,25.9,1.325,217,0.374,-0.209,0.14,-0.045,0.068,0.116,2.6371716761136033e-06,2.2698355306277435e-06,3.0639550496128475e-06,446.52,410.79,491.17,NORMAL,s_ISC,s_thermal,s_overcharge
2025-11-02,3,ESS-03 SOC Volatility,97.654,1.0,0.0141,0.5296,22.71,1.199,213,-0.357,-1.085,1.655,0.206,-0.203,0.372,2.9431716266684414e-06,2.533212333578007e-06,3.419475949372953e-06,548.85,504.94,603.74,NORMAL,s_overcharge,s_thermal,s_ISC
2025-11-03,3,ESS-03 SOC Volatility,97.758,0.8453,0.4775,0.6458,25.43,1.313,215,-0.247,-1.05,0.096,-0.007,0.054,0.03,2.54125815275737e-06,2.187281936480953e-06,2.9525195272251116e-06,411.98,379.02,453.18,NORMAL,s_thermal,s_ISC,s_overcharge
2025-11-04,3,ESS-03 SOC Volatility,97.704,0.8218,0.0027,0.5419,23.66,1.097,225,-0.091,-0.497,-0.207,-0.167,0.112,0.022,2.5329982632795474e-06,2.180172578698084e-06,2.942922912669257e-06,408.94,376.23,449.84,NORMAL,s_thermal,s_overcharge,s_imbalance
2025-11-05,3,ESS-03 SOC Volatility,97.715,1.0,0.314,0.581,23.88,1.566,223,-0.125,-0.763,1.543,0.297,0.147,0.397,2.975294877943498e-06,2.560861094972655e-06,3.4567978069448013e-06,558.97,514.25,614.87,NORMAL,s_overcharge,s_thermal,s_imbalance
2025-11-06,3,ESS-03 SOC Volatility,97.622,1.0,0.4526,0.5817,25.65,1.411,223,0.711,-0.12,1.538,0.234,-0.014,0.496,3.104500802233915e-06,2.6720697587897223e-06,3.6069135264470024e-06,598.6,550.71,658.46,NORMAL,s_overcharge,s_ISC,s_imbalance
2025-11-07,3,ESS-03 SOC Volatility,97.72,1.0,0.1379,0.6393,23.5,1.406,222,-0.213,-0.751,1.42,-0.099,0.21,0.326,2.885271397424895e-06,2.483377103972244e-06,3.3522055438282476e-06,530.33,487.9,583.36,NORMAL,s_overcharge,s_thermal,s_ISC
2025-11-08,3,ESS-03 SOC Volatility,97.69,0.6445,0.4669,0.5812,23.81,1.334,231,-0.398,-0.532,0.346,0.063,-0.113,0.082,2.598221130249058e-06,2.2363104606679184e-06,3.01870100999667e-06,432.64,398.03,475.91,NORMAL,s_thermal,s_ISC,s_overcharge
2025-11-09,3,ESS-03 SOC Volatility,97.748,0.7619,0.4807,0.6074,25.47,1.232,223,-0.069,-0.213,-0.171,0.231,-0.018,0.046,2.559036141671492e-06,2.202583604214901e-06,2.9731745864636465e-06,418.48,385.0,460.33,NORMAL,s_imbalance,s_thermal,s_overcharge
2025-11-10,3,ESS-03 SOC Volatility,97.734,0.7979,0.0,0.6005,22.73,1.302,235,-0.383,-1.164,-0.054,0.347,-0.147,0.069,2.584673689593562e-06,2.2246500620175293e-06,3.0029611427439145e-06,427.77,393.55,470.55,NORMAL,s_thermal,s_ISC,s_imbalance
2025-11-11,3,ESS-03 SOC Volatility,97.724,1.0,0.0,0.4958,24.36,1.497,228,-0.154,-0.711,1.512,0.253,-0.036,0.353,2.919023683521246e-06,2.512427989325358e-06,3.3914200687498166e-06,541.17,497.88,595.29,NORMAL,s_overcharge,s_thermal,s_imbalance
2025-11-12,3,ESS-03 SOC Volatility,97.585,0.9382,0.5856,0.5856,22.45,1.304,233,-0.24,-0.72,1.034,0.058,-0.022,0.218,2.7553715312969046e-06,2.371571165213811e-06,3.201283569003961e-06,487.39,448.4,536.13,NORMAL,s_overcharge,s_thermal,s_ISC
2025-11-13,3,ESS-03 SOC Volatility,97.7,0.8849,0.2526,0.6002,23.24,1.406,243,0.154,-0.988,-0.022,0.732,-0.123,0.177,2.706974405718475e-06,2.3299153414981163e-06,3.1450541809638074e-06,470.87,433.2,517.95,NORMAL,s_thermal,s_imbalance,s_ISC
2025-11-14,3,ESS-03 SOC Volatility,97.687,1.0,0.3321,0.5444,22.8,1.705,232,0.686,-0.698,1.833,0.921,0.051,0.698,3.385301223646162e-06,2.9137571397627036e-06,3.933156728772029e-06,679.32,624.97,747.25,WARNING,s_overcharge,s_imbalance,s_thermal
2025-11-15,3,ESS-03 SOC Volatility,97.759,1.0,0.1495,0.5283,24.4,1.622,240,0.777,-0.534,1.114,0.196,-0.109,0.418,3.0010887183029865e-06,2.583062077594185e-06,3.4867659449412263e-06,567.02,521.66,623.72,NORMAL,s_overcharge,s_ISC,s_thermal
2025-11-16,3,ESS-03 SOC Volatility,97.613,0.767,0.2223,0.483,23.35,1.668,238,0.09,-1.088,0.019,0.536,-0.016,0.129,2.651557321473309e-06,2.2822173794562958e-06,3.080668770690265e-06,451.59,415.46,496.74,NORMAL,s_thermal,s_imbalance,s_ISC
2025-11-17,3,ESS-03 SOC Volatility,97.65,0.9665,0.1235,0.5084,22.15,1.32,230,-0.412,-0.836,1.231,0.303,0.223,0.351,2.916814664562216e-06,2.5105266675416896e-06,3.388853557304293e-06,540.47,497.23,594.51,NORMAL,s_overcharge,s_thermal,s_ISC
2025-11-18,3,ESS-03 SOC Volatility,97.574,0.786,0.3305,0.5277,23.07,1.547,238,-0.119,-0.537,0.321,0.688,0.299,0.262,2.806949622176759e-06,2.4159648738385382e-06,3.2612087072196616e-06,504.68,464.3,555.14,NORMAL,s_imbalance,s_thermal,s_overcharge
2025-11-19,3,ESS-03 SOC Volatility,97.643,0.864,0.252,0.5934,27.16,1.099,243,-0.263,-0.094,0.379,-0.336,0.08,0.092,2.6096718297358505e-06,2.2461661762013587e-06,3.032004813550963e-06,436.74,401.8,480.42,NORMAL,s_overcharge,s_imbalance,s_ISC
2025-11-20,3,ESS-03 SOC Volatility,97.672,1.0,0.497,0.6287,22.42,1.578,239,0.163,-0.557,1.326,0.244,-0.11,0.347,2.911037722922451e-06,2.5055544037566516e-06,3.38214171501922e-06,538.62,495.53,592.48,NORMAL,s_overcharge,s_thermal,s_imbalance
2025-11-21,3,ESS-03 SOC Volatility,97.667,0.9642,0.3597,0.5254,22.56,1.425,240,0.06,-1.102,1.201,0.272,-0.152,0.307,2.861580451843905e-06,2.4629861018188317e-06,3.3246806176088587e-06,522.64,480.83,574.91,NORMAL,s_overcharge,s_thermal,s_imbalance
2025-11-22,3,ESS-03 SOC Volatility,97.613,1.0,0.5609,0.6967,21.86,1.557,250,0.163,-1.23,1.508,0.554,-0.098,0.445,3.036690083164975e-06,2.6137044820732163e-06,3.5281287893093024e-06,578.01,531.77,635.81,NORMAL,s_overcharge,s_thermal,s_imbalance
2025-11-23,3,ESS-03 SOC Volatility,97.705,0.4788,0.3636,0.4788,21.36,1.371,237,0.022,-0.925,0.474,-0.129,-0.084,0.099,2.617947386868262e-06,2.2532890194211958e-06,3.041619631070841e-06,439.69,404.52,483.66,NORMAL,s_thermal,s_overcharge,s_imbalance
2025-11-24,3,ESS-03 SOC Volatility,97.746,0.8915,0.4185,0.5552,21.7,1.462,247,0.419,-1.072,0.528,0.355,-0.053,0.26,2.805305663553937e-06,2.4145499044328212e-06,3.2592987015328114e-06,504.13,463.8,554.54,NORMAL,s_thermal,s_overcharge,s_ISC
2025-11-25,3,ESS-03 SOC Volatility,97.605,0.9217,0.3571,0.5595,23.92,1.404,251,0.021,-0.96,1.092,0.472,-0.109,0.317,2.8741507971638853e-06,2.4738055069462275e-06,3.3392852616879463e-06,526.73,484.59,579.4,NORMAL,s_overcharge,s_thermal,s_imbalance
2025-11-26,3,ESS-03 SOC Volatility,97.641,0.7898,0.1547,0.4993,23.25,1.196,245,-0.584,-1.144,-0.062,0.094,0.125,0.044,2.5564220903071533e-06,2.2003336677516543e-06,2.970137494590583e-06,417.53,384.12,459.28,NORMAL,s_thermal,s_ISC,s_thermal_mag
2025-11-27,3,ESS-03 SOC Volatility,97.599,0.8833,0.0,0.5588,23.68,1.195,258,-0.671,-0.617,0.184,-0.03,-0.025,0.037,2.548693065079045e-06,2.193681229357271e-06,2.961157655836643e-06,414.7,381.53,456.17,NORMAL,s_ISC,s_thermal,s_overcharge
2025-11-28,3,ESS-03 SOC Volatility,97.609,1.0,0.5796,0.5796,20.72,1.082,258,-0.384,-1.159,1.774,-0.089,-0.13,0.355,2.921392864536226e-06,2.514467163981462e-06,3.3941726617785477e-06,541.93,498.57,596.12,NORMAL,s_overcharge,s_thermal,s_ISC
2025-11-29,3,ESS-03 SOC Volatility,97.668,0.5987,0.3001,0.5944,20.23,1.77,262,0.565,-1.096,0.107,0.497,0.068,0.247,2.789555567153925e-06,2.4009936602672235e-06,3.240999716777645e-06,498.88,458.97,548.77,NORMAL,s_thermal,s_ISC,s_imbalance
2025-11-30,3,ESS-03 SOC Volatility,97.683,1.0,0.2702,0.5789,19.84,1.521,270,-0.256,-1.48,1.312,0.36,0.23,0.38,2.953679724421372e-06,2.542256744559945e-06,3.4316846055173686e-06,552.17,508.0,607.39,NORMAL,s_thermal,s_overcharge,s_imbalance
2025-12-01,3,ESS-03 SOC Volatility,97.63,0.8869,0.264,0.6095,24.41,1.754,251,0.59,-0.83,0.201,0.793,-0.171,0.317,2.8738336205162944e-06,2.4735325102571356e-06,3.338916755340574e-06,526.63,484.5,579.29,NORMAL,s_thermal,s_imbalance,s_ISC
2025-12-02,3,ESS-03 SOC Volatility,97.64,0.7633,0.5449,0.5962,19.96,1.556,259,0.184,-1.261,0.201,0.54,-0.124,0.185,2.716169538142639e-06,2.3378296712983682e-06,3.155737391304497e-06,474.03,436.11,521.43,NORMAL,s_thermal,s_imbalance,s_overcharge
2025-12-03,3,ESS-03 SOC Volatility,97.654,0.6803,0.0,0.6133,22.53,1.713,254,0.848,-1.076,0.338,0.881,0.214,0.456,3.0511145434817354e-06,2.6261197406514e-06,3.5448876047271452e-06,582.43,535.83,640.67,NORMAL,s_thermal,s_imbalance,s_ISC
2025-12-04,3,ESS-03 SOC Volatility,97.611,0.8029,0.5784,0.6208,22.52,1.508,262,-0.07,-0.602,-0.137,0.456,-0.342,0.091,2.6089306644394657e-06,2.2455282488551953e-06,3.0311437030573512e-06,436.48,401.56,480.13,NORMAL,s_thermal,s_imbalance,s_thermal_mag
2025-12-05,3,ESS-03 SOC Volatility,97.66,0.887,0.1954,0.5421,21.57,1.455,268,0.309,-1.247,0.005,0.612,0.035,0.192,2.7246007912271494e-06,2.345086523579112e-06,3.1655331012220363e-06,476.92,438.76,524.61,NORMAL,s_thermal,s_imbalance,s_ISC
2025-12-06,3,ESS-03 SOC Volatility,97.576,0.5806,0.1535,0.5806,22.1,1.318,255,-0.262,-0.998,0.029,0.384,0.085,0.1,2.618290256647718e-06,2.253584130390492e-06,3.04201798858384e-06,439.82,404.63,483.8,NORMAL,s_thermal,s_imbalance,s_ISC
2025-12-07,3,ESS-03 SOC Volatility,97.58,0.9726,0.57,0.57,22.17,1.951,267,0.432,-1.008,1.019,0.77,0.03,0.45,3.043731984475725e-06,2.6197655078339876e-06,3.536310303335266e-06,580.17,533.76,638.19,NORMAL,s_overcharge,s_thermal,s_imbalance
2025-12-08,3,ESS-03 SOC Volatility,97.641,0.6008,0.4038,0.5241,19.52,1.917,272,0.588,-1.327,0.055,0.99,-0.055,0.327,2.88628350086279e-06,2.4842482301745334e-06,3.3533814391612497e-06,530.66,488.2,583.72,NORMAL,s_thermal,s_imbalance,s_ISC
2025-12-09,3,ESS-03 SOC Volatility,97.564,1.0,0.0443,0.5099,20.78,1.877,266,0.164,-1.009,1.336,0.877,0.03,0.482,3.084736549607133e-06,2.6550584942401688e-06,3.5839507639634844e-06,592.64,545.23,651.91,NORMAL,s_overcharge,s_thermal,s_imbalance
2025-12-10,3,ESS-03 SOC Volatility,97.547,0.8341,0.2731,0.5595,20.04,1.447,263,0.897,-0.544,0.046,0.439,-0.017,0.276,2.824684652862126e-06,2.4312295681858376e-06,3.281813854386402e-06,510.55,469.7,561.6,NORMAL,s_ISC,s_thermal,s_imbalance
2025-12-11,3,ESS-03 SOC Volatility,97.521,1.0,0.2798,0.5394,17.6,1.53,268,0.628,-1.499,1.375,0.217,-0.171,0.444,3.035588091799451e-06,2.6127559885127033e-06,3.52684845926383e-06,577.67,531.46,635.44,NORMAL,s_thermal,s_overcharge,s_ISC
2025-12-12,3,ESS-03 SOC Volatility,97.592,0.5544,0.1759,0.4857,22.48,1.552,268,0.102,-0.704,0.129,0.659,0.156,0.209,2.7445437720022587e-06,2.3622516192824484e-06,3.1887035186806074e-06,483.72,445.02,532.09,NORMAL,s_thermal,s_imbalance,s_thermal_mag
2025-12-13,3,ESS-03 SOC Volatility,97.563,0.8294,0.3779,0.516,20.14,1.27,271,-0.253,-1.223,0.084,0.333,-0.166,0.083,2.6002423620152e-06,2.238050152230959e-06,3.021049344299435e-06,433.37,398.7,476.71,NORMAL,s_thermal,s_imbalance,s_ISC
2025-12-14,3,ESS-03 SOC Volatility,97.475,0.9292,0.097,0.5854,18.75,1.334,278,-0.242,-1.474,0.525,0.113,0.036,0.135,2.658052289546388e-06,2.2878076544179108e-06,3.088214840518832e-06,453.87,417.56,499.25,NORMAL,s_thermal,s_overcharge,s_ISC
2025-12-15,3,ESS-03 SOC Volatility,97.62,0.5988,0.0,0.5601,19.93,1.69,268,0.295,-1.554,0.485,0.488,-0.185,0.254,2.7972170117198468e-06,2.407587931847665e-06,3.2499010373751342e-06,501.44,461.32,551.58,NORMAL,s_thermal,s_imbalance,s_overcharge
2025-12-16,3,ESS-03 SOC Volatility,97.569,0.4982,0.1982,0.4982,21.97,1.41,271,-0.624,-0.791,0.005,0.114,0.189,0.062,2.576233289952607e-06,2.2173853374999296e-06,2.993154805609109e-06,424.72,390.74,467.19,NORMAL,s_thermal,s_ISC,s_thermal_mag
2025-12-17,3,ESS-03 SOC Volatility,97.483,0.675,0.5825,0.6056,18.59,1.305,278,-0.173,-1.216,-0.089,0.07,0.052,0.024,2.535194416370022e-06,2.182062826514943e-06,2.945474476439233e-06,409.75,376.97,450.73,NORMAL,s_thermal,s_ISC,s_overcharge
2025-12-18,3,ESS-03 SOC Volatility,97.479,0.6729,0.2012,0.5298,19.2,1.401,277,-0.656,-1.511,-0.068,0.285,-0.104,0.057,2.570848439600586e-06,2.2127505505271914e-06,2.9868985072894984e-06,422.77,388.95,465.05,NORMAL,s_thermal,s_ISC,s_imbalance
2025-12-19,3,ESS-03 SOC Volatility,97.505,0.8061,0.0,0.4798,21.04,1.586,271,0.008,-0.846,-0.027,0.623,-0.088,0.126,2.6483067575767472e-06,2.279419591117238e-06,3.076892157486263e-06,450.44,414.41,495.49,NORMAL,s_thermal,s_imbalance,s_thermal_mag
2025-12-20,3,ESS-03 SOC Volatility,97.56,0.8838,0.0,0.4441,18.24,1.451,284,-0.293,-1.383,0.294,0.688,-0.236,0.196,2.7294191115837934e-06,2.3492336934936568e-06,3.1711311858636847e-06,478.57,440.28,526.42,NORMAL,s_thermal,s_imbalance,s_overcharge
2025-12-21,3,ESS-03 SOC Volatility,97.646,0.9469,0.2664,0.5444,18.83,1.502,278,0.351,-1.096,0.904,0.496,0.096,0.37,2.9400174637002033e-06,2.53049751812756e-06,3.4158113383183914e-06,547.85,504.02,602.64,NORMAL,s_thermal,s_overcharge,s_imbalance
2025-12-22,3,ESS-03 SOC Volatility,97.505,0.9798,0.1433,0.6082,19.97,1.17,278,0.198,-1.282,1.353,-0.126,-0.14,0.31,2.8660186536509694e-06,2.4668061005627843e-06,3.329837067664818e-06,524.09,482.16,576.5,NORMAL,s_overcharge,s_thermal,s_ISC
2025-12-23,3,ESS-03 SOC Volatility,97.486,0.8412,0.3146,0.649,18.53,1.365,280,0.14,-1.943,-0.116,0.434,-0.161,0.115,2.6355022506018172e-06,2.2683986417183913e-06,3.062015455542625e-06,445.92,410.25,490.52,NORMAL,s_thermal,s_imbalance,s_thermal_mag
2025-12-24,3,ESS-03 SOC Volatility,97.591,0.5329,0.3701,0.5329,16.41,1.518,286,0.129,-1.801,0.265,0.24,0.183,0.163,2.690999543262399e-06,2.3161656396215523e-06,3.1264940549531673e-06,465.35,428.12,511.89,NORMAL,s_thermal,s_overcharge,s_imbalance
2025-12-25,3,ESS-03 SOC Volatility,97.476,0.634,0.0,0.5479,17.97,1.183,284,-0.777,-1.44,0.323,-0.066,0.18,0.101,2.6196116058420337e-06,2.254721427011452e-06,3.0435531760230625e-06,440.29,405.06,484.32,NORMAL,s_thermal,s_ISC,s_overcharge
2025-12-26,3,ESS-03 SOC Volatility,97.465,0.7194,0.3334,0.5417,22.1,1.461,282,0.308,-0.515,0.108,0.561,0.124,0.22,2.757407370531063e-06,2.3733234296269094e-06,3.2036488746286727e-06,488.08,449.03,536.88,NORMAL,s_imbalance,s_thermal,s_ISC
2025-12-27,3,ESS-03 SOC Volatility,97.544,1.0,0.4782,0.4782,17.89,1.412,288,-0.115,-1.48,1.657,0.241,0.161,0.412,2.9938424335199013e-06,2.5768251372738043e-06,3.478346971315642e-06,564.76,519.58,621.24,NORMAL,s_overcharge,s_thermal,s_imbalance
2025-12-28,3,ESS-03 SOC Volatility,97.46,1.0,0.401,0.5783,20.02,1.601,286,0.043,-1.575,1.859,0.231,0.063,0.439,3.029144434590153e-06,2.60720987667013e-06,3.5193620050174813e-06,575.69,529.64,633.26,NORMAL,s_overcharge,s_thermal,s_imbalance
2025-12-29,3,ESS-03 SOC Volatility,97.468,0.7678,0.5753,0.5753,19.91,1.636,288,-0.02,-1.5,0.194,0.349,0.07,0.123,2.6444131355478236e-06,2.276068317109088e-06,3.072368417959598e-06,449.07,413.15,493.98,NORMAL,s_thermal,s_imbalance,s_overcharge
2025-12-30,3,ESS-03 SOC Volatility,97.472,0.6073,0.2548,0.5566,17.12,1.534,288,-0.188,-1.739,0.119,0.123,-0.083,0.048,2.561457048954514e-06,2.204667299909766e-06,2.975987277112735e-06,419.36,385.81,461.3,NORMAL,s_thermal,s_ISC,s_imbalance
2025-12-31,3,ESS-03 SOC Volatility,97.342,1.0,0.4488,0.6124,19.44,1.499,298,-0.089,-1.462,1.418,0.6,0.015,0.407,2.987049706635701e-06,2.570978578192184e-06,3.470454956258864e-06,562.65,517.63,618.91,NORMAL,s_thermal,s_overcharge,s_imbalance
2026-01-01,3,ESS-03 SOC Volatility,97.531,1.0,0.0,0.5694,17.67,1.421,296,0.02,-1.524,1.565,0.213,0.069,0.373,2.9447962651634618e-06,2.5346106740363227e-06,3.421363508209915e-06,549.37,505.42,604.3,NORMAL,s_overcharge,s_thermal,s_imbalance
2026-01-02,3,ESS-03 SOC Volatility,97.508,1.0,0.4569,0.618,17.68,1.583,291,0.341,-1.146,1.695,0.563,-0.099,0.52,3.1355933892869978e-06,2.698831419735107e-06,3.6430379222996593e-06,607.89,559.26,668.68,WARNING,s_overcharge,s_thermal,s_imbalance
2026-01-03,3,ESS-03 SOC Volatility,97.472,1.0,0.0134,0.5788,17.65,1.078,298,-0.215,-1.826,1.601,-0.318,-0.112,0.32,2.8782160268256273e-06,2.477304485345675e-06,3.3440083803166196e-06,528.05,485.8,580.85,NORMAL,s_thermal,s_overcharge,s_imbalance
2026-01-04,3,ESS-03 SOC Volatility,97.546,0.5768,0.127,0.5768,19.42,1.778,295,0.341,-1.223,-0.066,0.554,-0.004,0.179,2.709079946378827e-06,2.331727598506359e-06,3.1475004680582826e-06,471.59,433.87,518.75,NORMAL,s_thermal,s_imbalance,s_ISC
2026-01-05,3,ESS-03 SOC Volatility,97.42,0.9616,0.0254,0.6174,16.79,1.621,301,-0.237,-1.744,1.209,0.704,0.144,0.411,2.993077731392506e-06,2.576166951504286e-06,3.4774585150593627e-06,564.53,519.36,620.98,NORMAL,s_thermal,s_overcharge,s_imbalance
2026-01-06,3,ESS-03 SOC Volatility,97.467,0.6496,0.1787,0.4595,17.64,1.64,299,-0.22,-2.094,-0.16,0.374,0.06,0.087,2.6041389299625257e-06,2.2414039617751767e-06,3.0255765065567645e-06,434.76,399.98,478.24,NORMAL,s_thermal,s_imbalance,s_ISC
2026-01-07,3,ESS-03 SOC Volatility,97.492,0.6338,0.5261,0.5878,18.27,1.321,304,0.088,-1.17,-0.164,-0.102,0.166,0.051,2.56421221141845e-06,2.2070386919119128e-06,2.979188316552325e-06,420.36,386.73,462.4,NORMAL,s_thermal,s_thermal_mag,s_overcharge
2026-01-08,3,ESS-03 SOC Volatility,97.409,1.0,0.1116,0.5499,17.76,1.516,304,0.441,-1.707,1.524,0.506,0.091,0.512,3.1258064429529143e-06,2.6904077096136703e-06,3.6316671244391104e-06,604.97,556.58,665.47,WARNING,s_thermal,s_overcharge,s_imbalance
2026-01-09,3,ESS-03 SOC Volatility,97.468,1.0,0.2615,0.5389,17.35,1.481,299,-0.409,-1.737,1.507,0.467,-0.173,0.395,2.9719532496028175e-06,2.5579849264229545e-06,3.45291539244883e-06,557.92,513.29,613.72,NORMAL,s_thermal,s_overcharge,s_imbalance
2026-01-10,3,ESS-03 SOC Volatility,97.518,0.5227,0.1402,0.4367,19.85,1.312,307,0.556,-1.205,-0.108,0.078,0.054,0.138,2.6613740240739246e-06,2.2906666999397483e-06,3.092074142115837e-06,455.03,418.63,500.53,NORMAL,s_thermal,s_ISC,s_overcharge
2026-01-11,3,ESS-03 SOC Volatility,97.385,0.7754,0.0356,0.5232,18.83,1.679,309,0.753,-1.278,0.024,0.499,-0.007,0.255,2.799028012888113e-06,2.409146676213567e-06,3.2520051186404565e-06,502.04,461.88,552.25,NORMAL,s_thermal,s_ISC,s_imbalance
2026-01-12,3,ESS-03 SOC Volatility,97.419,1.0,0.248,0.5867,19.86,1.616,302,0.488,-1.229,1.503,0.451,-0.18,0.488,3.093722693815739e-06,2.662792946894169e-06,3.5943911635759223e-06,595.36,547.73,654.89,NORMAL,s_overcharge,s_thermal,s_ISC
2026-01-13,3,ESS-03 SOC Volatility,97.45,0.9126,0.0,0.5812,16.21,2.11,306,0.566,-1.453,0.707,1.264,-0.2,0.507,3.119100168658567e-06,2.684635560815438e-06,3.6238755531972827e-06,602.97,554.73,663.27,WARNING,s_thermal,s_imbalance,s_overcharge
2026-01-14,3,ESS-03 SOC Volatility,97.458,1.0,0.0,0.5992,19.46,1.591,312,0.223,-1.181,1.747,0.603,-0.181,0.515,3.128771393408876e-06,2.6929596683441204e-06,3.635111901920018e-06,605.86,557.39,666.44,WARNING,s_overcharge,s_thermal,s_imbalance
2026-01-15,3,ESS-03 SOC Volatility,97.494,0.5617,0.4018,0.5617,20.22,1.605,308,0.195,-1.225,0.016,0.906,-0.047,0.223,2.761246420167015e-06,2.376627732810497e-06,3.2081092099716977e-06,489.37,450.22,538.31,NORMAL,s_thermal,s_imbalance,s_ISC
2026-01-16,3,ESS-03 SOC Volatility,97.548,0.5418,0.5071,0.5071,17.13,1.906,310,0.449,-1.666,0.408,1.162,0.048,0.413,2.9958813854612434e-06,2.578580080937451e-06,3.4807158932040747e-06,565.4,520.17,621.94,NORMAL,s_thermal,s_imbalance,s_ISC
2026-01-17,3,ESS-03 SOC Volatility,97.411,0.8442,0.0,0.4539,18.22,1.899,321,0.308,-1.348,-0.065,0.679,-0.14,0.198,2.7307685087986753e-06,2.3503951313232153e-06,3.17269896036962e-06,479.03,440.7,526.93,NORMAL,s_thermal,s_imbalance,s_ISC
2026-01-18,3,ESS-03 SOC Volatility,97.467,0.9139,0.3681,0.5274,19.71,1.81,311,0.837,-1.64,0.616,0.627,-0.068,0.416,2.999177341522718e-06,2.5814169389784656e-06,3.484545244103564e-06,566.42,521.11,623.07,NORMAL,s_thermal,s_ISC,s_imbalance
2026-01-19,3,ESS-03 SOC Volatility,97.395,0.9333,0.0533,0.5701,21.96,1.732,321,0.053,-1.025,0.903,0.646,0.145,0.349,2.914693166737178e-06,2.508700675958491e-06,3.38638873081144e-06,539.79,496.6,593.77,NORMAL,s_thermal,s_overcharge,s_imbalance
2026-01-20,3,ESS-03 SOC Volatility,97.458,0.8318,0.5144,0.5963,16.25,1.468,313,0.466,-1.465,0.025,0.532,0.068,0.218,2.7551052412898097e-06,2.3713419671047373e-06,3.200974184431126e-06,487.3,448.31,536.03,NORMAL,s_thermal,s_imbalance,s_ISC
2026-01-21,3,ESS-03 SOC Volatility,97.359,0.7181,0.0,0.4991,18.81,2.012,316,0.428,-1.663,0.259,0.768,-0.032,0.291,2.8425479212445363e-06,2.4466046379046818e-06,3.3025679922454226e-06,516.42,475.11,568.07,NORMAL,s_thermal,s_imbalance,s_ISC
2026-01-22,3,ESS-03 SOC Volatility,97.465,0.5834,0.339,0.5521,17.47,1.651,317,0.038,-1.36,-0.116,0.631,-0.092,0.134,2.6571365338785483e-06,2.287019455626591e-06,3.0871508851411562e-06,453.55,417.26,498.9,NORMAL,s_thermal,s_imbalance,s_overcharge
2026-01-23,3,ESS-03 SOC Volatility,97.424,0.8671,0.354,0.5722,17.73,1.586,316,0.159,-1.167,0.182,0.198,0.193,0.146,2.671553761513466e-06,2.299428487660429e-06,3.103901299447645e-06,458.59,421.9,504.45,NORMAL,s_thermal,s_imbalance,s_thermal_mag
2026-01-24,3,ESS-03 SOC Volatility,97.325,0.5673,0.3551,0.5673,21.73,1.68,326,0.219,-0.962,0.018,0.845,0.138,0.244,2.7857890401820334e-06,2.3977517779414475e-06,3.2366236407139957e-06,497.62,457.81,547.38,NORMAL,s_thermal,s_imbalance,s_ISC
2026-01-25,3,ESS-03 SOC Volatility,97.404,0.5263,0.302,0.5263,18.42,1.321,323,-0.425,-1.835,-0.329,0.139,0.154,0.059,2.572719847932833e-06,2.2143612877599306e-06,2.98907277176216e-06,423.45,389.57,465.79,NORMAL,s_thermal,s_ISC,s_overcharge
2026-01-26,3,ESS-03 SOC Volatility,97.462,1.0,0.2342,0.4805,17.07,1.742,321,0.182,-1.582,1.562,0.574,-0.052,0.464,3.061078800587035e-06,2.634696063522788e-06,3.5564644083840916e-06,585.47,538.63,644.01,NORMAL,s_thermal,s_overcharge,s_imbalance
2026-01-27,3,ESS-03 SOC Volatility,97.384,0.5944,0.1619,0.5944,18.83,1.703,321,0.41,-1.652,0.093,0.897,-0.245,0.28,2.8292487669532695e-06,2.4351579406831794e-06,3.2871165935732043e-06,512.05,471.09,563.26,NORMAL,s_thermal,s_imbalance,s_ISC
2026-01-28,3,ESS-03 SOC Volatility,97.399,0.5945,0.3909,0.5772,18.04,1.621,327,-0.014,-1.545,0.113,0.774,0.12,0.201,2.735030680674903e-06,2.3540636194469533e-06,3.1776508932235643e-06,480.48,442.04,528.53,NORMAL,s_thermal,s_imbalance,s_thermal_mag
2026-01-29,3,ESS-03 SOC Volatility,97.435,0.9867,0.4101,0.5763,19.99,1.417,328,0.242,-0.881,1.671,0.254,0.018,0.437,3.026385689639207e-06,2.6048354008830896e-06,3.5161568038075913e-06,574.84,528.85,632.33,NORMAL,s_overcharge,s_thermal,s_imbalance
2026-01-30,3,ESS-03 SOC Volatility,97.43,0.8568,0.3225,0.6005,19.21,1.824,331,0.416,-1.004,0.301,0.505,-0.161,0.245,2.786327553684854e-06,2.3982152811684863e-06,3.2372493035775468e-06,497.8,457.98,547.58,NORMAL,s_thermal,s_imbalance,s_ISC
2026-01-31,3,ESS-03 SOC Volatility,97.334,0.5232,0.3877,0.5232,16.96,1.611,330,0.643,-1.755,-0.136,0.468,-0.216,0.222,2.7597465643002096e-06,2.375336793909679e-06,3.2063666276234583e-06,488.87,449.76,537.75,NORMAL,s_thermal,s_ISC,s_imbalance
2026-02-01,3,ESS-03 SOC Volatility,97.28,1.0,0.5231,0.5231,17.9,1.611,327,0.105,-1.424,1.748,0.797,-0.008,0.53,3.1494097071420585e-06,2.7107232451284874e-06,3.6590901771648734e-06,611.99,563.03,673.18,WARNING,s_overcharge,s_thermal,s_imbalance
2026-02-02,3,ESS-03 SOC Volatility,97.325,0.5226,0.2885,0.518,17.46,1.564,334,-0.584,-1.648,0.095,0.295,-0.232,0.078,2.594168942383305e-06,2.232822707727346e-06,3.0139930433324064e-06,431.19,396.69,474.31,NORMAL,s_thermal,s_ISC,s_imbalance
2026-02-03,3,ESS-03 SOC Volatility,97.358,0.719,0.5521,0.5521,14.96,1.312,328,0.278,-2.252,-0.111,-0.033,0.152,0.086,2.6032556328884936e-06,2.2406437003865506e-06,3.0245502626345048e-06,434.45,399.69,477.89,NORMAL,s_thermal,s_ISC,s_thermal_mag
2026-02-04,3,ESS-03 SOC Volatility,97.314,1.0,0.1846,0.5556,14.48,1.619,342,0.111,-1.775,1.687,0.574,0.229,0.52,3.1360949920160898e-06,2.6992631535821943e-06,3.6436207009350586e-06,608.04,559.39,668.84,WARNING,s_thermal,s_overcharge,s_imbalance
2026-02-05,3,ESS-03 SOC Volatility,97.304,0.6877,0.1504,0.5435,20.6,1.668,344,0.169,-0.96,-0.104,0.35,-0.161,0.104,2.6230213852987507e-06,2.2576562535308754e-06,3.0475147711948607e-06,441.5,406.18,485.65,NORMAL,s_thermal,s_imbalance,s_ISC
2026-02-06,3,ESS-03 SOC Volatility,97.417,0.5045,0.0,0.5045,21.42,1.797,330,0.76,-1.235,-0.137,0.317,0.074,0.23,2.769170490798199e-06,2.383448048862494e-06,3.217315658332931e-06,492.04,452.68,541.25,NORMAL,s_thermal,s_ISC,s_imbalance
2026-02-07,3,ESS-03 SOC Volatility,97.286,0.9646,0.1577,0.6597,18.45,1.538,338,0.008,-1.269,1.28,0.45,-0.28,0.347,2.912189730694499e-06,2.5065459468392263e-06,3.383480155835331e-06,538.99,495.87,592.89,NORMAL,s_overcharge,s_thermal,s_imbalance
2026-02-08,3,ESS-03 SOC Volatility,97.373,0.5716,0.0868,0.5716,16.4,1.57,342,0.268,-1.907,-0.021,0.467,0.079,0.163,2.690494062975884e-06,2.3157305683808942e-06,3.1259067711587417e-06,465.18,427.96,511.69,NORMAL,s_thermal,s_imbalance,s_ISC
2026-02-09,3,ESS-03 SOC Volatility,97.404,1.0,0.3734,0.643,15.87,1.895,339,0.771,-1.452,1.199,0.784,0.005,0.552,3.1792137727143355e-06,2.736375864709908e-06,3.693717525654341e-06,620.77,571.1,682.84,WARNING,s_thermal,s_overcharge,s_imbalance
2026-02-10,3,ESS-03 SOC Volatility,97.337,0.9438,0.0,0.5473,18.2,1.687,340,0.18,-1.809,1.24,0.733,0.006,0.432,3.019649167650994e-06,2.599037217791449e-06,3.5083300895428864e-06,572.76,526.94,630.04,NORMAL,s_thermal,s_overcharge,s_imbalance
2026-02-11,3,ESS-03 SOC Volatility,97.316,1.0,0.4147,0.6329,17.2,1.61,343,-0.169,-1.658,1.647,0.492,0.001,0.428,3.0146570522605475e-06,2.594740460644102e-06,3.502530084602655e-06,571.22,525.52,628.34,NORMAL,s_thermal,s_overcharge,s_imbalance
2026-02-12,3,ESS-03 SOC Volatility,97.335,1.0,0.019,0.507,19.2,1.619,345,-0.098,-1.546,1.814,0.512,-0.122,0.465,3.063154664457121e-06,2.6364827776379113e-06,3.5588762157212313e-06,586.1,539.21,644.71,NORMAL,s_overcharge,s_thermal,s_imbalance
2026-02-13,3,ESS-03 SOC Volatility,97.303,0.8357,0.3644,0.5378,17.0,1.95,350,0.044,-1.849,-0.227,0.819,-0.116,0.172,2.7015123482485345e-06,2.3252141015243257e-06,3.138708181113999e-06,468.99,431.47,515.88,NORMAL,s_thermal,s_imbalance,s_overcharge
2026-02-14,3,ESS-03 SOC Volatility,97.375,1.0,0.1383,0.5666,15.2,1.661,354,-0.099,-2.131,1.68,0.53,0.065,0.455,3.0496449629661637e-06,2.6248548599047696e-06,3.5431801974474522e-06,581.98,535.42,640.18,NORMAL,s_thermal,s_overcharge,s_imbalance
2026-02-15,3,ESS-03 SOC Volatility,97.237,0.9761,0.3866,0.5365,18.33,1.809,345,0.054,-2.082,1.157,0.771,0.017,0.4,2.9783124925936108e-06,2.563458382125689e-06,3.4603037715986722e-06,559.92,515.12,615.91,NORMAL,s_thermal,s_overcharge,s_imbalance
2026-02-16,3,ESS-03 SOC Volatility,97.299,0.5417,0.5417,0.5417,18.83,1.686,347,0.176,-1.098,-0.126,0.648,-0.035,0.165,2.692762371066744e-06,2.3176829207116476e-06,3.128542166875816e-06,465.96,428.68,512.56,NORMAL,s_thermal,s_imbalance,s_ISC
2026-02-17,3,ESS-03 SOC Volatility,97.229,0.5474,0.2814,0.5174,17.78,1.285,350,-0.369,-1.507,0.003,0.379,0.12,0.1,2.6192913643905034e-06,2.254445792438597e-06,3.043181108854185e-06,440.17,404.96,484.19,NORMAL,s_thermal,s_imbalance,s_ISC
2026-02-18,3,ESS-03 SOC Volatility,97.307,1.0,0.463,0.5245,17.86,1.694,353,0.586,-1.255,1.688,0.98,0.013,0.653,3.3207567264471982e-06,2.8582031242961963e-06,3.858166803130918e-06,661.37,608.46,727.51,WARNING,s_overcharge,s_thermal,s_imbalance
2026-02-19,3,ESS-03 SOC Volatility,97.239,0.8205,0.1042,0.548,15.01,1.854,358,0.078,-1.728,-0.029,0.753,0.33,0.232,2.771606699044445e-06,2.3855449143506013e-06,3.2201461259577908e-06,492.86,453.43,542.15,NORMAL,s_thermal,s_imbalance,s_thermal_mag
2026-02-20,3,ESS-03 SOC Volatility,97.391,0.7819,0.31,0.552,19.23,1.415,355,0.255,-1.296,0.116,-0.055,0.152,0.105,2.6240583434331263e-06,2.2585487723206722e-06,3.0487195436406127e-06,441.87,406.52,486.06,NORMAL,s_thermal,s_ISC,s_thermal_mag
2026-02-21,3,ESS-03 SOC Volatility,97.242,0.4767,0.0934,0.4767,18.15,1.597,363,-0.036,-1.9,-0.219,0.812,0.0,0.162,2.689937353555889e-06,2.3152514037834433e-06,3.1252599676545385e-06,464.98,427.78,511.48,NORMAL,s_thermal,s_imbalance,s_overcharge
2026-02-22,3,ESS-03 SOC Volatility,97.274,0.7289,0.3503,0.5742,15.95,1.2,354,0.33,-1.801,0.251,-0.584,-0.026,0.116,2.6371028414823698e-06,2.2697762840680606e-06,3.063875075249458e-06,446.49,410.77,491.14,NORMAL,s_thermal,s_imbalance,s_ISC
2026-02-23,3,ESS-03 SOC Volatility,97.346,0.5772,0.0,0.5772,16.61,1.388,360,-0.128,-1.418,0.075,0.052,-0.036,0.025,2.536379007716325e-06,2.183082414455777e-06,2.946850774099405e-06,410.19,377.37,451.21,NORMAL,s_thermal,s_ISC,s_overcharge
2026-02-24,3,ESS-03 SOC Volatility,97.218,0.8323,0.0,0.5819,16.09,1.548,354,0.491,-1.918,-0.06,0.775,0.128,0.279,2.827571495676204e-06,2.4337142987788634e-06,3.285167884153145e-06,511.5,470.58,562.65,NORMAL,s_thermal,s_imbalance,s_ISC
2026-02-25,3,ESS-03 SOC Volatility,97.302,0.6569,0.2154,0.5861,14.67,1.756,362,0.093,-1.871,0.195,0.64,0.073,0.2,2.7337111753942127e-06,2.3529279098617996e-06,3.1761178481617887e-06,480.03,441.63,528.03,NORMAL,s_thermal,s_imbalance,s_overcharge
2026-02-26,3,ESS-03 SOC Volatility,97.203,0.9965,0.0,0.5043,19.05,1.755,366,0.224,-1.125,1.806,0.958,0.148,0.627,3.283627590871099e-06,2.8262457517492834e-06,3.815028948122126e-06,650.89,598.82,715.98,WARNING,s_overcharge,s_thermal,s_imbalance
2026-02-27,3,ESS-03 SOC Volatility,97.213,1.0,0.0,0.5135,16.97,1.465,356,0.259,-1.312,1.421,0.388,0.096,0.433,3.020939031051079e-06,2.6001474144425266e-06,3.5098286955445484e-06,573.16,527.31,630.48,NORMAL,s_overcharge,s_thermal,s_imbalance
2026-02-28,3,ESS-03 SOC Volatility,97.221,0.5421,0.0,0.5421,16.84,1.518,363,0.222,-1.076,-0.381,-0.021,0.134,0.071,2.586541918967162e-06,2.226258063099436e-06,3.005131713786926e-06,428.44,394.17,471.29,NORMAL,s_thermal,s_overcharge,s_ISC
2026-03-01,3,ESS-03 SOC Volatility,97.174,0.8462,0.4827,0.5936,19.3,1.675,358,0.191,-1.784,0.002,1.014,-0.144,0.241,2.7827266559676444e-06,2.395115957376771e-06,3.2330656610756962e-06,496.6,456.87,546.26,NORMAL,s_thermal,s_imbalance,s_ISC
2026-03-02,3,ESS-03 SOC Volatility,97.2,0.8536,0.1128,0.4593,19.27,1.505,359,0.2,-1.442,0.032,0.683,0.116,0.206,2.7410319403523898e-06,2.3592289554599367e-06,3.1846233560372745e-06,482.52,443.92,530.78,NORMAL,s_thermal,s_imbalance,s_ISC
2026-03-03,3,ESS-03 SOC Volatility,97.281,1.0,0.0,0.4977,20.58,1.444,365,-0.677,-1.208,1.189,0.284,0.004,0.296,2.84803181133454e-06,2.4513246695883298e-06,3.30893935766776e-06,518.22,476.76,570.04,NORMAL,s_thermal,s_overcharge,s_ISC
2026-03-04,3,ESS-03 SOC Volatility,97.316,0.9398,0.369,0.6169,17.98,1.906,370,0.233,-1.264,0.999,0.763,-0.113,0.399,2.9770237302207024e-06,2.562349133151454e-06,3.4588064447861778e-06,559.51,514.75,615.46,NORMAL,s_thermal,s_overcharge,s_imbalance
2026-03-05,3,ESS-03 SOC Volatility,97.23,0.6792,0.3468,0.5301,19.02,1.688,381,0.529,-1.3,-0.132,0.46,0.22,0.242,2.7831923256762286e-06,2.3955167633200693e-06,3.2336066916015946e-06,496.75,457.01,546.43,NORMAL,s_thermal,s_ISC,s_imbalance
2026-03-06,3,ESS-03 SOC Volatility,97.229,1.0,0.056,0.5721,17.66,1.573,367,-0.313,-1.67,1.429,0.354,-0.114,0.356,2.923418952316282e-06,2.516211035314441e-06,3.396526637713585e-06,542.57,499.17,596.83,NORMAL,s_thermal,s_overcharge,s_imbalance
2026-03-07,3,ESS-03 SOC Volatility,97.302,0.6001,0.3995,0.5653,18.13,1.404,377,0.096,-1.49,0.166,0.555,0.389,0.241,2.7825929291727193e-06,2.3950008575684916e-06,3.2329102928461157e-06,496.55,456.83,546.21,NORMAL,s_thermal,s_imbalance,s_thermal_mag
2026-03-08,3,ESS-03 SOC Volatility,97.194,1.0,0.3888,0.6205,18.06,1.991,369,0.785,-1.223,1.606,0.892,0.292,0.715,3.409528856464107e-06,2.934610076315589e-06,3.961305191247088e-06,685.96,631.09,754.56,WARNING,s_overcharge,s_thermal,s_imbalance
2026-03-09,3,ESS-03 SOC Volatility,97.191,0.9146,0.1144,0.5846,20.38,1.629,367,0.296,-1.52,0.576,0.638,0.027,0.307,2.8625376042051926e-06,2.4638099311477045e-06,3.3257926689675527e-06,522.96,481.12,575.25,NORMAL,s_thermal,s_imbalance,s_overcharge
2026-03-10,3,ESS-03 SOC Volatility,97.166,1.0,0.0,0.5946,16.71,2.11,371,0.895,-1.625,1.77,0.939,0.05,0.731,3.4328505753248928e-06,2.954683284894558e-06,3.988401132814638e-06,692.32,636.93,761.55,WARNING,s_overcharge,s_thermal,s_imbalance
2026-03-11,3,ESS-03 SOC Volatility,97.188,0.9844,0.3833,0.5533,17.42,1.617,369,0.235,-1.444,1.3,0.577,0.29,0.48,3.0832264997473144e-06,2.653758781164378e-06,3.582196338079367e-06,592.19,544.81,651.41,NORMAL,s_thermal,s_overcharge,s_imbalance
2026-03-12,3,ESS-03 SOC Volatility,97.131,0.625,0.6045,0.6045,18.05,1.785,388,0.107,-1.184,0.027,0.966,0.094,0.239,2.7797954544338036e-06,2.392593046881297e-06,3.229660093827057e-06,495.61,455.96,545.18,NORMAL,s_thermal,s_imbalance,s_ISC
2026-03-13,3,ESS-03 SOC Volatility,97.192,0.9025,0.2622,0.4738,19.48,1.724,376,0.062,-1.629,0.318,0.778,-0.004,0.232,2.770916171787698e-06,2.384950571573931e-06,3.219343848464985e-06,492.63,453.22,541.89,NORMAL,s_thermal,s_imbalance,s_overcharge
2026-03-14,3,ESS-03 SOC Volatility,97.106,0.6758,0.4028,0.5716,19.19,1.922,384,0.338,-1.491,-0.073,1.215,-0.192,0.311,2.8665883627674e-06,2.4672964541350888e-06,3.330498974610609e-06,524.27,482.33,576.7,NORMAL,s_thermal,s_imbalance,s_ISC
2026-03-15,3,ESS-03 SOC Volatility,97.17,0.574,0.036,0.574,16.43,1.777,374,-0.131,-1.453,-0.364,0.595,0.001,0.119,2.6404621699857107e-06,2.2726676870318536e-06,3.067778054803713e-06,447.68,411.86,492.45,NORMAL,s_thermal,s_imbalance,s_overcharge
2026-03-16,3,ESS-03 SOC Volatility,97.154,0.9637,0.0,0.5318,19.59,1.777,379,0.539,-1.483,1.134,0.623,-0.115,0.459,3.0551840717625934e-06,2.6296224190822544e-06,3.5496157173632365e-06,583.67,536.98,642.04,NORMAL,s_thermal,s_overcharge,s_imbalance
2026-03-17,3,ESS-03 SOC Volatility,97.188,0.5762,0.0593,0.4664,19.7,1.774,382,0.767,-1.633,0.019,0.735,-0.186,0.304,2.8583491609562136e-06,2.4602049017617516e-06,3.3209263966825327e-06,521.59,479.86,573.75,NORMAL,s_thermal,s_ISC,s_imbalance
2026-03-18,3,ESS-03 SOC Volatility,97.11,0.7238,0.4987,0.5577,18.04,1.621,391,-0.209,-1.486,0.234,0.526,-0.078,0.152,2.677887492726771e-06,2.304879984698351e-06,3.11126003888487e-06,460.8,423.93,506.88,NORMAL,s_thermal,s_imbalance,s_overcharge
2026-03-19,3,ESS-03 SOC Volatility,97.221,0.7359,0.0,0.4818,19.14,1.628,383,0.385,-1.336,0.116,0.687,-0.251,0.238,2.778161273253324e-06,2.3911864930154097e-06,3.2277614478805253e-06,495.07,455.46,544.57,NORMAL,s_thermal,s_imbalance,s_ISC
2026-03-20,3,ESS-03 SOC Volatility,97.151,1.0,0.0,0.5392,19.67,1.941,385,0.666,-1.341,1.655,1.127,0.065,0.703,3.3914483805261476e-06,2.919048051715984e-06,3.940298698297947e-06,681.01,626.53,749.11,WARNING,s_overcharge,s_thermal,s_imbalance
2026-03-21,3,ESS-03 SOC Volatility,97.253,1.0,0.5198,0.5198,18.7,1.66,387,-0.096,-1.734,1.948,0.468,0.163,0.516,3.130313423042104e-06,2.694286906706463e-06,3.636903482936449e-06,606.32,557.81,666.95,WARNING,s_overcharge,s_thermal,s_imbalance
2026-03-22,3,ESS-03 SOC Volatility,97.211,0.5907,0.1277,0.5907,19.79,1.732,391,0.181,-1.574,0.098,0.587,-0.275,0.173,2.7022868927812437e-06,2.3258807586835216e-06,3.1396080726876455e-06,469.25,431.71,516.18,NORMAL,s_thermal,s_imbalance,s_thermal_mag
2026-03-23,3,ESS-03 SOC Volatility,97.145,1.0,0.0,0.5089,17.99,1.792,386,0.843,-1.505,1.542,0.833,0.377,0.719,3.4155195910430112e-06,2.9397663542542402e-06,3.968265424132192e-06,687.6,632.59,756.36,WARNING,s_overcharge,s_thermal,s_ISC
2026-03-24,3,ESS-03 SOC Volatility,97.177,0.9261,0.2187,0.5728,21.95,1.867,391,0.092,-0.937,0.829,0.54,-0.168,0.292,2.843862171162312e-06,2.4477358241879073e-06,3.3040949313982217e-06,516.85,475.51,568.54,NORMAL,s_thermal,s_overcharge,s_imbalance
2026-03-25,3,ESS-03 SOC Volatility,97.069,0.8074,0.0,0.5782,18.07,1.779,388,0.019,-1.539,0.09,0.531,-0.282,0.128,2.650339276276987e-06,2.281168997465933e-06,3.0792536052862396e-06,451.16,415.07,496.27,NORMAL,s_thermal,s_imbalance,s_thermal_mag
2026-03-26,3,ESS-03 SOC Volatility,97.193,0.9645,0.208,0.5464,19.06,1.79,396,0.444,-1.149,1.038,0.682,-0.1,0.433,3.0205227351372165e-06,2.599789104927385e-06,3.5093450291696037e-06,573.03,527.19,630.34,NORMAL,s_thermal,s_overcharge,s_imbalance
2026-03-27,3,ESS-03 SOC Volatility,97.114,0.443,0.3126,0.443,17.76,1.546,397,-0.373,-1.05,0.349,-0.01,0.166,0.103,2.6222378200606696e-06,2.256981832187662e-06,3.0466043990426275e-06,441.22,405.92,485.34,NORMAL,s_thermal,s_ISC,s_overcharge
2026-03-28,3,ESS-03 SOC Volatility,97.179,0.5868,0.1998,0.5868,20.07,1.68,398,0.217,-0.942,-0.299,0.766,0.129,0.222,2.759983414888725e-06,2.375540653257173e-06,3.2066418085017924e-06,488.95,449.83,537.84,NORMAL,s_thermal,s_imbalance,s_overcharge
2026-03-29,3,ESS-03 SOC Volatility,97.208,0.4676,0.0,0.4676,20.74,1.585,406,-0.222,-1.027,0.088,0.691,0.048,0.165,2.6932617058915577e-06,2.3181127025007066e-06,3.129122310668192e-06,466.13,428.84,512.75,NORMAL,s_thermal,s_imbalance,s_ISC
2026-03-30,3,ESS-03 SOC Volatility,97.093,0.7206,0.4532,0.4532,18.95,1.708,404,-0.075,-1.34,0.204,0.511,0.093,0.162,2.6890120994961487e-06,2.314455029637326e-06,3.124184976740487e-06,464.66,427.49,511.13,NORMAL,s_thermal,s_imbalance,s_overcharge
2026-03-31,3,ESS-03 SOC Volatility,97.13,1.0,0.0,0.5468,19.68,1.974,405,0.554,-1.042,1.823,0.799,0.183,0.672,3.34721364122579e-06,2.8809748230279647e-06,3.8889053195075045e-06,668.77,615.27,735.64,WARNING,s_overcharge,s_thermal,s_imbalance
2026-04-01,3,ESS-03 SOC Volatility,97.113,0.7097,0.4083,0.5791,17.26,1.522,403,0.76,-1.532,0.3,0.501,0.021,0.316,2.87339810488075e-06,2.4731576581756795e-06,3.338410758832582e-06,526.49,484.37,579.13,NORMAL,s_thermal,s_ISC,s_imbalance
2026-04-02,3,ESS-03 SOC Volatility,97.138,0.5148,0.5148,0.5148,18.36,2.015,401,0.41,-1.744,-0.154,0.774,0.102,0.257,2.8014576581315926e-06,2.4112378928858767e-06,3.2548279611235277e-06,502.85,462.62,553.13,NORMAL,s_thermal,s_imbalance,s_ISC
2026-04-03,3,ESS-03 SOC Volatility,97.14,1.0,0.1829,0.5027,19.97,1.481,407,0.262,-1.043,1.196,0.523,0.255,0.447,3.0393661268767013e-06,2.616007776190545e-06,3.531237905471386e-06,578.83,532.52,636.71,NORMAL,s_overcharge,s_thermal,s_imbalance
2026-04-04,3,ESS-03 SOC Volatility,97.102,0.5948,0.2039,0.5948,20.57,2.054,405,0.28,-1.549,-0.078,1.167,0.149,0.319,2.8771793464427733e-06,2.476412205555826e-06,3.3428039306709044e-06,527.71,485.49,580.48,NORMAL,s_thermal,s_imbalance,s_ISC
2026-04-05,3,ESS-03 SOC Volatility,97.078,1.0,0.4064,0.5024,20.12,1.728,410,-0.038,-1.315,1.452,0.371,-0.183,0.364,2.933520874023201e-06,2.524905846998251e-06,3.408263385145325e-06,545.79,502.13,600.37,NORMAL,s_overcharge,s_thermal,s_imbalance
2026-04-06,3,ESS-03 SOC Volatility,97.084,0.6954,0.2822,0.5677,21.19,1.934,410,0.69,-0.996,0.048,0.863,-0.189,0.32,2.8782675888642842e-06,2.4773488652392132e-06,3.3440682868029477e-06,528.06,485.82,580.87,NORMAL,s_thermal,s_imbalance,s_ISC
2026-04-07,3,ESS-03 SOC Volatility,97.128,0.5622,0.2912,0.5274,20.47,2.134,408,0.946,-0.972,-0.108,1.346,-0.142,0.458,3.054101309185915e-06,2.6286904759028734e-06,3.548357727968671e-06,583.34,536.67,641.67,NORMAL,s_imbalance,s_thermal,s_ISC
2026-04-08,3,ESS-03 SOC Volatility,97.07,0.8624,0.0,0.5269,23.4,1.849,399,0.561,-0.482,0.124,0.804,-0.004,0.298,2.850816216904541e-06,2.4537212315744323e-06,3.312174372421077e-06,519.13,477.6,571.04,NORMAL,s_imbalance,s_ISC,s_thermal
2026-04-09,3,ESS-03 SOC Volatility,97.043,0.5868,0.1175,0.5711,20.15,2.127,411,0.717,-1.545,-0.03,1.036,-0.182,0.351,2.916069025076051e-06,2.509884889166982e-06,3.387987248634297e-06,540.23,497.01,594.25,NORMAL,s_thermal,s_imbalance,s_ISC
2026-04-10,3,ESS-03 SOC Volatility,97.125,1.0,0.3128,0.5196,18.44,1.512,411,-0.041,-1.447,1.464,0.644,-0.048,0.422,3.006491207072899e-06,2.587712046662126e-06,3.4930427352875672e-06,568.69,523.2,625.56,NORMAL,s_overcharge,s_thermal,s_imbalance
2026-04-11,3,ESS-03 SOC Volatility,97.059,1.0,0.5359,0.6115,21.61,2.008,415,0.221,-0.842,1.658,0.965,-0.051,0.569,3.2024415716083625e-06,2.756368234264281e-06,3.720704349921428e-06,627.55,577.35,690.31,WARNING,s_overcharge,s_imbalance,s_thermal
2026-04-12,3,ESS-03 SOC Volatility,97.006,0.5905,0.0351,0.5905,17.77,1.868,423,0.462,-1.359,-0.204,1.234,-0.0,0.339,2.901858307081022e-06,2.4976536009258105e-06,3.3714767653991987e-06,535.67,492.82,589.24,NORMAL,s_thermal,s_imbalance,s_ISC
2026-04-13,3,ESS-03 SOC Volatility,97.122,0.642,0.0182,0.642,24.44,1.726,417,0.029,-0.541,-0.189,0.896,0.037,0.192,2.7246809819683576e-06,2.3451555444420954e-06,3.1656262694889584e-06,476.95,438.79,524.64,NORMAL,s_imbalance,s_thermal,s_overcharge
2026-04-14,3,ESS-03 SOC Volatility,97.039,0.8534,0.5101,0.5536,20.82,1.863,421,0.596,-1.194,0.048,0.552,-0.018,0.239,2.7800385565433413e-06,2.3928022869681055e-06,3.2299425379282624e-06,495.7,456.04,545.26,NORMAL,s_thermal,s_ISC,s_imbalance
2026-04-15,3,ESS-03 SOC Volatility,97.036,0.8023,0.0,0.5704,19.82,1.421,418,-0.018,-1.244,-0.228,0.206,0.126,0.066,2.5812989790687663e-06,2.2217454196605933e-06,2.9990402917748663e-06,426.55,392.43,469.21,NORMAL,s_thermal,s_overcharge,s_imbalance
2026-04-16,3,ESS-03 SOC Volatility,96.982,0.9208,0.0667,0.5611,22.01,1.973,408,0.248,-0.817,0.988,0.637,0.06,0.387,2.961539139247416e-06,2.549021411164452e-06,3.4408159340487876e-06,554.65,510.28,610.12,NORMAL,s_overcharge,s_thermal,s_imbalance
2026-04-17,3,ESS-03 SOC Volatility,97.042,0.9136,0.3397,0.5709,22.26,1.844,428,0.369,-1.043,0.768,1.204,-0.048,0.468,3.067149314237656e-06,2.639921007502955e-06,3.5635173320195436e-06,587.31,540.33,646.05,NORMAL,s_imbalance,s_thermal,s_overcharge
2026-04-18,3,ESS-03 SOC Volatility,97.094,1.0,0.0,0.568,21.17,1.933,423,1.091,-1.161,1.296,1.042,-0.172,0.686,3.3668808860739703e-06,2.897902593374281e-06,3.911755373204044e-06,674.23,620.29,741.65,WARNING,s_overcharge,s_thermal,s_ISC
2026-04-19,3,ESS-03 SOC Volatility,97.078,0.6577,0.2942,0.5587,20.23,2.092,417,0.722,-1.301,-0.003,0.838,-0.034,0.312,2.8681776697683653e-06,2.46866438444052e-06,3.3323454841928276e-06,524.79,482.81,577.27,NORMAL,s_thermal,s_imbalance,s_ISC
2026-04-20,3,ESS-03 SOC Volatility,97.02,1.0,0.2825,0.5758,19.52,1.524,418,0.168,-1.208,1.392,0.434,-0.071,0.399,2.9770534360196816e-06,2.562374701190787e-06,3.4588409579673837e-06,559.52,514.76,615.47,NORMAL,s_overcharge,s_thermal,s_imbalance
2026-04-21,3,ESS-03 SOC Volatility,97.041,1.0,0.2677,0.5457,22.21,1.487,421,-0.061,-1.367,1.589,0.89,0.008,0.497,3.1055191195793377e-06,2.6729462334096156e-06,3.6080966412198552e-06,598.9,550.99,658.79,NORMAL,s_overcharge,s_thermal,s_imbalance
2026-04-22,3,ESS-03 SOC Volatility,97.049,1.0,0.589,0.589,22.91,1.769,427,0.253,-0.99,1.926,0.791,0.062,0.607,3.2546252590287805e-06,2.8012831906636134e-06,3.781333081522802e-06,642.62,591.21,706.88,WARNING,s_overcharge,s_thermal,s_imbalance
2026-04-23,3,ESS-03 SOC Volatility,97.01,1.0,0.0,0.6047,24.56,1.565,419,0.092,-0.698,1.585,0.401,0.065,0.429,3.0152951015051824e-06,2.5952896351795766e-06,3.503271391340212e-06,571.42,525.71,628.56,NORMAL,s_overcharge,s_thermal,s_imbalance
2026-04-24,3,ESS-03 SOC Volatility,97.057,1.0,0.0,0.6173,20.51,2.123,426,1.103,-1.148,1.531,1.113,0.045,0.758,3.4738253116001865e-06,2.9899506011673483e-06,4.036006931295275e-06,703.38,647.11,773.72,WARNING,s_overcharge,s_thermal,s_imbalance
2026-04-25,3,ESS-03 SOC Volatility,97.037,1.0,0.0,0.5264,20.74,1.721,432,0.885,-0.794,1.475,0.578,-0.051,0.588,3.2283203525972537e-06,2.7786423274336765e-06,3.750771172543311e-06,635.05,584.25,698.56,WARNING,s_overcharge,s_ISC,s_thermal
2026-04-26,3,ESS-03 SOC Volatility,96.963,0.7827,0.3686,0.4971,24.55,1.611,427,-0.159,-0.578,0.19,0.169,0.179,0.108,2.6275842520884693e-06,2.2615835522444496e-06,3.052816061571509e-06,443.12,407.67,487.43,NORMAL,s_thermal,s_overcharge,s_thermal_mag
2026-04-27,3,ESS-03 SOC Volatility,97.038,1.0,0.2634,0.5328,25.33,1.945,432,0.666,-0.432,1.504,0.718,0.02,0.582,3.219849274881714e-06,2.7713511967262594e-06,3.7409291946510323e-06,632.61,582.0,695.87,WARNING,s_overcharge,s_imbalance,s_ISC
2026-04-28,3,ESS-03 SOC Volatility,97.029,1.0,0.0,0.5139,22.36,1.805,432,0.5,-0.886,1.54,0.453,-0.115,0.499,3.1074254064148985e-06,2.6745869911142704e-06,3.6103114283149755e-06,599.48,551.52,659.42,NORMAL,s_overcharge,s_thermal,s_ISC
2026-04-29,3,ESS-03 SOC Volatility,97.034,0.6208,0.252,0.6208,22.97,1.817,435,0.571,-1.093,0.003,0.671,-0.123,0.249,2.791524405844653e-06,2.402688256750006e-06,3.2432871789208817e-06,499.54,459.58,549.49,NORMAL,s_thermal,s_imbalance,s_ISC
2026-04-30,3,ESS-03 SOC Volatility,97.021,0.7538,0.3168,0.5799,23.02,1.729,436,0.779,-0.983,-0.075,0.89,0.199,0.374,2.94514611944823e-06,2.534911796656857e-06,3.421769980510477e-06,549.48,505.52,604.42,NORMAL,s_thermal,s_imbalance,s_ISC
2025-05-01,4,ESS-04 Summer Thermal Stress,98.536,0.8657,0.2967,0.5502,21.65,0.957,3,-0.214,-0.847,-0.147,-0.227,-0.109,0.0,2.5088087757435583e-06,2.1593524792086137e-06,2.914818760667119e-06,400.0,368.0,440.0,NORMAL,s_thermal,s_imbalance,s_ISC
2025-05-02,4,ESS-04 Summer Thermal Stress,98.476,0.6713,0.2088,0.4984,24.21,1.086,6,-0.521,-0.494,0.057,-0.016,0.029,0.017,2.5275230333834844e-06,2.175460001331932e-06,2.9365616082988917e-06,406.93,374.37,447.62,NORMAL,s_ISC,s_thermal,s_overcharge
2025-05-03,4,ESS-04 Summer Thermal Stress,98.463,0.8911,0.181,0.5811,22.64,1.0,0,-0.38,-1.617,0.583,-0.533,0.055,0.128,2.6500680655810184e-06,2.280935564084276e-06,3.078938503682959e-06,451.06,414.98,496.17,NORMAL,s_thermal,s_overcharge,s_imbalance
2025-05-04,4,ESS-04 Summer Thermal Stress,98.453,0.8307,0.4214,0.5877,22.8,0.738,5,-0.162,-0.75,-0.161,-0.614,0.09,0.018,2.5281555927515245e-06,2.1760044506089763e-06,2.937296536831934e-06,407.16,374.59,447.88,NORMAL,s_thermal,s_imbalance,s_ISC
2025-05-05,4,ESS-04 Summer Thermal Stress,98.521,0.864,0.2723,0.5312,23.63,1.262,5,0.136,-1.033,0.187,0.117,-0.179,0.088,2.6052686732388417e-06,2.2423763415300016e-06,3.026889079874102e-06,435.17,400.36,478.69,NORMAL,s_thermal,s_overcharge,s_thermal_mag
2025-05-06,4,ESS-04 Summer Thermal Stress,98.403,0.8943,0.2048,0.5396,24.98,1.181,0,-0.31,-0.651,0.323,0.018,-0.063,0.068,2.5833172546955322e-06,2.2234825668408607e-06,3.0013851915494113e-06,427.28,393.1,470.01,NORMAL,s_thermal,s_overcharge,s_ISC
2025-05-07,4,ESS-04 Summer Thermal Stress,98.418,0.8041,0.3027,0.5676,24.3,0.954,0,-0.324,-0.2,-0.209,-0.35,-0.046,0.0,2.5088087757435583e-06,2.1593524792086137e-06,2.914818760667119e-06,400.0,368.0,440.0,NORMAL,s_imbalance,s_ISC,s_overcharge
2025-05-08,4,ESS-04 Summer Thermal Stress,98.444,0.8648,0.3454,0.5806,23.88,1.161,0,0.029,-0.637,0.245,0.068,0.148,0.098,2.6165325337801114e-06,2.2520712431948485e-06,3.039975807697111e-06,439.19,404.06,483.11,NORMAL,s_thermal,s_overcharge,s_thermal_mag
2025-05-09,4,ESS-04 Summer Thermal Stress,98.421,0.6871,0.3567,0.5771,23.44,0.835,2,-0.786,-1.323,0.423,-0.403,-0.24,0.085,2.6015115853568706e-06,2.2391425836765352e-06,3.022523970198085e-06,433.82,399.12,477.21,NORMAL,s_thermal,s_ISC,s_overcharge
2025-05-10,4,ESS-04 Summer Thermal Stress,98.37,1.0,0.3251,0.573,23.84,1.355,10,-0.147,-0.95,1.718,0.047,0.148,0.383,2.9563575315017374e-06,2.5445615563707125e-06,3.4347957705030946e-06,553.02,508.78,608.32,NORMAL,s_overcharge,s_thermal,s_thermal_mag
2025-05-11,4,ESS-04 Summer Thermal Stress,98.469,0.9732,0.222,0.5728,22.96,0.788,6,-0.727,-0.415,1.935,-0.961,-0.155,0.387,2.9620661058939473e-06,2.5494749759346728e-06,3.441428181356577e-06,554.82,510.43,610.3,NORMAL,s_overcharge,s_imbalance,s_ISC
2025-05-12,4,ESS-04 Summer Thermal Stress,98.419,0.7883,0.2028,0.5136,23.3,1.076,9,-0.693,-0.914,0.197,-0.18,-0.166,0.039,2.551586299224093e-06,2.1961714608327097e-06,2.9645191115640445e-06,415.76,382.5,457.34,NORMAL,s_thermal,s_ISC,s_overcharge
2025-05-13,4,ESS-04 Summer Thermal Stress,98.509,0.8916,0.2853,0.5553,24.49,0.99,8,-0.465,-0.358,0.195,-0.224,0.094,0.058,2.5718057780895497e-06,2.21357453999103e-06,2.988010775002165e-06,423.12,389.27,465.43,NORMAL,s_ISC,s_thermal,s_imbalance
2025-05-14,4,ESS-04 Summer Thermal Stress,98.362,0.8664,0.236,0.5799,24.87,1.023,11,-0.427,-0.728,0.409,-0.297,-0.06,0.082,2.5983410828840368e-06,2.2364137049323703e-06,3.0188403749582907e-06,432.69,398.07,475.96,NORMAL,s_thermal,s_ISC,s_overcharge
2025-05-15,4,ESS-04 Summer Thermal Stress,98.335,0.9638,0.4329,0.5857,26.45,1.089,14,-0.34,-0.331,1.068,0.096,-0.346,0.233,2.772332195186948e-06,2.3861693551495293e-06,3.2209890314628644e-06,493.11,453.66,542.42,NORMAL,s_overcharge,s_thermal_mag,s_ISC
2025-05-16,4,ESS-04 Summer Thermal Stress,98.449,0.9188,0.2332,0.5298,26.3,1.201,17,0.096,-0.136,1.047,-0.186,-0.039,0.229,2.7674321475694024e-06,2.3819518418258227e-06,3.2152959934537442e-06,491.46,452.14,540.6,NORMAL,s_overcharge,s_imbalance,s_thermal
2025-05-17,4,ESS-04 Summer Thermal Stress,98.317,0.8179,0.3416,0.5837,25.43,0.813,11,-1.05,0.053,0.281,-0.558,0.13,0.093,2.6108860163013264e-06,2.2472112370230815e-06,3.0334154958879582e-06,437.18,402.2,480.89,NORMAL,s_ISC,s_imbalance,s_overcharge
2025-05-18,4,ESS-04 Summer Thermal Stress,98.439,0.9153,0.2515,0.5619,25.31,1.024,21,-0.335,-1.013,0.763,0.133,-0.155,0.179,2.709454481414729e-06,2.3320499640425184e-06,3.1479356153065125e-06,471.72,433.98,518.89,NORMAL,s_thermal,s_overcharge,s_ISC
2025-05-19,4,ESS-04 Summer Thermal Stress,98.356,1.0,0.3467,0.6892,27.34,1.162,13,-0.682,0.068,1.556,-0.184,-0.076,0.325,2.884008271159474e-06,2.482289920246688e-06,3.3507380018503885e-06,529.92,487.53,582.91,NORMAL,s_overcharge,s_ISC,s_imbalance
2025-05-20,4,ESS-04 Summer Thermal Stress,98.319,0.9547,0.2068,0.5938,26.73,0.851,19,-0.57,-0.369,1.571,-0.001,-0.166,0.314,2.8710240877716135e-06,2.471114321078696e-06,3.3356525470265206e-06,525.72,483.66,578.29,NORMAL,s_overcharge,s_ISC,s_thermal
2025-05-21,4,ESS-04 Summer Thermal Stress,98.364,0.7486,0.2381,0.5109,30.2,1.264,22,-0.488,-0.282,0.297,0.011,-0.23,0.062,2.5760924447835083e-06,2.2172641108524438e-06,2.9929911670051726e-06,424.67,390.7,467.14,NORMAL,s_ISC,s_overcharge,s_thermal
2025-05-22,4,ESS-04 Summer Thermal Stress,98.391,0.7111,0.3672,0.5345,28.53,1.259,29,0.472,-0.152,0.173,-0.331,-0.334,0.129,2.651544920778199e-06,2.2822067060712167e-06,3.080654363150417e-06,451.58,415.46,496.74,NORMAL,s_ISC,s_thermal_mag,s_imbalance
2025-05-23,4,ESS-04 Summer Thermal Stress,98.357,0.861,0.278,0.5677,29.62,0.85,28,-0.153,-0.087,0.581,-0.387,0.073,0.131,2.6535995909709804e-06,2.283975178401905e-06,3.0830415472883766e-06,452.3,416.12,497.53,NORMAL,s_overcharge,s_imbalance,s_ISC
2025-05-24,4,ESS-04 Summer Thermal Stress,98.347,0.7981,0.0979,0.4588,30.65,1.165,27,-0.294,0.06,0.482,0.014,0.091,0.129,2.6521079024849764e-06,2.282691269274796e-06,3.0813084540139663e-06,451.78,415.64,496.96,NORMAL,s_overcharge,s_ISC,s_thermal_mag
2025-05-25,4,ESS-04 Summer Thermal Stress,98.352,0.7638,0.1721,0.5504,32.72,0.927,24,-0.305,0.117,0.211,-0.204,0.23,0.111,2.6316678683967854e-06,2.2650983559485225e-06,3.0575605427945173e-06,444.57,409.0,489.02,NORMAL,s_ISC,s_thermal_mag,s_overcharge
2025-05-26,4,ESS-04 Summer Thermal Stress,98.347,0.8933,0.3572,0.6169,28.5,0.956,37,0.178,-0.601,0.885,-0.372,-0.036,0.212,2.7482261703569067e-06,2.3654210913436284e-06,3.1929818513813157e-06,484.97,446.17,533.46,NORMAL,s_overcharge,s_thermal,s_imbalance
2025-05-27,4,ESS-04 Summer Thermal Stress,98.361,0.8751,0.0654,0.5823,30.74,1.006,28,-0.29,0.466,0.693,-0.363,0.299,0.292,2.8431692195484754e-06,2.4471393947341355e-06,3.303289837225687e-06,516.63,475.3,568.29,NORMAL,s_overcharge,s_thermal,s_imbalance
2025-05-28,4,ESS-04 Summer Thermal Stress,98.272,0.8462,0.3534,0.5503,32.14,1.106,29,-0.587,-0.249,0.068,-0.005,-0.16,0.014,2.523492157004061e-06,2.17199059143922e-06,2.931878401921254e-06,405.44,373.0,445.98,NORMAL,s_ISC,s_thermal,s_thermal_mag
2025-05-29,4,ESS-04 Summer Thermal Stress,98.287,0.8652,0.307,0.6059,30.68,1.153,42,-0.388,0.348,-0.131,-0.114,0.171,0.104,2.623014245347503e-06,2.2576501081133947e-06,3.0475064757620526e-06,441.5,406.18,485.65,NORMAL,s_ISC,s_thermal,s_thermal_mag
2025-05-30,4,ESS-04 Summer Thermal Stress,98.317,0.9373,0.3079,0.5553,32.06,1.05,37,-0.094,0.359,1.09,-0.08,0.222,0.334,2.8955444815317655e-06,2.4922192365253874e-06,3.364141153555867e-06,533.64,490.95,587.01,NORMAL,s_overcharge,s_thermal,s_thermal_mag
2025-05-31,4,ESS-04 Summer Thermal Stress,98.287,0.7054,0.1339,0.5124,34.1,1.047,31,-0.245,0.836,0.123,-0.162,0.44,0.28,2.828708484942879e-06,2.434692915280827e-06,3.2864888760075726e-06,511.87,470.92,563.06,NORMAL,s_thermal,s_thermal_mag,s_ISC
2025-06-01,4,ESS-04 Summer Thermal Stress,98.247,0.8928,0.2632,0.5896,33.5,1.249,48,-0.333,0.135,0.632,-0.137,0.373,0.228,2.7665744036051948e-06,2.3812135741850107e-06,3.214299438037142e-06,491.17,451.88,540.29,NORMAL,s_overcharge,s_thermal_mag,s_ISC
2025-06-02,4,ESS-04 Summer Thermal Stress,98.308,0.92,0.258,0.5789,32.71,1.019,43,-0.594,-0.193,0.949,-0.102,-0.39,0.19,2.721693340016084e-06,2.342584055232246e-06,3.1621551278232944e-06,475.92,437.85,523.52,NORMAL,s_overcharge,s_ISC,s_thermal_mag
2025-06-03,4,ESS-04 Summer Thermal Stress,98.262,0.7698,0.1164,0.4742,33.67,1.227,44,-0.233,0.496,-0.001,0.074,0.256,0.165,2.69303226227163e-06,2.3179152183987295e-06,3.1288557354461554e-06,466.05,428.77,512.66,NORMAL,s_thermal,s_thermal_mag,s_ISC
2025-06-04,4,ESS-04 Summer Thermal Stress,98.291,0.8388,0.2125,0.5671,34.68,1.049,38,-0.654,0.32,0.232,-0.184,0.111,0.133,2.655798029008994e-06,2.285867392956299e-06,3.0855957656867637e-06,453.08,416.83,498.38,NORMAL,s_ISC,s_thermal,s_overcharge
2025-06-05,4,ESS-04 Summer Thermal Stress,98.259,0.9027,0.364,0.5842,35.33,0.939,40,-0.413,1.134,0.764,-0.236,0.461,0.472,3.0718202959742183e-06,2.643941362179193e-06,3.568944233156637e-06,588.73,541.63,647.61,NORMAL,s_thermal,s_overcharge,s_thermal_mag
2025-06-06,4,ESS-04 Summer Thermal Stress,98.201,0.6948,0.3399,0.5426,35.65,0.958,41,-0.341,0.659,0.007,-0.383,0.449,0.223,2.760737453034348e-06,2.3761896604027205e-06,3.2075178750569853e-06,489.2,450.06,538.12,NORMAL,s_thermal,s_thermal_mag,s_imbalance
2025-06-07,4,ESS-04 Summer Thermal Stress,98.271,0.7005,0.2358,0.532,35.3,1.63,48,0.373,0.603,0.016,0.335,0.169,0.299,2.8525228515492075e-06,2.45519014679289e-06,3.3141571971609384e-06,519.69,478.11,571.66,NORMAL,s_thermal,s_ISC,s_imbalance
2025-06-08,4,ESS-04 Summer Thermal Stress,98.264,0.8589,0.2616,0.58,35.12,1.011,41,-0.244,0.89,0.044,-0.096,0.611,0.309,2.86438379340715e-06,2.465398962187412e-06,3.3279376328129632e-06,523.56,481.67,575.91,NORMAL,s_thermal,s_thermal_mag,s_ISC
2025-06-09,4,ESS-04 Summer Thermal Stress,98.191,0.9234,0.1453,0.4833,34.09,1.287,58,-0.014,0.852,0.721,0.502,0.229,0.461,3.057235363965099e-06,2.6313879841461517e-06,3.551998976528432e-06,584.3,537.55,642.73,NORMAL,s_thermal,s_overcharge,s_imbalance
2025-06-10,4,ESS-04 Summer Thermal Stress,98.223,0.8025,0.2565,0.5397,38.69,1.151,49,-0.513,1.224,0.182,-0.14,0.443,0.37,2.9403947799308143e-06,2.5308222774828903e-06,3.416249716818269e-06,547.97,504.13,602.77,NORMAL,s_thermal,s_ISC,s_thermal_mag
2025-06-11,4,ESS-04 Summer Thermal Stress,98.241,0.7485,0.2505,0.5727,32.38,1.435,52,-0.145,-0.1,0.329,0.323,0.171,0.164,2.6922730540193326e-06,2.317261761310032e-06,3.1279736620700254e-06,465.79,428.53,512.37,NORMAL,s_overcharge,s_imbalance,s_thermal_mag
2025-06-12,4,ESS-04 Summer Thermal Stress,98.214,0.8406,0.2346,0.5404,34.69,1.033,50,-0.178,0.655,0.238,-0.518,0.239,0.226,2.7648845611173786e-06,2.3797591121562e-06,3.2123361229274995e-06,490.6,451.35,539.66,NORMAL,s_thermal,s_imbalance,s_thermal_mag
2025-06-13,4,ESS-04 Summer Thermal Stress,98.203,0.7902,0.3339,0.5329,35.99,1.359,52,-0.025,1.102,0.316,0.244,0.659,0.464,3.061961012549233e-06,2.6354553910431725e-06,3.557489391435444e-06,585.74,538.88,644.31,NORMAL,s_thermal,s_thermal_mag,s_overcharge
2025-06-14,4,ESS-04 Summer Thermal Stress,98.289,0.8426,0.2216,0.5045,36.13,1.541,54,0.167,0.768,0.233,0.4,0.382,0.39,2.9658517397992495e-06,2.55273330392323e-06,3.445826456238748e-06,556.01,511.53,611.61,NORMAL,s_thermal,s_imbalance,s_thermal_mag
2025-06-15,4,ESS-04 Summer Thermal Stress,98.217,0.831,0.2367,0.5786,36.91,1.075,58,-0.733,0.578,0.46,-0.096,0.258,0.259,2.8039858360120453e-06,2.413413917452429e-06,3.257765282092146e-06,503.69,463.4,554.06,NORMAL,s_ISC,s_thermal,s_overcharge
2025-06-16,4,ESS-04 Summer Thermal Stress,98.145,0.9099,0.406,0.5718,36.81,1.076,52,-0.349,0.572,1.046,-0.101,0.078,0.339,2.9018936450094786e-06,2.4976840165872927e-06,3.3715178221759845e-06,535.68,492.83,589.25,NORMAL,s_overcharge,s_thermal,s_ISC
2025-06-17,4,ESS-04 Summer Thermal Stress,98.245,0.7664,0.2036,0.5347,36.52,1.324,55,-0.202,1.544,0.178,0.24,0.806,0.554,3.1814254332658277e-06,2.7382794602742813e-06,3.6962871059713086e-06,621.41,571.7,683.56,WARNING,s_thermal,s_thermal_mag,s_imbalance
2025-06-18,4,ESS-04 Summer Thermal Stress,98.179,0.7926,0.293,0.5777,37.2,0.812,60,-0.867,0.711,0.562,-0.212,0.454,0.345,2.909435403159145e-06,2.504175273237467e-06,3.380280086803975e-06,538.1,495.06,591.91,NORMAL,s_ISC,s_thermal,s_overcharge
2025-06-19,4,ESS-04 Summer Thermal Stress,98.165,0.7385,0.1976,0.5291,39.81,1.18,54,0.162,0.839,0.228,-0.262,0.578,0.361,2.9296891165065088e-06,2.521607820046415e-06,3.403811522276833e-06,544.57,501.01,599.03,NORMAL,s_thermal,s_thermal_mag,s_imbalance
2025-06-20,4,ESS-04 Summer Thermal Stress,98.104,0.846,0.1843,0.549,36.44,1.513,48,-0.027,0.655,0.243,0.563,0.369,0.366,2.9353397265017963e-06,2.526471349114294e-06,3.4103765882303444e-06,546.37,502.66,601.0,NORMAL,s_thermal,s_imbalance,s_thermal_mag
2025-06-21,4,ESS-04 Summer Thermal Stress,98.12,0.7255,0.253,0.487,38.71,1.368,58,0.106,1.425,-0.035,0.586,0.985,0.621,3.274176629492802e-06,2.818111226475619e-06,3.8040485092194116e-06,648.2,596.35,713.02,WARNING,s_thermal,s_thermal_mag,s_imbalance
2025-06-22,4,ESS-04 Summer Thermal Stress,98.148,0.8891,0.3797,0.5896,41.32,1.229,59,-0.118,1.023,0.804,0.201,0.432,0.492,3.0986425876351484e-06,2.6670275424002364e-06,3.6001072589575897e-06,596.84,549.09,656.52,NORMAL,s_thermal,s_overcharge,s_thermal_mag
2025-06-23,4,ESS-04 Summer Thermal Stress,98.043,0.8502,0.3377,0.5777,36.47,1.186,64,-0.298,0.951,0.043,0.099,0.253,0.269,2.815994961725785e-06,2.4237502758356274e-06,3.2717178828816302e-06,507.67,467.06,558.44,NORMAL,s_thermal,s_ISC,s_thermal_mag
2025-06-24,4,ESS-04 Summer Thermal Stress,98.08,0.839,0.2042,0.5681,40.96,1.551,68,0.115,1.66,0.207,0.203,0.968,0.63,3.2881908494804636e-06,2.8301733884282193e-06,3.8203306925942635e-06,652.18,600.01,717.4,WARNING,s_thermal,s_thermal_mag,s_overcharge
2025-06-25,4,ESS-04 Summer Thermal Stress,98.164,0.8134,0.3312,0.5588,41.19,1.44,68,0.042,1.704,0.415,0.251,0.861,0.655,3.322920427524449e-06,2.860065440795393e-06,3.860680662430657e-06,661.98,609.02,728.18,WARNING,s_thermal,s_thermal_mag,s_overcharge
2025-06-26,4,ESS-04 Summer Thermal Stress,98.106,0.8197,0.3135,0.552,39.43,1.137,64,-0.216,1.145,-0.137,0.208,0.599,0.39,2.966226086957656e-06,2.5530555077746568e-06,3.4462613851685146e-06,556.12,511.63,611.74,NORMAL,s_thermal,s_thermal_mag,s_ISC
2025-06-27,4,ESS-04 Summer Thermal Stress,98.114,0.9237,0.1833,0.5567,40.21,1.664,66,-0.159,1.536,0.892,0.738,1.044,0.842,3.6009364957385522e-06,3.0993563190627757e-06,4.183688888574129e-06,736.88,677.93,810.57,WARNING,s_thermal,s_thermal_mag,s_overcharge
2025-06-28,4,ESS-04 Summer Thermal Stress,98.089,0.9577,0.2855,0.5015,39.95,1.351,74,0.132,1.436,1.436,0.286,0.897,0.837,3.5936080187369405e-06,3.093048634131242e-06,4.175174422960207e-06,734.98,676.18,808.48,WARNING,s_overcharge,s_thermal,s_thermal_mag
2025-06-29,4,ESS-04 Summer Thermal Stress,98.138,0.8276,0.2845,0.5625,40.95,1.088,74,-0.314,1.196,-0.088,-0.07,0.512,0.342,2.9047877321334688e-06,2.5001749824741338e-06,3.374880268538317e-06,536.61,493.68,590.28,NORMAL,s_thermal,s_thermal_mag,s_ISC
2025-06-30,4,ESS-04 Summer Thermal Stress,98.075,0.8542,0.2058,0.5511,37.47,1.031,65,-0.032,1.278,0.536,-0.332,0.539,0.471,3.070292289514589e-06,2.642626193706172e-06,3.567168944693374e-06,588.27,541.21,647.1,NORMAL,s_thermal,s_thermal_mag,s_overcharge
2025-07-01,4,ESS-04 Summer Thermal Stress,98.08,0.8385,0.4107,0.5201,40.18,1.487,70,0.423,1.26,0.195,0.503,0.934,0.663,3.3347077883097713e-06,2.870210925652779e-06,3.874375607067059e-06,665.28,612.06,731.81,WARNING,s_thermal,s_thermal_mag,s_imbalance
2025-07-02,4,ESS-04 Summer Thermal Stress,98.072,0.8471,0.3893,0.6154,38.39,1.045,67,-0.82,1.102,0.113,-0.454,0.713,0.386,2.960333348217324e-06,2.547983576350872e-06,3.4394150060830487e-06,554.27,509.93,609.7,NORMAL,s_thermal,s_ISC,s_thermal_mag
2025-07-03,4,ESS-04 Summer Thermal Stress,97.987,0.824,0.2874,0.6008,42.7,1.189,69,-0.499,1.494,0.299,-0.022,0.77,0.513,3.126250141629477e-06,2.690789604936295e-06,3.632182628233409e-06,605.11,556.7,665.62,WARNING,s_thermal,s_thermal_mag,s_ISC
2025-07-04,4,ESS-04 Summer Thermal Stress,97.964,0.8936,0.3734,0.5104,43.13,1.365,77,-0.305,1.724,0.597,0.114,1.171,0.721,3.4189713484993603e-06,2.942737312257926e-06,3.972275789706886e-06,688.54,633.46,757.4,WARNING,s_thermal,s_thermal_mag,s_overcharge
2025-07-05,4,ESS-04 Summer Thermal Stress,97.987,0.8401,0.3527,0.622,44.31,1.177,79,-0.502,1.816,0.201,0.244,0.86,0.624,3.279668528814918e-06,2.822838152343089e-06,3.810429179141888e-06,649.76,597.78,714.74,WARNING,s_thermal,s_thermal_mag,s_ISC
2025-07-06,4,ESS-04 Summer Thermal Stress,97.979,0.5879,0.149,0.4877,43.47,1.184,80,-0.524,1.792,0.16,0.042,1.115,0.622,3.275891069505241e-06,2.8195868600157542e-06,3.806040402221509e-06,648.69,596.8,713.56,WARNING,s_thermal,s_thermal_mag,s_ISC
2025-07-07,4,ESS-04 Summer Thermal Stress,98.026,0.6787,0.2007,0.5002,40.03,1.153,88,0.236,1.369,0.061,-0.313,0.904,0.514,3.1278477144005996e-06,2.6921646497611847e-06,3.6340387411055273e-06,605.58,557.14,666.14,WARNING,s_thermal,s_thermal_mag,s_imbalance
2025-07-08,4,ESS-04 Summer Thermal Stress,97.977,0.8563,0.308,0.5569,41.2,1.199,76,0.276,1.518,0.348,0.111,0.917,0.634,3.292977421760392e-06,2.8342932331459667e-06,3.825891890251377e-06,653.54,601.26,718.89,WARNING,s_thermal,s_thermal_mag,s_overcharge
2025-07-09,4,ESS-04 Summer Thermal Stress,98.099,0.8914,0.4174,0.5857,41.13,1.362,84,0.057,1.327,0.835,0.02,0.82,0.612,3.2620350512727815e-06,2.80766086374081e-06,3.789942022804232e-06,644.74,593.16,709.21,WARNING,s_thermal,s_overcharge,s_thermal_mag
2025-07-10,4,ESS-04 Summer Thermal Stress,98.012,0.8695,0.2608,0.581,43.86,1.071,87,-0.023,1.842,-0.001,-0.238,1.001,0.569,3.2021912715945814e-06,2.756152798853727e-06,3.720413543095879e-06,627.48,577.28,690.23,WARNING,s_thermal,s_thermal_mag,s_imbalance
2025-07-11,4,ESS-04 Summer Thermal Stress,97.979,0.8379,0.1351,0.5858,45.17,1.244,84,-0.341,0.981,0.066,-0.098,0.654,0.34,2.9031200696599023e-06,2.498739610919941e-06,3.372942722992349e-06,536.08,493.19,589.69,NORMAL,s_thermal,s_thermal_mag,s_ISC
2025-07-12,4,ESS-04 Summer Thermal Stress,98.01,0.8085,0.2506,0.5323,41.54,1.279,84,-0.108,1.787,0.535,0.139,1.318,0.756,3.469957390423846e-06,2.986621447338687e-06,4.031513053074389e-06,702.34,646.15,772.57,WARNING,s_thermal,s_thermal_mag,s_overcharge
2025-07-13,4,ESS-04 Summer Thermal Stress,97.943,0.8358,0.2323,0.5264,44.74,1.387,92,-0.386,2.225,0.327,-0.059,1.217,0.754,3.4667409889425688e-06,2.983853062253479e-06,4.0277761318901305e-06,701.48,645.36,771.62,WARNING,s_thermal,s_thermal_mag,s_ISC
2025-07-14,4,ESS-04 Summer Thermal Stress,97.953,0.7688,0.2248,0.5477,45.07,1.203,86,-0.72,2.345,0.09,0.022,1.316,0.755,3.4680689705764688e-06,2.9849960677424244e-06,4.029319024694537e-06,701.83,645.69,772.02,WARNING,s_thermal,s_thermal_mag,s_ISC
2025-07-15,4,ESS-04 Summer Thermal Stress,97.971,0.7492,0.3334,0.5497,43.5,1.541,88,0.628,1.907,0.312,0.373,1.325,0.909,3.7057514235812245e-06,3.1895714553230154e-06,4.305466316892361e-06,763.63,702.54,839.99,WARNING,s_thermal,s_thermal_mag,s_ISC
2025-07-16,4,ESS-04 Summer Thermal Stress,98.029,0.8619,0.3887,0.6065,45.42,1.697,92,-0.055,1.794,0.182,0.421,0.917,0.663,3.3342419245238973e-06,2.8698099526038736e-06,3.873834351152342e-06,665.15,611.94,731.66,WARNING,s_thermal,s_thermal_mag,s_imbalance
2025-07-17,4,ESS-04 Summer Thermal Stress,97.987,0.8764,0.2823,0.5651,43.19,1.559,85,-0.067,1.986,0.399,0.523,1.308,0.843,3.6025135789069806e-06,3.100713728487329e-06,4.1855211956667995e-06,737.29,678.3,811.02,WARNING,s_thermal,s_thermal_mag,s_imbalance
2025-07-18,4,ESS-04 Summer Thermal Stress,97.92,1.0,0.1935,0.5583,43.65,1.143,95,-0.14,1.751,1.689,-0.384,1.045,0.897,3.6864570646432786e-06,3.172964629585477e-06,4.283049496804294e-06,758.76,698.06,834.64,WARNING,s_thermal,s_overcharge,s_thermal_mag
2025-07-19,4,ESS-04 Summer Thermal Stress,97.968,0.6893,0.145,0.4987,45.14,1.459,87,0.038,1.942,0.192,0.56,1.007,0.748,3.4578709929166855e-06,2.9762185785593554e-06,4.0174706783230954e-06,699.09,643.16,769.0,WARNING,s_thermal,s_thermal_mag,s_imbalance
2025-07-20,4,ESS-04 Summer Thermal Stress,97.921,0.7874,0.087,0.527,46.91,1.63,91,0.337,2.08,0.386,0.72,1.318,0.968,3.8008875633709625e-06,3.2714559753059873e-06,4.415998607542943e-06,787.26,724.27,865.98,WARNING,s_thermal,s_thermal_mag,s_imbalance
2025-07-21,4,ESS-04 Summer Thermal Stress,98.009,0.8061,0.1319,0.5526,42.65,1.333,93,0.048,1.787,-0.087,0.374,0.881,0.618,3.2708492348827957e-06,2.815247308783126e-06,3.8001826323172106e-06,647.25,595.47,711.98,WARNING,s_thermal,s_thermal_mag,s_imbalance
2025-07-22,4,ESS-04 Summer Thermal Stress,97.95,0.7964,0.3351,0.5586,44.09,1.555,103,-0.012,1.754,0.223,0.39,1.193,0.712,3.405446393706359e-06,2.9310962647209764e-06,3.956562051451667e-06,684.85,630.06,753.33,WARNING,s_thermal,s_thermal_mag,s_imbalance
2025-07-23,4,ESS-04 Summer Thermal Stress,97.88,0.8147,0.058,0.5012,45.82,1.154,97,-0.197,2.313,0.501,-0.077,1.531,0.869,3.6425181864025418e-06,3.1351460480007433e-06,4.2319998640260605e-06,747.58,687.78,822.34,WARNING,s_thermal,s_thermal_mag,s_overcharge
2025-07-24,4,ESS-04 Summer Thermal Stress,97.89,0.9266,0.1885,0.5095,46.43,1.357,100,-0.249,2.246,0.579,0.432,1.419,0.935,3.7477390332949154e-06,3.2257105634346496e-06,4.354248900785004e-06,774.13,712.2,851.54,WARNING,s_thermal,s_thermal_mag,s_overcharge
2025-07-25,4,ESS-04 Summer Thermal Stress,97.975,0.7982,0.2544,0.5105,46.19,1.141,91,-0.012,2.222,0.465,0.103,1.24,0.806,3.545310927699828e-06,3.05147890130077e-06,4.119061273597873e-06,722.37,664.58,794.6,WARNING,s_thermal,s_thermal_mag,s_overcharge
2025-07-26,4,ESS-04 Summer Thermal Stress,97.95,0.8959,0.0331,0.484,44.38,1.084,102,-0.165,1.366,0.712,-0.457,0.723,0.56,3.1905484481852603e-06,2.7461317189538704e-06,3.7068865261714624e-06,624.08,574.16,686.49,WARNING,s_thermal,s_thermal_mag,s_overcharge
2025-07-27,4,ESS-04 Summer Thermal Stress,97.963,0.8571,0.268,0.5399,47.69,1.441,107,-0.048,1.8,0.027,0.256,1.287,0.674,3.350304288870404e-06,2.8836349705896834e-06,3.892496135881182e-06,669.63,616.06,736.59,WARNING,s_thermal,s_thermal_mag,s_imbalance
2025-07-28,4,ESS-04 Summer Thermal Stress,97.872,0.8946,0.22,0.4735,45.46,1.08,98,-0.522,2.096,0.658,-0.092,1.438,0.838,3.5951421682506055e-06,3.094369090176901e-06,4.176956848324998e-06,735.38,676.55,808.92,WARNING,s_thermal,s_thermal_mag,s_overcharge
2025-07-29,4,ESS-04 Summer Thermal Stress,97.93,0.9828,0.3022,0.6056,46.45,1.501,112,-0.015,1.81,1.856,0.51,0.906,1.016,3.880358470565255e-06,3.339857292206883e-06,4.508330514045175e-06,806.54,742.02,887.2,WARNING,s_overcharge,s_thermal,s_thermal_mag
2025-07-30,4,ESS-04 Summer Thermal Stress,97.798,0.8776,0.1581,0.5355,46.77,1.393,103,-0.254,2.197,0.242,0.091,1.336,0.773,3.4955781681007936e-06,3.008673476443282e-06,4.061280116349501e-06,709.2,652.46,780.12,WARNING,s_thermal,s_thermal_mag,s_ISC
2025-07-31,4,ESS-04 Summer Thermal Stress,97.857,0.8359,0.1884,0.4706,47.72,1.308,107,-0.71,1.877,0.237,-0.183,0.954,0.614,3.2644929773366394e-06,2.8097764222326757e-06,3.7927977224550807e-06,645.44,593.81,709.99,WARNING,s_thermal,s_thermal_mag,s_ISC
2025-08-01,4,ESS-04 Summer Thermal Stress,97.903,0.9037,0.2632,0.5506,46.49,1.493,112,0.185,1.939,0.621,0.547,1.275,0.913,3.712547530832542e-06,3.1954209250871782e-06,4.313362257534841e-06,765.33,704.11,841.87,WARNING,s_thermal,s_thermal_mag,s_overcharge
2025-08-02,4,ESS-04 Summer Thermal Stress,97.865,0.7974,0.1907,0.5094,44.01,1.373,97,-0.15,1.208,0.197,0.084,0.536,0.405,2.9845905743498103e-06,2.5688619816580456e-06,3.4675978549228675e-06,561.88,516.93,618.07,NORMAL,s_thermal,s_thermal_mag,s_overcharge
2025-08-03,4,ESS-04 Summer Thermal Stress,97.875,0.7654,0.3009,0.5881,44.48,1.115,109,-0.542,2.07,0.257,-0.425,1.254,0.716,3.411594196421535e-06,2.9363877325799778e-06,3.963704771283627e-06,686.53,631.61,755.18,WARNING,s_thermal,s_thermal_mag,s_ISC
2025-08-04,4,ESS-04 Summer Thermal Stress,97.865,0.6779,0.2952,0.4685,44.04,1.103,109,-0.232,1.893,-0.109,-0.015,0.948,0.568,3.2015823362844102e-06,2.755628682907628e-06,3.719706061934115e-06,627.3,577.12,690.03,WARNING,s_thermal,s_thermal_mag,s_ISC
2025-08-05,4,ESS-04 Summer Thermal Stress,97.838,0.7664,0.0826,0.5722,43.79,1.452,110,0.482,1.869,0.444,0.538,1.001,0.867,3.6393473346793674e-06,3.1324168678623237e-06,4.228315864256892e-06,746.77,687.03,821.45,WARNING,s_thermal,s_thermal_mag,s_imbalance
2025-08-06,4,ESS-04 Summer Thermal Stress,97.849,0.9026,0.2534,0.5284,44.5,1.35,121,-0.962,2.0,0.911,0.141,1.46,0.902,3.6949412801106774e-06,3.1802670690201235e-06,4.292906737081905e-06,760.9,700.03,836.99,WARNING,s_thermal,s_thermal_mag,s_ISC
2025-08-07,4,ESS-04 Summer Thermal Stress,97.835,0.9594,0.353,0.5248,46.81,1.525,114,-0.061,1.839,1.546,0.312,1.294,0.998,3.850132205035393e-06,3.313841276353863e-06,4.473212647657288e-06,799.25,735.31,879.18,WARNING,s_thermal,s_overcharge,s_thermal_mag
2025-08-08,4,ESS-04 Summer Thermal Stress,97.834,1.0,0.2993,0.6232,44.4,1.394,119,-0.154,2.062,1.682,0.049,1.191,0.997,3.847682430977873e-06,3.311732734021244e-06,4.47036641981606e-06,798.66,734.77,878.53,WARNING,s_thermal,s_overcharge,s_thermal_mag
2025-08-09,4,ESS-04 Summer Thermal Stress,97.724,0.6396,0.3132,0.5694,46.35,1.37,113,-0.46,2.614,-0.165,0.011,1.581,0.841,3.599300307053018e-06,3.0979480369977834e-06,4.181787910746816e-06,736.46,677.54,810.1,WARNING,s_thermal,s_thermal_mag,s_ISC
2025-08-10,4,ESS-04 Summer Thermal Stress,97.831,0.9739,0.334,0.5877,47.38,1.291,130,0.127,2.276,1.387,0.031,1.323,1.029,3.901210693384821e-06,3.3578049861675647e-06,4.532557310044542e-06,811.54,746.62,892.69,WARNING,s_thermal,s_overcharge,s_thermal_mag
2025-08-11,4,ESS-04 Summer Thermal Stress,97.814,1.0,0.2624,0.5716,46.65,1.421,129,0.318,1.941,1.408,0.356,1.202,1.045,3.9282086817468454e-06,3.3810423954403365e-06,4.563924457663996e-06,817.97,752.53,899.77,WARNING,s_thermal,s_overcharge,s_thermal_mag
2025-08-12,4,ESS-04 Summer Thermal Stress,97.792,0.8932,0.2546,0.506,45.39,1.149,134,0.088,2.113,0.551,-0.193,1.182,0.787,3.5166104426798154e-06,3.0267761406174356e-06,4.085716105427605e-06,714.79,657.61,786.27,WARNING,s_thermal,s_thermal_mag,s_overcharge
2025-08-13,4,ESS-04 Summer Thermal Stress,97.881,0.7151,0.1966,0.5044,48.75,1.067,128,-0.75,2.376,0.247,-0.145,1.344,0.793,3.5262129927464803e-06,3.035041140161873e-06,4.096872664196654e-06,717.33,659.95,789.06,WARNING,s_thermal,s_thermal_mag,s_ISC
2025-08-14,4,ESS-04 Summer Thermal Stress,97.73,0.8186,0.2403,0.4941,44.06,1.625,131,0.066,1.818,0.284,0.429,1.34,0.787,3.5171177409246353e-06,3.0272127766909694e-06,4.0863055012288045e-06,714.92,657.73,786.42,WARNING,s_thermal,s_thermal_mag,s_imbalance
2025-08-15,4,ESS-04 Summer Thermal Stress,97.698,0.8928,0.116,0.4674,47.08,1.241,126,-0.08,2.184,1.088,-0.092,1.145,0.883,3.665298675741376e-06,3.154753416840284e-06,4.258466985304542e-06,753.39,693.12,828.73,WARNING,s_thermal,s_thermal_mag,s_overcharge
2025-08-16,4,ESS-04 Summer Thermal Stress,97.79,0.8579,0.2661,0.5645,48.2,1.904,129,0.528,2.558,0.407,0.793,1.683,1.194,4.18736429245027e-06,3.6040999488599826e-06,4.865019924922221e-06,877.53,807.32,965.28,WARNING,s_thermal,s_thermal_mag,s_imbalance
2025-08-17,4,ESS-04 Summer Thermal Stress,97.798,0.9166,0.2546,0.6366,43.64,1.224,131,-0.453,1.946,1.033,0.055,1.036,0.814,3.557603080261202e-06,3.0620588655253722e-06,4.133342700944087e-06,725.59,667.55,798.15,WARNING,s_thermal,s_thermal_mag,s_overcharge
2025-08-18,4,ESS-04 Summer Thermal Stress,97.784,0.7067,0.3957,0.5771,43.81,1.582,126,0.037,1.512,-0.046,0.326,0.909,0.557,3.185808369041375e-06,2.74205189140224e-06,3.701379345591786e-06,622.7,572.88,684.97,WARNING,s_thermal,s_thermal_mag,s_imbalance
2025-08-19,4,ESS-04 Summer Thermal Stress,97.793,0.9094,0.1627,0.5633,44.16,1.331,137,0.037,1.727,0.576,0.316,0.659,0.663,3.3345943738906213e-06,2.870113308866891e-06,3.874243838453491e-06,665.25,612.03,731.77,WARNING,s_thermal,s_thermal_mag,s_overcharge
2025-08-20,4,ESS-04 Summer Thermal Stress,97.696,0.9255,0.234,0.551,44.3,1.03,131,-0.48,2.136,0.804,-0.273,1.334,0.855,3.620338210121945e-06,3.1160555461860622e-06,4.206230438369209e-06,741.89,682.54,816.08,WARNING,s_thermal,s_thermal_mag,s_overcharge
2025-08-21,4,ESS-04 Summer Thermal Stress,97.713,0.9096,0.2934,0.6034,42.65,1.125,136,-0.231,1.335,0.525,-0.178,0.956,0.563,3.1946638248871164e-06,2.7496738596575642e-06,3.711667906804584e-06,625.29,575.26,687.81,WARNING,s_thermal,s_thermal_mag,s_overcharge
2025-08-22,4,ESS-04 Summer Thermal Stress,97.667,0.6653,0.2763,0.5286,42.89,1.455,132,0.603,1.288,-0.015,0.395,0.904,0.638,3.2989276396644777e-06,2.8394146378599522e-06,3.832805049789107e-06,655.22,602.8,720.75,WARNING,s_thermal,s_thermal_mag,s_ISC
2025-08-23,4,ESS-04 Summer Thermal Stress,97.702,0.906,0.2827,0.5793,44.18,1.714,133,0.415,1.489,1.054,0.935,0.941,0.967,3.798404863598058e-06,3.2693190935464467e-06,4.413114125479781e-06,786.65,723.71,865.31,WARNING,s_thermal,s_overcharge,s_thermal_mag
2025-08-24,4,ESS-04 Summer Thermal Stress,97.671,0.8253,0.3608,0.6099,45.99,1.523,140,0.537,1.425,-0.214,0.324,0.692,0.596,3.239436959063111e-06,2.788210487909639e-06,3.763686813079415e-06,638.26,587.2,702.08,WARNING,s_thermal,s_thermal_mag,s_ISC
2025-08-25,4,ESS-04 Summer Thermal Stress,97.7,0.7485,0.3158,0.5171,44.39,1.322,144,-0.326,1.706,0.332,0.465,1.071,0.715,3.4093737593070695e-06,2.9344765828286117e-06,3.961124994257946e-06,685.92,631.05,754.51,WARNING,s_thermal,s_thermal_mag,s_imbalance
2025-08-26,4,ESS-04 Summer Thermal Stress,97.671,0.8259,0.3521,0.5711,47.38,1.562,144,0.273,1.978,0.047,0.349,1.19,0.767,3.48720004011949e-06,3.001462347848396e-06,4.051546131370782e-06,706.96,650.4,777.66,WARNING,s_thermal,s_thermal_mag,s_imbalance
2025-08-27,4,ESS-04 Summer Thermal Stress,97.631,0.9343,0.1708,0.4858,47.5,1.756,137,0.907,1.828,0.934,0.778,0.972,1.084,3.993902607572171e-06,3.437585743795698e-06,4.640249812372717e-06,833.43,766.76,916.77,WARNING,s_thermal,s_thermal_mag,s_overcharge
2025-08-28,4,ESS-04 Summer Thermal Stress,97.608,0.8054,0.3251,0.5375,43.59,1.919,135,0.717,1.888,0.335,0.792,1.062,0.959,3.785579605735119e-06,3.2582802801428337e-06,4.398213320011282e-06,783.49,720.81,861.84,WARNING,s_thermal,s_thermal_mag,s_imbalance
2025-08-29,4,ESS-04 Summer Thermal Stress,97.668,0.793,0.2802,0.5967,47.03,1.465,146,-0.068,2.133,0.472,0.292,1.244,0.828,3.5791995202267697e-06,3.0806471121446876e-06,4.158434155436997e-06,731.23,672.74,804.36,WARNING,s_thermal,s_thermal_mag,s_overcharge
2025-08-30,4,ESS-04 Summer Thermal Stress,97.744,0.8404,0.1878,0.5133,41.53,1.377,141,-0.206,0.948,0.047,0.245,0.659,0.38,2.9528258142058813e-06,2.5415217766216425e-06,3.4306925043371216e-06,551.9,507.75,607.09,NORMAL,s_thermal,s_thermal_mag,s_imbalance
2025-08-31,4,ESS-04 Summer Thermal Stress,97.665,0.7787,0.1469,0.4983,43.64,1.604,148,0.08,1.468,-0.231,0.536,0.851,0.587,3.227553023792717e-06,2.777981880817164e-06,3.7498796645942e-06,634.83,584.05,698.32,WARNING,s_thermal,s_thermal_mag,s_imbalance
2025-09-01,4,ESS-04 Summer Thermal Stress,97.628,0.9356,0.337,0.5767,44.87,1.192,147,0.382,1.972,1.046,-0.249,1.407,0.962,3.790287610456587e-06,3.2623325016357848e-06,4.403683234405303e-06,784.65,721.88,863.12,WARNING,s_thermal,s_thermal_mag,s_overcharge
2025-09-02,4,ESS-04 Summer Thermal Stress,97.651,0.7861,0.2446,0.556,43.29,1.353,144,-0.207,1.921,0.034,0.539,1.129,0.724,3.4234620220819043e-06,2.9466024745138146e-06,3.977493202270549e-06,689.76,634.58,758.74,WARNING,s_thermal,s_thermal_mag,s_imbalance
2025-09-03,4,ESS-04 Summer Thermal Stress,97.662,0.9274,0.3822,0.598,42.86,1.65,152,0.093,2.322,0.86,0.782,1.515,1.114,4.046635083308221e-06,3.4829730571113517e-06,4.7015161286648386e-06,845.66,778.0,930.22,WARNING,s_thermal,s_thermal_mag,s_overcharge
2025-09-04,4,ESS-04 Summer Thermal Stress,97.655,0.7669,0.208,0.5182,41.95,1.363,146,-0.367,1.531,-0.015,0.354,1.057,0.588,3.2292549164258836e-06,2.7794467146989943e-06,3.7518569796666987e-06,635.32,584.5,698.86,WARNING,s_thermal,s_thermal_mag,s_ISC
2025-09-05,4,ESS-04 Summer Thermal Stress,97.531,0.9822,0.4533,0.6386,44.79,1.469,148,-0.199,1.656,1.77,0.266,1.071,0.952,3.7753728802268894e-06,3.249495260832512e-06,4.386354811320018e-06,780.98,718.5,859.07,WARNING,s_overcharge,s_thermal,s_thermal_mag
2025-09-06,4,ESS-04 Summer Thermal Stress,97.563,0.8966,0.3622,0.5274,45.81,1.451,156,-0.401,2.2,0.574,0.36,0.993,0.825,3.5750503937121385e-06,3.077075922299551e-06,4.153613563756182e-06,730.15,671.74,803.17,WARNING,s_thermal,s_thermal_mag,s_overcharge
2025-09-07,4,ESS-04 Summer Thermal Stress,97.608,0.8007,0.3104,0.5366,45.57,1.385,153,0.016,1.955,0.192,-0.045,1.133,0.659,3.32881582790441e-06,2.865139663628083e-06,3.867530133093378e-06,663.63,610.54,729.99,WARNING,s_thermal,s_thermal_mag,s_overcharge
2025-09-08,4,ESS-04 Summer Thermal Stress,97.651,0.8911,0.1881,0.5018,42.45,1.428,157,-0.002,1.311,0.486,0.436,0.904,0.628,3.2840402372473666e-06,2.8266009201016966e-06,3.8155083743026426e-06,651.01,598.93,716.11,WARNING,s_thermal,s_thermal_mag,s_overcharge
2025-09-09,4,ESS-04 Summer Thermal Stress,97.527,0.8783,0.2084,0.5367,41.56,2.003,149,0.273,2.007,0.362,0.931,1.279,0.97,3.804649549998124e-06,3.2746939506334697e-06,4.420369407047325e-06,788.18,725.12,866.99,WARNING,s_thermal,s_thermal_mag,s_imbalance
2025-09-10,4,ESS-04 Summer Thermal Stress,97.569,0.7999,0.2934,0.5467,42.68,1.67,162,0.555,1.393,0.042,0.598,0.79,0.676,3.3526197216034946e-06,2.88562788387264e-06,3.895186281999049e-06,670.27,616.65,737.3,WARNING,s_thermal,s_thermal_mag,s_imbalance
2025-09-11,4,ESS-04 Summer Thermal Stress,97.646,0.9158,0.2304,0.549,42.7,1.59,151,0.561,1.443,0.67,0.267,0.781,0.745,3.4531665298480196e-06,2.9721694057734126e-06,4.012004878149454e-06,697.82,641.99,767.6,WARNING,s_thermal,s_thermal_mag,s_overcharge
2025-09-12,4,ESS-04 Summer Thermal Stress,97.533,0.8793,0.1719,0.5131,42.23,1.508,167,0.165,1.765,0.152,0.269,1.048,0.68,3.3587747041150665e-06,2.8909255313675785e-06,3.9023373436773785e-06,671.98,618.22,739.18,WARNING,s_thermal,s_thermal_mag,s_imbalance
2025-09-13,4,ESS-04 Summer Thermal Stress,97.579,0.7055,0.2644,0.5216,41.84,1.877,170,0.652,1.531,0.317,0.731,0.828,0.812,3.5542095681277086e-06,3.059138039670556e-06,4.129400006882066e-06,724.7,666.73,797.17,WARNING,s_thermal,s_thermal_mag,s_imbalance
2025-09-14,4,ESS-04 Summer Thermal Stress,97.541,0.8679,0.2988,0.5539,42.82,1.193,162,0.13,1.277,0.115,-0.049,0.579,0.42,3.0041701005393244e-06,2.585714250081917e-06,3.4903459968590416e-06,567.97,522.54,624.77,NORMAL,s_thermal,s_thermal_mag,s_ISC
2025-09-15,4,ESS-04 Summer Thermal Stress,97.497,0.812,0.1922,0.5076,42.6,1.268,163,-0.666,1.575,0.0,0.09,1.127,0.559,3.188300414179801e-06,2.7441968164348928e-06,3.704274685981348e-06,623.43,573.55,685.77,WARNING,s_thermal,s_thermal_mag,s_ISC
2025-09-16,4,ESS-04 Summer Thermal Stress,97.626,0.7107,0.2028,0.478,40.15,1.704,166,0.424,1.25,0.49,0.868,0.735,0.753,3.4664184773075737e-06,2.9835754736486726e-06,4.027401427249343e-06,701.39,645.28,771.53,WARNING,s_thermal,s_imbalance,s_thermal_mag
2025-09-17,4,ESS-04 Summer Thermal Stress,97.554,0.7594,0.2143,0.5103,41.23,1.321,164,-0.294,1.326,-0.087,0.456,0.469,0.45,3.043453281534463e-06,2.619525625785995e-06,3.5359864970335443e-06,580.08,533.68,638.09,NORMAL,s_thermal,s_thermal_mag,s_imbalance
2025-09-18,4,ESS-04 Summer Thermal Stress,97.565,1.0,0.297,0.5986,39.88,1.635,173,0.179,1.285,1.689,0.42,1.025,0.92,3.7224194248684704e-06,3.2039177518259046e-06,4.324831748265902e-06,767.81,706.38,844.59,WARNING,s_overcharge,s_thermal,s_thermal_mag
2025-09-19,4,ESS-04 Summer Thermal Stress,97.529,0.9611,0.326,0.6101,38.5,1.579,162,0.27,1.39,1.466,0.268,1.109,0.9,3.6920056274188626e-06,3.1777403267323917e-06,4.289495999337202e-06,760.16,699.35,836.18,WARNING,s_overcharge,s_thermal,s_thermal_mag
2025-09-20,4,ESS-04 Summer Thermal Stress,97.417,0.7995,0.3219,0.5307,37.76,1.739,170,0.688,1.139,0.158,0.479,0.679,0.629,3.2855966831390734e-06,2.8279405667214693e-06,3.817316704513977e-06,651.45,599.33,716.59,WARNING,s_thermal,s_ISC,s_thermal_mag
2025-09-21,4,ESS-04 Summer Thermal Stress,97.57,0.7517,0.206,0.5027,43.71,1.188,174,-0.142,2.159,0.332,0.04,1.324,0.771,3.4926765469066593e-06,3.006176025505888e-06,4.0579089172993505e-06,708.42,651.75,779.27,WARNING,s_thermal,s_thermal_mag,s_overcharge
2025-09-22,4,ESS-04 Summer Thermal Stress,97.53,0.8869,0.2521,0.5267,37.89,1.532,181,0.267,1.188,0.715,0.458,0.649,0.655,3.3233556059869776e-06,2.8604400027160196e-06,3.861186267126295e-06,662.1,609.13,728.31,WARNING,s_thermal,s_overcharge,s_thermal_mag
2025-09-23,4,ESS-04 Summer Thermal Stress,97.488,0.877,0.3125,0.5613,41.48,1.682,180,-0.031,1.886,0.432,0.658,1.248,0.845,3.6049776887867405e-06,3.102834609644875e-06,4.188384079563627e-06,737.92,678.89,811.72,WARNING,s_thermal,s_thermal_mag,s_imbalance
2025-09-24,4,ESS-04 Summer Thermal Stress,97.557,0.8792,0.2535,0.5643,41.93,1.561,175,-0.2,1.458,0.713,0.408,0.917,0.699,3.3867048050296136e-06,2.9149652145945628e-06,3.934787455898595e-06,679.7,625.33,747.67,WARNING,s_thermal,s_thermal_mag,s_overcharge
2025-09-25,4,ESS-04 Summer Thermal Stress,97.484,0.8652,0.155,0.5461,39.58,2.029,174,0.505,0.707,-0.125,0.913,0.519,0.529,3.147654295337686e-06,2.709212346861298e-06,3.657050681698875e-06,611.47,562.55,672.61,WARNING,s_imbalance,s_thermal,s_thermal_mag
2025-09-26,4,ESS-04 Summer Thermal Stress,97.432,0.8089,0.3339,0.508,37.93,1.341,179,-0.211,1.24,0.321,0.098,0.958,0.523,3.1402919885289077e-06,2.7028755451159394e-06,3.648496910247327e-06,609.28,560.54,670.21,WARNING,s_thermal,s_thermal_mag,s_overcharge
2025-09-27,4,ESS-04 Summer Thermal Stress,97.572,0.7234,0.1604,0.5678,39.39,1.969,177,0.512,1.441,0.403,1.103,0.954,0.882,3.663739987576968e-06,3.1534118401348353e-06,4.256656050169329e-06,753.0,692.76,828.3,WARNING,s_thermal,s_imbalance,s_thermal_mag
2025-09-28,4,ESS-04 Summer Thermal Stress,97.473,0.767,0.2689,0.4867,41.21,1.357,173,0.241,1.436,-0.024,0.588,0.712,0.595,3.239001558020839e-06,2.787835734421436e-06,3.763180949769547e-06,638.13,587.08,701.95,WARNING,s_thermal,s_thermal_mag,s_imbalance
2025-09-29,4,ESS-04 Summer Thermal Stress,97.484,0.9838,0.225,0.5753,37.95,1.657,174,0.239,0.953,1.739,0.721,0.531,0.837,3.5923394994250082e-06,3.091956808348355e-06,4.1737006154999804e-06,734.65,675.88,808.12,WARNING,s_overcharge,s_thermal,s_imbalance
2025-09-30,4,ESS-04 Summer Thermal Stress,97.438,0.7387,0.2003,0.5429,39.46,1.722,185,0.068,1.323,0.164,0.604,0.836,0.599,3.2441054737328464e-06,2.792228719352825e-06,3.7691108475941726e-06,639.6,588.43,703.56,WARNING,s_thermal,s_thermal_mag,s_imbalance
2025-10-01,4,ESS-04 Summer Thermal Stress,97.444,0.9893,0.1964,0.5242,38.15,1.192,192,-0.284,0.63,1.359,-0.065,0.401,0.478,3.0800279144987287e-06,2.651005730964173e-06,3.5784801159159303e-06,591.22,543.92,650.34,NORMAL,s_overcharge,s_thermal,s_thermal_mag
2025-10-02,4,ESS-04 Summer Thermal Stress,97.434,0.8253,0.3799,0.5336,37.55,1.435,178,0.298,0.853,0.179,0.293,0.54,0.433,3.020969910204044e-06,2.600173992398157e-06,3.5098645719667708e-06,573.17,527.32,630.49,NORMAL,s_thermal,s_thermal_mag,s_ISC
2025-10-03,4,ESS-04 Summer Thermal Stress,97.465,1.0,0.3574,0.6044,36.93,1.864,187,0.621,0.699,1.683,0.811,0.885,0.94,3.7552035842939195e-06,3.2321353687344863e-06,4.362921461211727e-06,775.98,713.9,853.58,WARNING,s_overcharge,s_thermal_mag,s_imbalance
2025-10-04,4,ESS-04 Summer Thermal Stress,97.395,0.6409,0.2512,0.5228,36.06,1.767,187,0.639,0.269,0.215,0.911,0.095,0.426,3.0120883916577413e-06,2.592529592118564e-06,3.49954572966711e-06,570.43,524.79,627.47,NORMAL,s_imbalance,s_ISC,s_thermal
2025-10-05,4,ESS-04 Summer Thermal Stress,97.444,0.908,0.2177,0.5595,36.23,1.215,183,0.12,0.536,1.169,0.062,0.255,0.428,3.015034012640618e-06,2.595064913722529e-06,3.5029680496530008e-06,571.34,525.63,628.47,NORMAL,s_overcharge,s_thermal,s_thermal_mag
2025-10-06,4,ESS-04 Summer Thermal Stress,97.468,0.7885,0.2565,0.5236,34.7,1.436,190,0.424,0.476,0.058,0.211,0.454,0.325,2.8838793165848377e-06,2.4821789279265283e-06,3.350588178149671e-06,529.88,487.49,582.87,NORMAL,s_thermal,s_thermal_mag,s_ISC
2025-10-07,4,ESS-04 Summer Thermal Stress,97.434,0.9276,0.3073,0.5432,33.71,1.714,190,-0.163,0.11,1.415,0.722,0.161,0.482,3.084741524359956e-06,2.655062776053284e-06,3.583956543795893e-06,592.65,545.23,651.91,NORMAL,s_overcharge,s_imbalance,s_ISC
2025-10-08,4,ESS-04 Summer Thermal Stress,97.419,0.8654,0.322,0.5753,34.88,1.647,192,0.488,0.414,-0.142,0.616,0.368,0.377,2.9494800603285717e-06,2.538642057204743e-06,3.4268052966277654e-06,550.85,506.78,605.93,NORMAL,s_imbalance,s_ISC,s_thermal
2025-10-09,4,ESS-04 Summer Thermal Stress,97.369,0.8342,0.0893,0.5117,35.74,2.016,188,0.462,0.741,0.081,0.767,0.156,0.441,3.031971954031244e-06,2.6096435472612373e-06,3.522647110703773e-06,576.56,530.44,634.22,NORMAL,s_imbalance,s_thermal,s_ISC
2025-10-10,4,ESS-04 Summer Thermal Stress,97.379,1.0,0.3522,0.6088,31.46,1.23,196,-0.407,0.08,1.721,0.237,-0.048,0.408,2.9885807063791232e-06,2.5722963229800873e-06,3.472233722466204e-06,563.12,518.07,619.44,NORMAL,s_overcharge,s_ISC,s_imbalance
2025-10-11,4,ESS-04 Summer Thermal Stress,97.415,0.7964,0.2108,0.4817,34.12,1.76,191,0.456,0.331,-0.045,0.4,0.272,0.292,2.8436024804892194e-06,2.4475123061770987e-06,3.3037932141594148e-06,516.77,475.43,568.45,NORMAL,s_ISC,s_imbalance,s_thermal
2025-10-12,4,ESS-04 Summer Thermal Stress,97.364,0.7319,0.2642,0.5419,35.03,1.742,201,0.327,0.476,0.144,0.888,0.262,0.42,3.0036491239726466e-06,2.5852658410202e-06,3.4897407090327205e-06,567.81,522.39,624.59,NORMAL,s_imbalance,s_thermal,s_ISC
2025-10-13,4,ESS-04 Summer Thermal Stress,97.234,0.8578,0.2742,0.5669,35.35,1.632,194,-0.084,0.865,0.616,0.551,0.231,0.453,3.0466339559836558e-06,2.6222632599771627e-06,3.539681909881444e-06,581.06,534.57,639.16,NORMAL,s_thermal,s_overcharge,s_imbalance
2025-10-14,4,ESS-04 Summer Thermal Stress,97.395,0.8352,0.0776,0.5251,33.31,1.413,209,-0.411,0.493,0.236,0.234,0.276,0.248,2.7902875253969054e-06,2.4016236630550224e-06,3.241850130160655e-06,499.13,459.2,549.04,NORMAL,s_thermal,s_ISC,s_thermal_mag
2025-10-15,4,ESS-04 Summer Thermal Stress,97.366,0.9939,0.3492,0.5748,31.9,1.682,204,0.001,0.109,1.69,0.934,0.145,0.576,3.2120042162038096e-06,2.7645988860972302e-06,3.7318145463302163e-06,630.33,579.9,693.36,WARNING,s_overcharge,s_imbalance,s_thermal_mag
2025-10-16,4,ESS-04 Summer Thermal Stress,97.258,0.8568,0.0896,0.5001,32.37,1.312,201,-0.535,0.445,0.071,0.139,0.582,0.247,2.7897098358647194e-06,2.4011264406803068e-06,3.2411789512865936e-06,498.93,459.02,548.83,NORMAL,s_thermal_mag,s_ISC,s_thermal
2025-10-17,4,ESS-04 Summer Thermal Stress,97.414,0.8689,0.3084,0.5226,32.3,1.516,201,0.413,0.476,0.344,0.48,0.486,0.44,3.0295893044461678e-06,2.6075927800268182e-06,3.519878869542966e-06,575.83,529.76,633.41,NORMAL,s_thermal_mag,s_imbalance,s_thermal
2025-10-18,4,ESS-04 Summer Thermal Stress,97.184,0.8879,0.1124,0.577,34.95,1.843,205,0.484,0.518,0.697,0.78,0.095,0.515,3.1288185570485095e-06,2.6930002625003332e-06,3.6351666981960645e-06,605.87,557.4,666.46,WARNING,s_imbalance,s_overcharge,s_thermal
2025-10-19,4,ESS-04 Summer Thermal Stress,97.375,0.7432,0.3312,0.5721,31.3,1.343,203,0.092,0.293,0.596,0.177,-0.007,0.232,2.7708579699985658e-06,2.384900476791113e-06,3.2192762276940284e-06,492.61,453.2,541.87,NORMAL,s_overcharge,s_thermal,s_imbalance
2025-10-20,4,ESS-04 Summer Thermal Stress,97.25,0.8409,0.086,0.5287,31.95,1.55,205,0.012,-0.017,-0.054,0.448,-0.104,0.092,2.6097966004886346e-06,2.2462735674615816e-06,3.0321497763615906e-06,436.79,401.84,480.47,NORMAL,s_imbalance,s_thermal_mag,s_overcharge
2025-10-21,4,ESS-04 Summer Thermal Stress,97.333,0.8924,0.127,0.5533,28.77,1.824,204,0.886,-0.29,0.448,0.598,0.08,0.402,2.981456679667986e-06,2.566164611266548e-06,3.4639567922839057e-06,560.9,516.03,616.99,NORMAL,s_ISC,s_imbalance,s_overcharge
2025-10-22,4,ESS-04 Summer Thermal Stress,97.252,0.6686,0.2845,0.482,33.19,1.715,202,0.096,0.448,0.285,0.756,0.27,0.371,2.9415332363351197e-06,2.5318021567937087e-06,3.4175724131935723e-06,548.33,504.47,603.17,NORMAL,s_imbalance,s_thermal,s_overcharge
2025-10-23,4,ESS-04 Summer Thermal Stress,97.304,0.9016,0.1507,0.5711,30.33,1.908,215,0.869,0.086,0.964,0.693,-0.101,0.522,3.1393169387696217e-06,2.7020363112766336e-06,3.647364065199886e-06,608.99,560.27,669.89,WARNING,s_overcharge,s_ISC,s_imbalance
2025-10-24,4,ESS-04 Summer Thermal Stress,97.336,0.8895,0.3061,0.5707,29.91,1.9,206,0.433,-0.269,0.808,0.876,0.077,0.439,3.02849302893415e-06,2.6066492061530374e-06,3.518605180362371e-06,575.49,529.45,633.04,NORMAL,s_imbalance,s_overcharge,s_ISC
2025-10-25,4,ESS-04 Summer Thermal Stress,97.298,0.8668,0.2554,0.5635,29.05,1.802,222,0.705,-0.245,0.185,0.657,0.133,0.336,2.897910994556326e-06,2.4942561148056645e-06,3.3668906468457946e-06,534.4,491.65,587.84,NORMAL,s_ISC,s_imbalance,s_thermal
2025-10-26,4,ESS-04 Summer Thermal Stress,97.282,0.8494,0.0571,0.4857,31.8,1.649,209,-0.207,0.535,0.589,0.528,0.323,0.395,2.9720422942797136e-06,2.558061567950072e-06,3.453018847504063e-06,557.95,513.31,613.75,NORMAL,s_overcharge,s_thermal,s_imbalance
2025-10-27,4,ESS-04 Summer Thermal Stress,97.289,0.8313,0.3636,0.506,28.85,1.85,210,-0.079,-0.48,0.287,1.226,0.055,0.314,2.870059048021027e-06,2.4702837030035645e-06,3.334531331840421e-06,525.4,483.37,577.94,NORMAL,s_imbalance,s_thermal,s_overcharge
2025-10-28,4,ESS-04 Summer Thermal Stress,97.212,0.853,0.2454,0.527,27.75,1.815,217,0.094,-0.134,0.1,0.774,-0.048,0.194,2.7262695167198505e-06,2.3465228100116622e-06,3.1674718819308982e-06,477.49,439.29,525.24,NORMAL,s_imbalance,s_thermal,s_overcharge
2025-10-29,4,ESS-04 Summer Thermal Stress,97.289,0.7438,0.1337,0.4991,27.58,1.495,223,0.352,-0.143,0.186,0.848,0.084,0.294,2.8461486623572657e-06,2.449703826957216e-06,3.3067514527179887e-06,517.6,476.2,569.36,NORMAL,s_imbalance,s_ISC,s_overcharge
2025-10-30,4,ESS-04 Summer Thermal Stress,97.209,0.6853,0.2027,0.5299,28.71,2.016,211,1.058,-0.371,0.1,0.93,0.07,0.431,3.0190895982974286e-06,2.5985555915803535e-06,3.507679963342085e-06,572.59,526.78,629.85,NORMAL,s_ISC,s_imbalance,s_thermal
2025-10-31,4,ESS-04 Summer Thermal Stress,97.355,1.0,0.3047,0.6061,28.64,1.689,211,0.37,-0.121,1.035,0.639,0.056,0.42,3.0044282712181577e-06,2.585936459830446e-06,3.4906459481025057e-06,568.05,522.61,624.86,NORMAL,s_overcharge,s_imbalance,s_ISC
2025-11-01,4,ESS-04 Summer Thermal Stress,97.122,0.8012,0.3175,0.5411,23.27,1.888,220,0.779,-0.693,-0.116,0.423,-0.383,0.24,2.7813660534430784e-06,2.393944875023505e-06,3.2314848678953555e-06,496.14,456.45,545.75,NORMAL,s_ISC,s_thermal,s_imbalance
2025-11-02,4,ESS-04 Summer Thermal Stress,97.247,0.8075,0.2501,0.4586,26.23,2.124,221,1.599,-0.449,-0.197,1.014,-0.32,0.523,3.1396217932352106e-06,2.7022987021763032e-06,3.6477182551971457e-06,609.08,560.36,669.99,WARNING,s_ISC,s_imbalance,s_thermal
2025-11-03,4,ESS-04 Summer Thermal Stress,97.183,0.8056,0.3516,0.6427,25.36,1.925,219,0.579,-0.468,-0.032,0.994,-0.153,0.315,2.8713724652894825e-06,2.471414172626975e-06,3.3360573035800307e-06,525.83,483.76,578.41,NORMAL,s_imbalance,s_ISC,s_thermal
2025-11-04,4,ESS-04 Summer Thermal Stress,97.216,0.9373,0.2983,0.5387,25.58,1.633,224,0.415,-0.921,0.863,0.536,0.024,0.368,2.9375609942788583e-06,2.5283832135717834e-06,3.4129573307431717e-06,547.07,503.31,601.78,NORMAL,s_thermal,s_overcharge,s_imbalance
2025-11-05,4,ESS-04 Summer Thermal Stress,97.235,0.8387,0.2129,0.5539,26.04,1.555,226,0.347,-0.747,0.039,0.956,0.22,0.312,2.8686367161434e-06,2.469059489632787e-06,3.3328788194951867e-06,524.94,482.94,577.43,NORMAL,s_imbalance,s_thermal,s_ISC
2025-11-06,4,ESS-04 Summer Thermal Stress,97.243,0.899,0.4402,0.6125,24.53,1.913,225,0.167,-0.696,0.81,0.806,0.083,0.373,2.9446279329157682e-06,2.5344657890091873e-06,3.421167934226793e-06,549.31,505.37,604.24,NORMAL,s_overcharge,s_imbalance,s_thermal
2025-11-07,4,ESS-04 Summer Thermal Stress,97.055,0.8126,0.1147,0.528,26.31,1.919,230,0.275,0.258,0.08,0.888,0.264,0.353,2.919219423449255e-06,2.5125964643797077e-06,3.391647485885977e-06,541.23,497.94,595.36,NORMAL,s_imbalance,s_ISC,s_thermal_mag
2025-11-08,4,ESS-04 Summer Thermal Stress,97.178,0.97,0.2576,0.5805,21.66,1.697,230,0.608,-1.098,1.423,0.842,0.313,0.637,3.297831717613125e-06,2.838471368142065e-06,3.831531771381813e-06,654.91,602.52,720.4,WARNING,s_overcharge,s_thermal,s_imbalance
2025-11-09,4,ESS-04 Summer Thermal Stress,97.249,1.0,0.2582,0.5538,22.01,1.666,236,0.265,-1.098,1.647,0.598,-0.212,0.502,3.1118670608008194e-06,2.6784099617845864e-06,3.6154718892809256e-06,600.81,552.74,660.89,WARNING,s_overcharge,s_thermal,s_imbalance
2025-11-10,4,ESS-04 Summer Thermal Stress,97.221,0.7824,0.1596,0.5458,23.7,1.76,230,0.969,-0.593,-0.356,0.697,-0.126,0.333,2.894521871815398e-06,2.491339067475875e-06,3.3629530516837333e-06,533.31,490.65,586.65,NORMAL,s_ISC,s_imbalance,s_thermal
2025-11-11,4,ESS-04 Summer Thermal Stress,97.119,0.8478,0.1852,0.5317,24.73,1.812,241,0.635,-1.092,0.189,0.705,-0.1,0.306,2.8606177224163564e-06,2.4621574722609368e-06,3.323562086629264e-06,522.33,480.54,574.56,NORMAL,s_thermal,s_imbalance,s_ISC
2025-11-12,4,ESS-04 Summer Thermal Stress,97.136,0.8109,0.097,0.5625,20.71,1.759,235,0.651,-0.984,0.082,0.758,-0.136,0.298,2.851357809503997e-06,2.4541873850150078e-06,3.3128036126680657e-06,519.31,477.76,571.24,NORMAL,s_thermal,s_imbalance,s_ISC
2025-11-13,4,ESS-04 Summer Thermal Stress,97.129,0.8113,0.438,0.5954,22.3,1.754,228,0.449,-1.028,0.174,0.761,0.047,0.286,2.8363568624159843e-06,2.441275939973292e-06,3.2953750147103104e-06,514.39,473.24,565.83,NORMAL,s_thermal,s_imbalance,s_ISC
2025-11-14,4,ESS-04 Summer Thermal Stress,97.203,0.8472,0.1281,0.5124,20.18,1.842,238,0.9,-1.94,-0.146,1.058,-0.001,0.392,2.967811697263289e-06,2.5544202563402686e-06,3.448103599748087e-06,556.62,512.09,612.29,NORMAL,s_thermal,s_imbalance,s_ISC
2025-11-15,4,ESS-04 Summer Thermal Stress,97.187,0.8905,0.3327,0.5265,17.98,1.539,234,0.394,-1.392,0.775,0.387,-0.034,0.311,2.867284065021013e-06,2.4678952510922384e-06,3.3313072645615577e-06,524.5,482.54,576.95,NORMAL,s_thermal,s_overcharge,s_ISC
2025-11-16,4,ESS-04 Summer Thermal Stress,97.139,0.7971,0.2058,0.5472,21.44,1.665,245,0.509,-1.338,-0.024,1.022,-0.221,0.306,2.861038739452933e-06,2.462519845271334e-06,3.324051238186196e-06,522.47,480.67,574.71,NORMAL,s_thermal,s_imbalance,s_ISC
2025-11-17,4,ESS-04 Summer Thermal Stress,97.146,0.8971,0.3832,0.5729,17.37,1.609,235,0.535,-1.575,0.42,0.304,0.055,0.263,2.808168685712759e-06,2.417014132368411e-06,3.262625055692786e-06,505.08,464.67,555.59,NORMAL,s_thermal,s_ISC,s_overcharge
2025-11-18,4,ESS-04 Summer Thermal Stress,97.117,0.9905,0.2033,0.5714,19.78,1.903,239,0.329,-1.537,1.382,0.88,-0.169,0.518,3.1336915398802308e-06,2.6971944813512684e-06,3.6408282907762242e-06,607.32,558.74,668.05,WARNING,s_thermal,s_overcharge,s_imbalance
2025-11-19,4,ESS-04 Summer Thermal Stress,96.995,0.9316,0.3587,0.665,21.66,1.705,238,0.551,-1.201,1.197,0.834,-0.086,0.516,3.131004911919839e-06,2.6948820772182185e-06,3.6377068775789925e-06,606.52,558.0,667.17,WARNING,s_thermal,s_overcharge,s_imbalance
2025-11-20,4,ESS-04 Summer Thermal Stress,97.078,0.678,0.2576,0.4811,18.22,1.963,247,0.404,-1.228,0.136,1.211,-0.105,0.35,2.9157416475730935e-06,2.50960311250999e-06,3.3876068906000388e-06,540.12,496.91,594.13,NORMAL,s_thermal,s_imbalance,s_ISC
2025-11-21,4,ESS-04 Summer Thermal Stress,97.082,0.8262,0.1771,0.5364,19.85,1.974,249,0.763,-1.334,-0.044,1.093,-0.058,0.371,2.9417649567453893e-06,2.5320016005625717e-06,3.417841633644633e-06,548.41,504.53,603.25,NORMAL,s_thermal,s_imbalance,s_ISC
2025-11-22,4,ESS-04 Summer Thermal Stress,97.044,0.8466,0.3077,0.5297,19.49,1.877,242,0.695,-1.455,0.326,0.868,-0.033,0.378,2.950313164179957e-06,2.5393591169240957e-06,3.427773224285887e-06,551.11,507.02,606.22,NORMAL,s_thermal,s_imbalance,s_ISC
2025-11-23,4,ESS-04 Summer Thermal Stress,97.084,0.9644,0.1974,0.4734,19.5,1.603,250,0.246,-1.289,1.749,0.963,0.082,0.608,3.2565377813725783e-06,2.8029293153929687e-06,3.7835551131303886e-06,643.17,591.71,707.48,WARNING,s_overcharge,s_thermal,s_imbalance
2025-11-24,4,ESS-04 Summer Thermal Stress,97.076,0.9183,0.2248,0.515,17.16,2.063,243,0.777,-1.553,0.947,1.403,0.007,0.627,3.2833269206418e-06,2.8259869622479313e-06,3.814679619525209e-06,650.8,598.74,715.88,WARNING,s_thermal,s_imbalance,s_overcharge
2025-11-25,4,ESS-04 Summer Thermal Stress,97.126,0.7616,0.0237,0.5153,18.69,1.693,254,0.472,-0.872,0.134,0.795,0.076,0.295,2.847839178939113e-06,2.451158869217524e-06,3.3087155509607963e-06,518.16,476.7,569.97,NORMAL,s_thermal,s_imbalance,s_ISC
2025-11-26,4,ESS-04 Summer Thermal Stress,97.057,0.9171,0.2556,0.6045,17.55,1.491,253,0.701,-1.637,0.893,0.661,-0.049,0.451,3.0445044762319e-06,2.6204303982141052e-06,3.537207809825515e-06,580.41,533.97,638.45,NORMAL,s_thermal,s_overcharge,s_ISC
2025-11-27,4,ESS-04 Summer Thermal Stress,97.062,0.8444,0.1251,0.5757,17.72,1.671,259,-0.151,-1.93,0.075,0.389,-0.123,0.093,2.6106329429788634e-06,2.2469934146373913e-06,3.03312146688446e-06,437.09,402.12,480.8,NORMAL,s_thermal,s_imbalance,s_ISC
2025-11-28,4,ESS-04 Summer Thermal Stress,97.01,0.6539,0.2789,0.4681,17.95,1.994,249,0.344,-1.204,0.099,1.161,-0.204,0.321,2.8789885800395585e-06,2.477969428592358e-06,3.344905958258609e-06,528.3,486.03,581.13,NORMAL,s_thermal,s_imbalance,s_ISC
2025-11-29,4,ESS-04 Summer Thermal Stress,97.089,0.8678,0.23,0.5119,13.37,2.24,248,0.836,-2.21,0.316,1.232,-0.085,0.477,3.078357960642853e-06,2.649568387127186e-06,3.5765399082760827e-06,590.71,543.46,649.79,NORMAL,s_thermal,s_imbalance,s_ISC
2025-11-30,4,ESS-04 Summer Thermal Stress,97.107,0.9582,0.2127,0.568,15.38,1.975,261,0.437,-2.327,0.906,0.7,0.029,0.414,2.9971246129479866e-06,2.579650137645061e-06,3.482160316068765e-06,565.78,520.52,622.36,NORMAL,s_thermal,s_overcharge,s_imbalance
2025-12-01,4,ESS-04 Summer Thermal Stress,96.924,0.9159,0.2546,0.5293,18.11,1.886,256,0.66,-1.41,0.862,1.076,-0.025,0.52,3.1354852806119278e-06,2.6987383696548728e-06,3.6429123180664987e-06,607.86,559.23,668.64,WARNING,s_thermal,s_imbalance,s_overcharge
2025-12-02,4,ESS-04 Summer Thermal Stress,97.014,0.9394,0.432,0.6166,15.97,2.101,259,0.32,-1.548,1.232,0.795,-0.081,0.469,3.0686104272233456e-06,2.641178600179013e-06,3.565214901433166e-06,587.76,540.74,646.53,NORMAL,s_thermal,s_overcharge,s_imbalance
2025-12-03,4,ESS-04 Summer Thermal Stress,97.076,0.9316,0.2649,0.6049,13.91,1.682,254,0.226,-2.012,0.852,0.587,-0.12,0.333,2.8940224167152373e-06,2.490909182140685e-06,3.3623727681892624e-06,533.15,490.5,586.47,NORMAL,s_thermal,s_overcharge,s_imbalance
2025-12-04,4,ESS-04 Summer Thermal Stress,96.958,0.8315,0.1424,0.5444,13.63,1.796,263,0.07,-1.855,0.128,0.996,0.155,0.27,2.8167807723788804e-06,2.4244266298633743e-06,3.2726308637744457e-06,507.93,467.3,558.73,NORMAL,s_thermal,s_imbalance,s_thermal_mag
2025-12-05,4,ESS-04 Summer Thermal Stress,97.019,0.7748,0.4226,0.556,15.72,1.641,265,0.087,-1.348,-0.155,0.547,-0.114,0.127,2.649014088175322e-06,2.280028396654623e-06,3.077713957692097e-06,450.69,414.64,495.76,NORMAL,s_thermal,s_imbalance,s_overcharge
2025-12-06,4,ESS-04 Summer Thermal Stress,97.017,0.9178,0.1657,0.5058,14.57,2.239,268,1.179,-1.916,0.785,1.473,0.274,0.742,3.4497814790149495e-06,2.969255862719339e-06,4.008072014571752e-06,696.9,641.15,766.59,WARNING,s_thermal,s_imbalance,s_ISC
2025-12-07,4,ESS-04 Summer Thermal Stress,97.041,0.8028,0.4003,0.5373,10.81,1.634,270,0.208,-2.445,0.288,0.25,0.232,0.196,2.7283852842660602e-06,2.3483438693985686e-06,3.1699300509457892e-06,478.21,439.96,526.03,NORMAL,s_thermal,s_overcharge,s_imbalance
2025-12-08,4,ESS-04 Summer Thermal Stress,96.945,0.7875,0.1584,0.5347,16.01,2.197,259,0.915,-1.357,0.067,0.915,-0.0,0.38,2.9525109440986764e-06,2.541250765185908e-06,3.4303266778141737e-06,551.8,507.66,606.99,NORMAL,s_thermal,s_imbalance,s_ISC
2025-12-09,4,ESS-04 Summer Thermal Stress,96.925,0.8292,0.1986,0.4998,10.57,1.822,260,0.39,-2.651,0.37,0.892,0.115,0.353,2.919602103068649e-06,2.512925840048417e-06,3.3920920957516616e-06,541.36,498.05,595.49,NORMAL,s_thermal,s_imbalance,s_ISC
2025-12-10,4,ESS-04 Summer Thermal Stress,96.942,1.0,0.39,0.5874,14.47,1.839,268,0.896,-2.058,1.554,0.592,0.184,0.645,3.309065249147181e-06,2.848140167234928e-06,3.844583259029903e-06,658.08,605.44,723.89,WARNING,s_thermal,s_overcharge,s_ISC
2025-12-11,4,ESS-04 Summer Thermal Stress,97.088,0.8704,0.3298,0.5274,13.31,1.961,273,0.601,-2.211,0.093,0.911,-0.164,0.321,2.8792965303776043e-06,2.4782344841172535e-06,3.345263745172993e-06,528.4,486.13,581.24,NORMAL,s_thermal,s_imbalance,s_ISC
2025-12-12,4,ESS-04 Summer Thermal Stress,96.97,0.9696,0.1331,0.5636,12.67,2.271,277,0.748,-2.254,1.323,1.408,-0.024,0.696,3.3815001733938697e-06,2.910485542408082e-06,3.928740543266751e-06,678.27,624.01,746.1,WARNING,s_thermal,s_imbalance,s_overcharge
2025-12-13,4,ESS-04 Summer Thermal Stress,96.981,0.7455,0.3109,0.5422,9.7,1.84,269,0.992,-2.605,0.056,0.965,-0.037,0.403,2.981938670170191e-06,2.566579464680956e-06,3.464516784813599e-06,561.05,516.17,617.15,NORMAL,s_thermal,s_ISC,s_imbalance
2025-12-14,4,ESS-04 Summer Thermal Stress,96.899,0.9363,0.1289,0.5406,10.92,1.831,268,0.513,-2.106,1.188,0.761,-0.115,0.492,3.0990590172820243e-06,2.6673859670283465e-06,3.6005910806957433e-06,596.96,549.21,656.66,NORMAL,s_thermal,s_overcharge,s_imbalance
2025-12-15,4,ESS-04 Summer Thermal Stress,96.993,0.969,0.2674,0.5762,11.96,1.869,287,0.282,-2.148,1.085,1.011,0.09,0.493,3.1003721378913146e-06,2.668516181386746e-06,3.6021167076538166e-06,597.36,549.57,657.09,NORMAL,s_thermal,s_overcharge,s_imbalance
2025-12-16,4,ESS-04 Summer Thermal Stress,96.876,0.8229,0.2146,0.5652,12.18,1.877,281,0.575,-2.058,0.009,0.925,0.217,0.345,2.9091598407264896e-06,2.5039380942614475e-06,3.3799599292351826e-06,538.02,494.97,591.82,NORMAL,s_thermal,s_imbalance,s_ISC
2025-12-17,4,ESS-04 Summer Thermal Stress,96.929,0.8306,0.157,0.5005,10.17,1.882,273,0.495,-2.574,0.294,0.702,0.055,0.309,2.864692153638882e-06,2.465664370510275e-06,3.328295895957117e-06,523.66,481.76,576.02,NORMAL,s_thermal,s_imbalance,s_ISC
2025-12-18,4,ESS-04 Summer Thermal Stress,96.898,0.9154,0.3476,0.5704,12.48,1.839,269,0.98,-2.022,0.567,0.788,-0.115,0.467,3.06546896832978e-06,2.638474719141438e-06,3.561565050541721e-06,586.8,539.86,645.48,NORMAL,s_thermal,s_ISC,s_imbalance
2025-12-19,4,ESS-04 Summer Thermal Stress,96.972,0.9296,0.2864,0.5434,8.75,1.971,286,0.792,-2.917,1.358,1.027,-0.217,0.635,3.2952499266787634e-06,2.8362491980506386e-06,3.8285321614672496e-06,654.18,601.85,719.6,WARNING,s_thermal,s_overcharge,s_imbalance
2025-12-20,4,ESS-04 Summer Thermal Stress,96.959,0.6904,0.1889,0.518,8.13,2.33,281,0.933,-2.88,0.053,1.796,-0.017,0.557,3.1856161846744537e-06,2.741886476637883e-06,3.701156059443614e-06,622.64,572.83,684.91,WARNING,s_thermal,s_imbalance,s_ISC
2025-12-21,4,ESS-04 Summer Thermal Stress,96.952,0.7662,0.0861,0.4936,7.53,1.958,294,0.887,-2.84,0.506,1.101,0.129,0.524,3.1420224533933195e-06,2.7043649713310234e-06,3.650507421538565e-06,609.8,561.01,670.78,WARNING,s_thermal,s_imbalance,s_ISC
2025-12-22,4,ESS-04 Summer Thermal Stress,96.907,0.794,0.2965,0.6384,8.75,1.996,276,-0.01,-2.424,0.352,0.807,-0.052,0.232,2.771254251953866e-06,2.38524156009426e-06,3.2197366412265247e-06,492.75,453.33,542.02,NORMAL,s_thermal,s_imbalance,s_overcharge
2025-12-23,4,ESS-04 Summer Thermal Stress,96.778,0.7687,0.2079,0.5117,7.75,2.036,286,0.562,-2.758,-0.179,0.873,0.133,0.314,2.870232489798655e-06,2.4704329858443773e-06,3.33473284224959e-06,525.46,483.42,578.0,NORMAL,s_thermal,s_imbalance,s_ISC
2025-12-24,4,ESS-04 Summer Thermal Stress,96.822,0.79,0.2078,0.5308,8.24,1.713,288,0.658,-2.79,0.2,0.639,0.078,0.315,2.8717946762578846e-06,2.4717775732659248e-06,3.336547842284848e-06,525.97,483.89,578.56,NORMAL,s_thermal,s_ISC,s_imbalance
2025-12-25,4,ESS-04 Summer Thermal Stress,96.852,1.0,0.285,0.6333,6.17,2.243,283,0.405,-2.689,1.385,1.209,-0.17,0.6,3.245070915785728e-06,2.793059683779617e-06,3.7702325300526223e-06,639.88,588.69,703.87,WARNING,s_thermal,s_overcharge,s_imbalance
2025-12-26,4,ESS-04 Summer Thermal Stress,96.856,0.8453,0.196,0.5633,8.17,2.131,292,0.799,-3.196,0.292,1.251,0.002,0.469,3.0676368109035868e-06,2.6403406001303552e-06,3.5640837217769156e-06,587.46,540.47,646.21,NORMAL,s_thermal,s_imbalance,s_ISC
2025-12-27,4,ESS-04 Summer Thermal Stress,96.811,0.9142,0.2654,0.5317,7.03,1.744,292,0.055,-2.606,0.712,0.582,0.114,0.293,2.8446573379395694e-06,2.448420231117982e-06,3.3050187825382245e-06,517.11,475.75,568.83,NORMAL,s_thermal,s_overcharge,s_imbalance
2025-12-28,4,ESS-04 Summer Thermal Stress,96.837,0.8993,0.2007,0.5322,4.14,2.14,290,0.458,-3.513,0.383,1.148,0.045,0.407,2.9874320285766305e-06,2.571307646010154e-06,3.4708991505521026e-06,562.77,517.74,619.04,NORMAL,s_thermal,s_imbalance,s_ISC
2025-12-29,4,ESS-04 Summer Thermal Stress,96.911,1.0,0.2253,0.5895,8.02,2.212,286,0.851,-2.63,1.698,0.78,0.026,0.671,3.3457080053089537e-06,2.879678908976609e-06,3.887156022036984e-06,668.35,614.88,735.18,WARNING,s_thermal,s_overcharge,s_ISC
2025-12-30,4,ESS-04 Summer Thermal Stress,96.743,0.8571,0.1814,0.5286,8.6,1.939,296,0.542,-2.639,0.129,1.239,0.054,0.393,2.969603108692086e-06,2.555962139721284e-06,3.450184920888984e-06,557.19,512.61,612.9,NORMAL,s_thermal,s_imbalance,s_ISC
2025-12-31,4,ESS-04 Summer Thermal Stress,96.924,0.9586,0.4266,0.607,4.8,1.928,287,0.625,-3.156,1.002,1.014,0.059,0.54,3.162798138184786e-06,2.722246784650737e-06,3.6746452989166715e-06,615.94,566.66,677.53,WARNING,s_thermal,s_imbalance,s_overcharge
2026-01-01,4,ESS-04 Summer Thermal Stress,96.859,0.7511,0.214,0.5091,8.18,2.311,300,1.005,-2.561,0.589,1.531,-0.128,0.625,3.280608335321532e-06,2.8236470520387958e-06,3.8115210773635673e-06,650.03,598.03,715.03,WARNING,s_thermal,s_imbalance,s_ISC
2026-01-02,4,ESS-04 Summer Thermal Stress,96.835,0.8146,0.3962,0.5895,6.96,1.8,293,0.219,-2.726,0.715,0.724,0.173,0.366,2.9358366500697062e-06,2.526899055542649e-06,3.410953930498995e-06,546.53,502.8,601.18,NORMAL,s_thermal,s_imbalance,s_overcharge
2026-01-03,4,ESS-04 Summer Thermal Stress,96.711,0.8517,0.2708,0.5202,6.3,2.016,295,0.817,-2.325,0.337,1.153,0.081,0.478,3.0793462426661564e-06,2.650419010077196e-06,3.5776881270279973e-06,591.01,543.73,650.11,NORMAL,s_thermal,s_imbalance,s_ISC
2026-01-04,4,ESS-04 Summer Thermal Stress,96.719,1.0,0.098,0.535,7.9,2.038,297,1.265,-2.858,1.55,1.173,0.158,0.829,3.5807112091597426e-06,3.0819482361648052e-06,4.160190485368585e-06,731.63,673.1,804.79,WARNING,s_thermal,s_overcharge,s_ISC
2026-01-05,4,ESS-04 Summer Thermal Stress,96.842,0.8613,0.2928,0.5853,5.43,2.063,296,0.274,-3.07,0.37,1.235,0.09,0.394,2.9706699272257627e-06,2.5568803597023826e-06,3.4514243860006398e-06,557.52,512.92,613.27,NORMAL,s_thermal,s_imbalance,s_overcharge
2026-01-06,4,ESS-04 Summer Thermal Stress,96.861,0.8987,0.2437,0.5655,5.6,1.982,284,0.569,-2.849,0.464,0.884,-0.052,0.383,2.9574833331817793e-06,2.545530543654801e-06,3.4361037641936564e-06,553.37,509.1,608.71,NORMAL,s_thermal,s_imbalance,s_ISC
2026-01-07,4,ESS-04 Summer Thermal Stress,96.863,0.8327,0.2031,0.5404,4.59,2.028,309,0.768,-3.52,0.277,1.11,0.036,0.438,3.0277862384534725e-06,2.606040865435466e-06,3.517784007784328e-06,575.27,529.25,632.8,NORMAL,s_thermal,s_imbalance,s_ISC
2026-01-08,4,ESS-04 Summer Thermal Stress,96.876,0.7948,0.2094,0.5072,3.45,1.893,298,0.705,-3.561,0.303,0.758,-0.052,0.353,2.9192345115137393e-06,2.512609450807719e-06,3.3916650156993874e-06,541.24,497.94,595.36,NORMAL,s_thermal,s_imbalance,s_ISC
2026-01-09,4,ESS-04 Summer Thermal Stress,96.653,0.8184,0.166,0.5569,6.76,1.845,300,0.013,-3.183,0.117,0.242,-0.309,0.074,2.590177514409849e-06,2.229387251352392e-06,3.0093556695262403e-06,429.75,395.37,472.73,NORMAL,s_thermal,s_thermal_mag,s_imbalance
2026-01-10,4,ESS-04 Summer Thermal Stress,96.758,0.9148,0.1519,0.5327,5.74,2.359,306,1.394,-2.982,0.672,1.317,0.231,0.723,3.4213082256880557e-06,2.944748683010589e-06,3.9749908506402134e-06,689.18,634.04,758.1,WARNING,s_thermal,s_ISC,s_imbalance
2026-01-11,4,ESS-04 Summer Thermal Stress,96.819,0.9596,0.3709,0.5855,5.31,2.104,314,1.047,-2.882,1.27,1.168,-0.05,0.697,3.38368924483868e-06,2.9123696954371013e-06,3.931283878646567e-06,678.87,624.56,746.76,WARNING,s_thermal,s_overcharge,s_imbalance
2026-01-12,4,ESS-04 Summer Thermal Stress,96.741,1.0,0.2607,0.5224,1.87,2.26,303,0.463,-3.876,1.863,0.795,-0.032,0.624,3.279403613306499e-06,2.822610137243594e-06,3.810121391559489e-06,649.69,597.71,714.66,WARNING,s_thermal,s_overcharge,s_imbalance
2026-01-13,4,ESS-04 Summer Thermal Stress,96.611,1.0,0.3079,0.5501,4.65,2.089,308,0.526,-3.516,1.925,0.964,0.065,0.696,3.3818690556532363e-06,2.9108030426101928e-06,3.929169122838119e-06,678.37,624.1,746.21,WARNING,s_thermal,s_overcharge,s_imbalance
2026-01-14,4,ESS-04 Summer Thermal Stress,96.687,0.9442,0.2413,0.5809,1.14,2.064,309,0.482,-3.752,1.225,0.786,-0.077,0.498,3.107173206038434e-06,2.674369920050684e-06,3.6100184135762652e-06,599.4,551.45,659.34,NORMAL,s_thermal,s_overcharge,s_imbalance
2026-01-15,4,ESS-04 Summer Thermal Stress,96.799,0.8971,0.1218,0.5827,5.77,2.123,305,0.612,-3.027,0.579,1.095,0.107,0.479,3.080797296368704e-06,2.651667944644859e-06,3.579374009226961e-06,591.45,544.14,650.6,NORMAL,s_thermal,s_imbalance,s_ISC
2026-01-16,4,ESS-04 Summer Thermal Stress,96.667,0.811,0.2142,0.5029,3.46,2.468,304,1.565,-3.251,0.29,1.665,0.24,0.752,3.464563074612887e-06,2.9819785122081198e-06,4.025245759282554e-06,700.89,644.82,770.98,WARNING,s_thermal,s_imbalance,s_ISC
2026-01-17,4,ESS-04 Summer Thermal Stress,96.692,0.9127,0.226,0.5154,6.42,2.142,312,0.56,-2.926,1.119,1.081,-0.079,0.552,3.179138327974726e-06,2.736310928763235e-06,3.6936298714626245e-06,620.74,571.08,682.82,WARNING,s_thermal,s_overcharge,s_imbalance
2026-01-18,4,ESS-04 Summer Thermal Stress,96.666,0.7895,0.1643,0.5739,4.31,2.28,312,0.909,-2.982,0.15,1.337,-0.082,0.479,3.081652690748992e-06,2.65240419004294e-06,3.5803678347178787e-06,591.71,544.37,650.88,NORMAL,s_thermal,s_imbalance,s_ISC
2026-01-19,4,ESS-04 Summer Thermal Stress,96.7,0.7946,0.3339,0.551,6.05,1.788,313,0.626,-3.031,0.157,0.907,-0.264,0.338,2.9005656376715074e-06,2.496540989154914e-06,3.369974899224997e-06,535.26,492.44,588.78,NORMAL,s_thermal,s_imbalance,s_ISC
2026-01-20,4,ESS-04 Summer Thermal Stress,96.679,0.8865,0.109,0.5647,2.79,2.116,321,0.222,-3.605,1.04,1.542,-0.086,0.561,3.1912281116864377e-06,2.746716711270637e-06,3.7076761816851154e-06,624.28,574.34,686.71,WARNING,s_thermal,s_imbalance,s_overcharge
2026-01-21,4,ESS-04 Summer Thermal Stress,96.746,0.9417,0.172,0.5377,2.56,2.261,314,0.534,-3.618,0.979,1.212,0.05,0.555,3.1835997323272793e-06,2.7401508984788176e-06,3.6988132784726763e-06,622.05,572.29,684.26,WARNING,s_thermal,s_imbalance,s_overcharge
2026-01-22,4,ESS-04 Summer Thermal Stress,96.692,0.8897,0.1296,0.5324,4.7,2.361,320,1.067,-3.581,0.562,1.477,0.104,0.642,3.3045891527623505e-06,2.8442875518241155e-06,3.839382782542408e-06,656.82,604.28,722.5,WARNING,s_thermal,s_imbalance,s_ISC
2026-01-23,4,ESS-04 Summer Thermal Stress,96.774,0.7347,0.1781,0.4995,1.4,2.217,317,1.042,-3.867,0.017,1.569,0.21,0.568,3.20062613447611e-06,2.75480567165021e-06,3.7185951150813215e-06,627.02,576.86,689.73,WARNING,s_thermal,s_imbalance,s_ISC
2026-01-24,4,ESS-04 Summer Thermal Stress,96.681,0.8418,0.291,0.5558,2.51,2.07,323,0.686,-3.112,0.066,0.919,0.062,0.347,2.911095240434884e-06,2.505603909578535e-06,3.3822085407717568e-06,538.64,495.55,592.5,NORMAL,s_thermal,s_imbalance,s_ISC
2026-01-25,4,ESS-04 Summer Thermal Stress,96.623,0.8543,0.3159,0.5796,2.62,2.008,326,0.093,-3.418,0.156,1.203,-0.028,0.29,2.8418182687253467e-06,2.4459766196641407e-06,3.301720257743188e-06,516.18,474.89,567.8,NORMAL,s_thermal,s_imbalance,s_overcharge
2026-01-26,4,ESS-04 Summer Thermal Stress,96.713,0.7641,0.2747,0.5638,1.35,2.32,322,0.57,-3.323,0.185,1.491,-0.196,0.449,3.042110688822422e-06,2.618370044550099e-06,3.534426628382899e-06,579.67,533.3,637.64,NORMAL,s_thermal,s_imbalance,s_ISC
2026-01-27,4,ESS-04 Summer Thermal Stress,96.735,0.9767,0.1903,0.5565,1.31,1.824,332,0.667,-3.453,1.159,1.216,0.047,0.618,3.2705047542476715e-06,2.814950811282595e-06,3.7997824033430554e-06,647.16,595.38,711.87,WARNING,s_thermal,s_imbalance,s_overcharge
2026-01-28,4,ESS-04 Summer Thermal Stress,96.558,0.779,0.3036,0.5451,2.48,2.568,320,1.334,-3.329,0.298,1.835,0.001,0.694,3.3787984906680227e-06,2.908160180346486e-06,3.925601639196987e-06,677.52,623.32,745.28,WARNING,s_thermal,s_imbalance,s_ISC
2026-01-29,4,ESS-04 Summer Thermal Stress,96.67,0.8394,0.4064,0.5963,2.01,1.804,325,-0.142,-3.47,-0.069,0.874,-0.006,0.175,2.70423647788508e-06,2.3275587833968087e-06,3.1418731654385275e-06,469.92,432.33,516.92,NORMAL,s_thermal,s_imbalance,s_ISC
2026-01-30,4,ESS-04 Summer Thermal Stress,96.6,1.0,0.2537,0.5633,3.26,2.212,323,0.672,-3.927,2.002,1.033,0.169,0.775,3.4986458353447964e-06,3.011313844681564e-06,4.064844233164636e-06,710.02,653.21,781.02,WARNING,s_thermal,s_overcharge,s_imbalance
2026-01-31,4,ESS-04 Summer Thermal Stress,96.681,0.9293,0.3104,0.5462,4.03,1.834,326,0.15,-3.273,1.002,0.69,0.097,0.388,2.963093775261327e-06,2.550359499886326e-06,3.4426221616729013e-06,555.14,510.73,610.65,NORMAL,s_thermal,s_overcharge,s_imbalance
2026-02-01,4,ESS-04 Summer Thermal Stress,96.588,0.9071,0.1451,0.5172,3.91,2.13,325,0.818,-3.634,0.865,1.573,-0.016,0.651,3.3176142022277048e-06,2.855498326133318e-06,3.85451571480653e-06,660.49,607.65,726.54,WARNING,s_thermal,s_imbalance,s_overcharge
2026-02-02,4,ESS-04 Summer Thermal Stress,96.609,0.9895,0.2303,0.5163,2.98,2.015,335,0.436,-3.574,1.386,1.202,0.126,0.63,3.2875223568519704e-06,2.8295980109636797e-06,3.81955401579399e-06,651.99,599.83,717.19,WARNING,s_thermal,s_overcharge,s_imbalance
2026-02-03,4,ESS-04 Summer Thermal Stress,96.538,0.8941,0.2893,0.5271,-0.01,2.256,326,1.665,-3.826,0.647,1.629,-0.183,0.788,3.5185781921388403e-06,3.028469799932118e-06,4.088002301527296e-06,715.31,658.09,786.84,WARNING,s_thermal,s_ISC,s_imbalance
2026-02-04,4,ESS-04 Summer Thermal Stress,96.56,0.8599,0.1129,0.5304,2.2,2.273,330,1.194,-3.562,0.145,1.389,-0.101,0.545,3.170449750270214e-06,2.7288325940149835e-06,3.6835351947380155e-06,618.19,568.74,680.01,WARNING,s_thermal,s_imbalance,s_ISC
2026-02-05,4,ESS-04 Summer Thermal Stress,96.46,0.8784,0.2789,0.5926,1.52,2.022,339,0.903,-3.806,0.533,1.16,-0.128,0.519,3.1348863141122517e-06,2.6982228339607158e-06,3.6422164189831e-06,607.68,559.06,668.44,WARNING,s_thermal,s_imbalance,s_ISC
2026-02-06,4,ESS-04 Summer Thermal Stress,96.618,0.9281,0.2081,0.5205,1.51,2.078,336,0.602,-3.893,1.355,1.117,-0.028,0.615,3.26609405785356e-06,2.811154486258055e-06,3.794657910659021e-06,645.9,594.23,710.49,WARNING,s_thermal,s_overcharge,s_imbalance
2026-02-07,4,ESS-04 Summer Thermal Stress,96.491,0.7395,0.2808,0.4937,0.95,2.309,338,1.513,-3.45,0.052,1.394,-0.275,0.592,3.2340215173388165e-06,2.7835493698187395e-06,3.7573949740361336e-06,636.7,585.76,700.37,WARNING,s_thermal,s_ISC,s_imbalance
2026-02-08,4,ESS-04 Summer Thermal Stress,96.603,0.717,0.2248,0.5411,-0.54,2.074,340,0.778,-4.005,0.237,1.203,-0.018,0.444,3.0347588965031042e-06,2.6120422929036578e-06,3.525885072721046e-06,577.42,531.22,635.16,NORMAL,s_thermal,s_imbalance,s_ISC
2026-02-09,4,ESS-04 Summer Thermal Stress,96.623,0.9013,0.3447,0.5737,6.26,2.44,339,0.581,-2.66,0.629,1.769,-0.313,0.596,3.2397425461977115e-06,2.7884735094312596e-06,3.7640418543042516e-06,638.35,587.28,702.18,WARNING,s_thermal,s_imbalance,s_overcharge
2026-02-10,4,ESS-04 Summer Thermal Stress,96.541,0.7396,0.3676,0.5203,1.18,2.318,343,0.921,-3.663,0.036,1.15,-0.151,0.421,3.0061070535890495e-06,2.5873814024174882e-06,3.492596413049859e-06,568.57,523.09,625.43,NORMAL,s_thermal,s_imbalance,s_ISC
2026-02-11,4,ESS-04 Summer Thermal Stress,96.578,0.8802,0.2678,0.6026,1.65,2.149,342,0.85,-3.31,0.862,0.97,0.076,0.552,3.178886960314195e-06,2.7360945744211926e-06,3.6933378242076064e-06,620.67,571.02,682.74,WARNING,s_thermal,s_imbalance,s_overcharge
2026-02-12,4,ESS-04 Summer Thermal Stress,96.611,0.6854,0.1934,0.5376,0.39,2.157,339,0.52,-3.774,0.01,1.066,0.189,0.357,2.9242472286178776e-06,2.516923939914593e-06,3.3974889565725263e-06,542.84,499.41,597.12,NORMAL,s_thermal,s_imbalance,s_ISC
2026-02-13,4,ESS-04 Summer Thermal Stress,96.486,0.7052,0.1067,0.528,1.11,2.1,344,0.64,-3.661,0.154,1.087,0.146,0.405,2.985526011339714e-06,2.5696671204062432e-06,3.4686846765995975e-06,562.17,517.2,618.39,NORMAL,s_thermal,s_imbalance,s_ISC
2026-02-14,4,ESS-04 Summer Thermal Stress,96.499,0.9427,0.1899,0.5275,1.15,2.092,353,0.316,-3.208,1.253,0.643,0.179,0.478,3.080167683248765e-06,2.65112603114541e-06,3.5786425038738962e-06,591.26,543.96,650.39,NORMAL,s_thermal,s_overcharge,s_imbalance
2026-02-15,4,ESS-04 Summer Thermal Stress,96.525,0.7782,0.1721,0.5086,2.16,2.25,352,0.888,-3.854,0.159,1.191,-0.016,0.448,3.0399492393718507e-06,2.6165096661912736e-06,3.5319153848690807e-06,579.01,532.69,636.91,NORMAL,s_thermal,s_imbalance,s_ISC
2026-02-16,4,ESS-04 Summer Thermal Stress,96.49,0.85,0.2183,0.5752,3.11,2.068,337,0.544,-3.275,0.207,1.356,0.24,0.469,3.068717803144674e-06,2.641271019569984e-06,3.5653396543315016e-06,587.79,540.77,646.57,NORMAL,s_thermal,s_imbalance,s_ISC
2026-02-17,4,ESS-04 Summer Thermal Stress,96.532,0.7311,0.1833,0.5244,0.51,1.89,351,0.512,-3.942,-0.105,0.695,0.173,0.276,2.8242054466545715e-06,2.430817111256103e-06,3.2812570967141166e-06,510.39,469.56,561.43,NORMAL,s_thermal,s_imbalance,s_ISC
2026-02-18,4,ESS-04 Summer Thermal Stress,96.434,0.837,0.123,0.5223,1.88,2.1,345,0.71,-3.499,0.167,0.929,-0.14,0.361,2.929365309080845e-06,2.521329116184865e-06,3.4034353120783684e-06,544.47,500.91,598.91,NORMAL,s_thermal,s_imbalance,s_ISC
2026-02-19,4,ESS-04 Summer Thermal Stress,96.493,0.871,0.2804,0.5578,1.56,2.057,353,0.707,-3.482,0.839,0.923,-0.034,0.494,3.1010121279428947e-06,2.6690670264047954e-06,3.6028602692645123e-06,597.55,549.75,657.3,NORMAL,s_thermal,s_imbalance,s_overcharge
2026-02-20,4,ESS-04 Summer Thermal Stress,96.441,0.8821,0.3461,0.5936,2.69,2.169,360,1.029,-3.594,0.571,1.493,-0.217,0.619,3.2713950649232066e-06,2.815717109480801e-06,3.8008167956774435e-06,647.41,595.62,712.15,WARNING,s_thermal,s_imbalance,s_ISC
2026-02-21,4,ESS-04 Summer Thermal Stress,96.52,0.7946,0.1748,0.566,1.81,2.227,351,1.035,-3.418,0.086,1.327,-0.104,0.49,3.0952812428566406e-06,2.6641344036417634e-06,3.596201937406955e-06,595.83,548.16,655.41,NORMAL,s_thermal,s_imbalance,s_ISC
2026-02-22,4,ESS-04 Summer Thermal Stress,96.443,1.0,0.2691,0.6009,4.05,2.299,360,1.388,-3.213,1.83,1.401,-0.057,0.924,3.729279668887331e-06,3.209822424701987e-06,4.332802205068591e-06,769.53,707.96,846.48,WARNING,s_thermal,s_overcharge,s_imbalance
2026-02-23,4,ESS-04 Summer Thermal Stress,96.423,0.8097,0.3258,0.5514,1.88,2.343,353,0.975,-3.262,0.218,1.398,-0.014,0.518,3.1337852644233148e-06,2.6972751508835132e-06,3.6409371830493147e-06,607.35,558.76,668.08,WARNING,s_thermal,s_imbalance,s_ISC
2026-02-24,4,ESS-04 Summer Thermal Stress,96.453,0.894,0.3402,0.5494,3.17,2.308,364,0.666,-3.352,0.534,0.864,-0.046,0.413,2.995159923456521e-06,2.577959112317098e-06,3.47987767475486e-06,565.17,519.96,621.69,NORMAL,s_thermal,s_imbalance,s_ISC
2026-02-25,4,ESS-04 Summer Thermal Stress,96.481,0.6754,0.1306,0.5076,4.76,2.235,365,1.139,-2.946,0.206,1.062,0.074,0.496,3.1041219133999116e-06,2.6717436458660903e-06,3.6064733208677737e-06,598.48,550.61,658.33,NORMAL,s_thermal,s_ISC,s_imbalance
2026-02-26,4,ESS-04 Summer Thermal Stress,96.406,0.8512,0.2437,0.569,4.26,2.416,360,0.672,-3.074,0.086,1.701,-0.119,0.492,3.0981597270135178e-06,2.6666119400529634e-06,3.5995462555155184e-06,596.69,548.96,656.36,NORMAL,s_thermal,s_imbalance,s_ISC
2026-02-27,4,ESS-04 Summer Thermal Stress,96.384,0.7966,0.1199,0.5204,-0.17,1.855,360,0.401,-3.715,0.559,0.856,0.03,0.369,2.939658864265063e-06,2.530188868480612e-06,3.4153947056116625e-06,547.74,503.92,602.51,NORMAL,s_thermal,s_imbalance,s_overcharge
2026-02-28,4,ESS-04 Summer Thermal Stress,96.337,0.7358,0.3148,0.5574,3.75,2.3,362,0.727,-3.32,0.398,1.343,0.257,0.545,3.170153969297968e-06,2.7285780127480515e-06,3.6831915466287396e-06,618.11,568.66,679.92,WARNING,s_thermal,s_imbalance,s_ISC
2026-03-01,4,ESS-04 Summer Thermal Stress,96.404,0.8703,0.3376,0.5382,1.96,2.419,368,0.798,-3.648,0.494,1.496,0.09,0.576,3.2118954311920467e-06,2.764505253886109e-06,3.7316881563098506e-06,630.3,579.88,693.33,WARNING,s_thermal,s_imbalance,s_ISC
2026-03-02,4,ESS-04 Summer Thermal Stress,96.399,0.8559,0.3185,0.5799,2.82,2.157,363,0.813,-3.571,0.147,0.991,-0.132,0.39,2.9661835005319443e-06,2.5530188532680703e-06,3.4462119068483504e-06,556.11,511.62,611.72,NORMAL,s_thermal,s_imbalance,s_ISC
2026-03-03,4,ESS-04 Summer Thermal Stress,96.404,0.741,0.1519,0.5189,4.68,2.17,359,0.694,-2.899,0.514,1.139,0.002,0.47,3.069075565612052e-06,2.641578948842585e-06,3.5657553146039876e-06,587.9,540.87,646.69,NORMAL,s_thermal,s_imbalance,s_ISC
2026-03-04,4,ESS-04 Summer Thermal Stress,96.392,0.8372,0.3084,0.6059,2.5,2.044,359,0.126,-3.562,0.094,0.696,0.095,0.202,2.736113657954255e-06,2.3549957473399413e-06,3.178909132196744e-06,480.85,442.38,528.93,NORMAL,s_thermal,s_imbalance,s_ISC
2026-03-05,4,ESS-04 Summer Thermal Stress,96.402,0.8848,0.2196,0.596,4.38,2.205,367,0.958,-2.914,0.489,1.014,0.043,0.501,3.110253902462511e-06,2.6770215023322015e-06,3.6135976685717875e-06,600.32,552.3,660.36,WARNING,s_thermal,s_imbalance,s_ISC
2026-03-06,4,ESS-04 Summer Thermal Stress,96.417,0.8428,0.3248,0.6072,2.0,2.596,362,0.881,-3.584,0.385,1.489,-0.133,0.551,3.1778198765696563e-06,2.7351761261175246e-06,3.692098051048738e-06,620.36,570.73,682.39,WARNING,s_thermal,s_imbalance,s_ISC
2026-03-07,4,ESS-04 Summer Thermal Stress,96.382,0.6708,0.3154,0.5373,6.95,2.595,374,1.7,-3.004,0.032,2.119,0.11,0.792,3.524553971637838e-06,3.033613206058211e-06,4.094945158862616e-06,716.89,659.54,788.58,WARNING,s_thermal,s_imbalance,s_ISC
2026-03-08,4,ESS-04 Summer Thermal Stress,96.406,0.9165,0.3126,0.6128,6.45,2.45,375,1.215,-3.207,0.91,1.529,0.107,0.752,3.4646760391898845e-06,2.98207574181444e-06,4.025377005249147e-06,700.92,644.85,771.01,WARNING,s_thermal,s_imbalance,s_ISC
2026-03-09,4,ESS-04 Summer Thermal Stress,96.368,0.8309,0.2807,0.5272,4.54,2.426,363,1.269,-2.994,0.129,1.233,0.132,0.552,3.1799422520637263e-06,2.7370028732519804e-06,3.6945638970365575e-06,620.98,571.3,683.08,WARNING,s_thermal,s_ISC,s_imbalance
2026-03-10,4,ESS-04 Summer Thermal Stress,96.31,1.0,0.3326,0.613,5.76,2.332,371,1.024,-3.345,1.331,1.648,0.15,0.831,3.5831027990424644e-06,3.0840066987072623e-06,4.16296911316749e-06,732.25,673.67,805.48,WARNING,s_thermal,s_imbalance,s_overcharge
2026-03-11,4,ESS-04 Summer Thermal Stress,96.284,0.7952,0.1087,0.5302,5.88,1.777,370,0.569,-3.184,0.354,0.543,-0.09,0.293,2.8452138219290206e-06,2.4488992017060654e-06,3.3056653240973537e-06,517.3,475.91,569.03,NORMAL,s_thermal,s_ISC,s_imbalance
2026-03-12,4,ESS-04 Summer Thermal Stress,96.408,0.8273,0.0277,0.5309,6.83,2.472,382,1.146,-2.209,0.296,1.484,0.056,0.597,3.240706916084085e-06,2.7893035510339423e-06,3.765162291085828e-06,638.62,587.53,702.49,WARNING,s_thermal,s_imbalance,s_ISC
2026-03-13,4,ESS-04 Summer Thermal Stress,96.365,0.7671,0.0,0.4763,6.0,2.072,385,0.632,-2.516,0.362,0.986,0.185,0.433,3.0214605689876534e-06,2.600596306682359e-06,3.5104346355856143e-06,573.32,527.46,630.66,NORMAL,s_thermal,s_imbalance,s_ISC
2026-03-14,4,ESS-04 Summer Thermal Stress,96.257,0.7849,0.2594,0.5064,3.54,2.405,379,1.297,-2.949,0.255,1.524,-0.044,0.615,3.2665567691724402e-06,2.8115527459433926e-06,3.7951955039454467e-06,646.03,594.35,710.63,WARNING,s_thermal,s_imbalance,s_ISC
2026-03-15,4,ESS-04 Summer Thermal Stress,96.253,0.8837,0.1937,0.5351,7.11,2.171,376,0.697,-2.888,0.56,1.273,0.139,0.534,3.154660675613818e-06,2.7152427995447377e-06,3.6651909259187763e-06,613.54,564.46,674.89,WARNING,s_thermal,s_imbalance,s_ISC
2026-03-16,4,ESS-04 Summer Thermal Stress,96.381,0.8299,0.4284,0.6306,8.97,2.435,385,0.548,-2.748,-0.314,1.802,0.045,0.479,3.081288937070278e-06,2.6520911040814493e-06,3.579945213659543e-06,591.6,544.27,650.76,NORMAL,s_thermal,s_imbalance,s_ISC
2026-03-17,4,ESS-04 Summer Thermal Stress,96.341,0.9477,0.3563,0.5787,4.92,2.022,390,0.656,-3.155,1.187,1.185,-0.015,0.605,3.2530487292619836e-06,2.7999262576882455e-06,3.7795014171841013e-06,642.17,590.79,706.38,WARNING,s_thermal,s_overcharge,s_imbalance
2026-03-18,4,ESS-04 Summer Thermal Stress,96.277,0.8975,0.2148,0.5192,5.93,2.632,389,1.254,-3.405,0.352,1.891,0.089,0.717,3.4128100598989437e-06,2.937434236968018e-06,3.965117401546022e-06,686.86,631.91,755.55,WARNING,s_thermal,s_imbalance,s_ISC
2026-03-19,4,ESS-04 Summer Thermal Stress,96.227,0.8238,0.0478,0.5003,6.29,2.403,392,1.103,-2.98,0.232,1.778,0.218,0.666,3.3391737126383923e-06,2.8740547859178567e-06,3.879564265273407e-06,666.53,613.2,733.18,WARNING,s_thermal,s_imbalance,s_ISC
2026-03-20,4,ESS-04 Summer Thermal Stress,96.254,0.934,0.2787,0.5234,9.34,2.071,390,0.685,-2.841,1.12,0.762,0.039,0.521,3.1373235875231497e-06,2.7003206164589708e-06,3.6450481238164263e-06,608.4,559.73,669.24,WARNING,s_thermal,s_overcharge,s_imbalance
2026-03-21,4,ESS-04 Summer Thermal Stress,96.211,0.852,0.1207,0.5369,7.21,2.322,385,1.004,-2.795,-0.085,1.175,0.346,0.505,3.1158564882877865e-06,2.681843696822657e-06,3.6201069380726892e-06,602.0,553.84,662.2,WARNING,s_thermal,s_imbalance,s_ISC
2026-03-22,4,ESS-04 Summer Thermal Stress,96.347,0.929,0.2197,0.5882,7.76,2.121,391,0.658,-3.033,1.178,1.284,0.158,0.655,3.3234909331687955e-06,2.860556480008678e-06,3.861343494710975e-06,662.14,609.17,728.35,WARNING,s_thermal,s_imbalance,s_overcharge
2026-03-23,4,ESS-04 Summer Thermal Stress,96.305,0.8662,0.1529,0.546,8.37,2.322,398,0.99,-2.646,0.203,1.791,0.064,0.61,3.258910876098654e-06,2.804971858806224e-06,3.78631225293719e-06,643.85,592.34,708.23,WARNING,s_thermal,s_imbalance,s_ISC
2026-03-24,4,ESS-04 Summer Thermal Stress,96.259,0.861,0.3345,0.5884,8.19,2.108,392,0.493,-2.767,0.767,1.072,-0.089,0.467,3.064826671188142e-06,2.637921888396332e-06,3.560818808468901e-06,586.61,539.68,645.27,NORMAL,s_thermal,s_imbalance,s_overcharge
2026-03-25,4,ESS-04 Summer Thermal Stress,96.28,0.9114,0.2926,0.5731,8.57,2.089,391,0.739,-2.279,0.443,1.127,-0.065,0.462,3.0587889314821553e-06,2.632725153239149e-06,3.5538039626815946e-06,584.77,537.99,643.25,NORMAL,s_thermal,s_imbalance,s_ISC
2026-03-26,4,ESS-04 Summer Thermal Stress,96.264,0.9423,0.3395,0.518,10.21,2.171,394,0.761,-1.928,0.961,1.295,-0.12,0.603,3.2502645995105585e-06,2.7975299328330582e-06,3.7762667233070806e-06,641.37,590.06,705.51,WARNING,s_thermal,s_imbalance,s_overcharge
2026-03-27,4,ESS-04 Summer Thermal Stress,96.195,0.9652,0.3733,0.5797,8.31,2.186,398,0.933,-2.849,1.715,1.286,-0.056,0.787,3.5163266394114415e-06,3.026531868641314e-06,4.085386373447501e-06,714.71,657.54,786.19,WARNING,s_thermal,s_overcharge,s_imbalance
2026-03-28,4,ESS-04 Summer Thermal Stress,96.165,0.8679,0.3568,0.566,8.94,2.11,393,0.688,-2.431,0.237,1.471,0.346,0.548,3.174417686991217e-06,2.732247831819051e-06,3.688145274759747e-06,619.36,569.81,681.29,WARNING,s_thermal,s_imbalance,s_ISC
2026-03-29,4,ESS-04 Summer Thermal Stress,96.203,0.8683,0.3559,0.5585,8.88,2.203,400,0.475,-2.311,0.747,1.444,-0.341,0.533,3.153668980511958e-06,2.714389238910361e-06,3.6640387417673583e-06,613.25,564.19,674.57,WARNING,s_thermal,s_imbalance,s_overcharge
2026-03-30,4,ESS-04 Summer Thermal Stress,96.145,0.8984,0.4328,0.6002,9.85,2.311,402,1.194,-2.906,0.566,1.526,-0.126,0.657,3.3263108427251593e-06,2.862983600904792e-06,3.864619758669151e-06,662.93,609.89,729.22,WARNING,s_thermal,s_imbalance,s_ISC
2026-03-31,4,ESS-04 Summer Thermal Stress,96.151,0.7476,0.3577,0.5634,9.1,2.099,398,0.835,-2.367,0.172,0.923,-0.396,0.386,2.960626817830864e-06,2.5482361681964074e-06,3.4397559688025443e-06,554.36,510.01,609.8,NORMAL,s_thermal,s_imbalance,s_ISC
2026-04-01,4,ESS-04 Summer Thermal Stress,96.218,0.7992,0.3077,0.5296,10.36,2.251,403,1.087,-2.302,0.131,1.605,0.006,0.566,3.1978168897063106e-06,2.752387730114118e-06,3.715331241691263e-06,626.2,576.11,688.83,WARNING,s_thermal,s_imbalance,s_ISC
2026-04-02,4,ESS-04 Summer Thermal Stress,96.193,0.8847,0.0706,0.5599,13.22,2.229,402,0.819,-1.774,0.6,1.332,0.112,0.573,3.2076233667272357e-06,2.760828250637514e-06,3.726724730683986e-06,629.06,578.73,691.96,WARNING,s_thermal,s_imbalance,s_ISC
2026-04-03,4,ESS-04 Summer Thermal Stress,96.195,0.8213,0.1729,0.5498,10.38,2.303,403,0.959,-2.52,0.249,1.192,0.084,0.497,3.105186791643216e-06,2.672660195856755e-06,3.607710531631935e-06,598.8,550.9,658.68,NORMAL,s_thermal,s_imbalance,s_ISC
2026-04-04,4,ESS-04 Summer Thermal Stress,96.24,0.8868,0.2695,0.5139,10.43,1.988,415,0.659,-2.338,0.403,1.245,0.231,0.508,3.1194526143645835e-06,2.684938913909471e-06,3.6242850362738162e-06,603.08,554.83,663.38,WARNING,s_thermal,s_imbalance,s_ISC
2026-04-05,4,ESS-04 Summer Thermal Stress,96.176,0.8302,0.1756,0.5307,9.1,2.426,402,0.465,-2.611,0.018,1.317,0.221,0.404,2.984046953615477e-06,2.568394082566851e-06,3.4669662583487398e-06,561.71,516.77,617.88,NORMAL,s_thermal,s_imbalance,s_ISC
2026-04-06,4,ESS-04 Summer Thermal Stress,96.07,0.7705,0.174,0.5115,8.73,2.313,409,1.232,-2.752,0.143,1.768,0.076,0.644,3.3069421869541026e-06,2.8463128289869028e-06,3.8421166153155704e-06,657.48,604.89,723.23,WARNING,s_thermal,s_imbalance,s_ISC
2026-04-07,4,ESS-04 Summer Thermal Stress,96.219,0.8698,0.2962,0.5811,10.59,2.276,398,1.254,-2.383,0.512,1.492,-0.138,0.652,3.318148803087846e-06,2.8559584617831525e-06,3.85513683172502e-06,660.64,607.79,726.7,WARNING,s_thermal,s_imbalance,s_ISC
2026-04-08,4,ESS-04 Summer Thermal Stress,96.211,0.9202,0.2339,0.5523,13.01,2.367,413,1.157,-1.765,0.849,1.629,0.244,0.776,3.4997164423461077e-06,3.0122353255654837e-06,4.066088099630493e-06,710.3,653.48,781.33,WARNING,s_thermal,s_imbalance,s_ISC
2026-04-09,4,ESS-04 Summer Thermal Stress,96.151,0.7793,0.2075,0.4782,13.34,2.604,412,1.333,-2.2,-0.036,1.61,-0.163,0.589,3.229752381977135e-06,2.779874887652175e-06,3.752434951574572e-06,635.47,584.63,699.01,WARNING,s_thermal,s_imbalance,s_ISC
2026-04-10,4,ESS-04 Summer Thermal Stress,96.218,0.7144,0.468,0.5384,15.12,2.151,407,0.942,-1.778,0.276,1.213,0.194,0.525,3.1425415982637473e-06,2.704811803853073e-06,3.651110581212516e-06,609.95,561.15,670.95,WARNING,s_thermal,s_imbalance,s_ISC
2026-04-11,4,ESS-04 Summer Thermal Stress,96.236,1.0,0.1924,0.5433,11.71,2.385,417,1.378,-2.305,1.778,2.025,0.024,1.041,3.92155466842871e-06,3.3753152268400408e-06,4.556193606960387e-06,816.39,751.08,898.03,WARNING,s_thermal,s_imbalance,s_overcharge
2026-04-12,4,ESS-04 Summer Thermal Stress,96.138,0.8193,0.3826,0.5339,14.71,2.379,407,0.506,-1.958,-0.249,1.831,0.162,0.5,3.109132780052831e-06,2.676056542495686e-06,3.6122951114769683e-06,599.99,551.99,659.99,NORMAL,s_thermal,s_imbalance,s_ISC
2026-04-13,4,ESS-04 Summer Thermal Stress,96.2,0.9999,0.2722,0.5991,11.89,2.494,408,1.408,-2.157,1.648,1.801,-0.115,0.971,3.806270955851843e-06,3.2760895090642748e-06,4.422253209569241e-06,788.57,725.49,867.43,WARNING,s_thermal,s_imbalance,s_overcharge
2026-04-14,4,ESS-04 Summer Thermal Stress,96.086,0.6912,0.3768,0.5374,15.95,2.046,411,0.819,-1.694,0.221,1.356,-0.003,0.479,3.0813159272668653e-06,2.652114334778878e-06,3.5799765717628818e-06,591.61,544.28,650.77,NORMAL,s_thermal,s_imbalance,s_ISC
2026-04-15,4,ESS-04 Summer Thermal Stress,96.102,0.8291,0.223,0.5412,17.12,2.256,417,1.246,-1.39,0.594,1.311,-0.14,0.63,3.287648354835085e-06,2.8297064585320838e-06,3.819700404409516e-06,652.03,599.87,717.23,WARNING,s_thermal,s_imbalance,s_ISC
2026-04-16,4,ESS-04 Summer Thermal Stress,96.085,0.9073,0.2312,0.5784,13.22,2.74,431,0.952,-1.947,0.718,1.891,-0.06,0.712,3.4057696359878756e-06,2.931374482194954e-06,3.956937604989062e-06,684.93,630.14,753.43,WARNING,s_thermal,s_imbalance,s_ISC
2026-04-17,4,ESS-04 Summer Thermal Stress,96.031,0.8909,0.2496,0.5556,16.85,2.721,423,1.575,-1.364,0.446,1.815,0.017,0.77,3.4917497747611987e-06,3.005378344551919e-06,4.056832162902626e-06,708.18,651.52,778.99,WARNING,s_imbalance,s_ISC,s_thermal
2026-04-18,4,ESS-04 Summer Thermal Stress,96.084,0.7879,0.1719,0.538,13.69,2.517,424,1.609,-1.695,0.17,1.864,0.172,0.763,3.480601996776078e-06,2.9957833538021244e-06,4.0438803073236074e-06,705.2,648.78,775.71,WARNING,s_imbalance,s_thermal,s_ISC
2026-04-19,4,ESS-04 Summer Thermal Stress,96.104,0.9384,0.2848,0.565,13.33,2.659,414,1.313,-2.309,0.878,1.858,-0.169,0.81,3.5512068896552125e-06,3.056553607800755e-06,4.1259113962243706e-06,723.92,666.0,796.31,WARNING,s_thermal,s_imbalance,s_ISC
2026-04-20,4,ESS-04 Summer Thermal Stress,96.111,0.7933,0.1398,0.5244,18.17,2.762,429,1.701,-1.533,0.141,1.477,0.02,0.668,3.341300949686241e-06,2.875885717516436e-06,3.8820357594459926e-06,667.12,613.75,733.83,WARNING,s_ISC,s_thermal,s_imbalance
2026-04-21,4,ESS-04 Summer Thermal Stress,96.066,0.9716,0.1936,0.5205,15.72,2.533,427,1.14,-1.846,1.065,2.061,-0.38,0.853,3.618054192243513e-06,3.1140896717977054e-06,4.203576791295579e-06,741.3,682.0,815.43,WARNING,s_imbalance,s_thermal,s_ISC
2026-04-22,4,ESS-04 Summer Thermal Stress,96.048,0.8166,0.2692,0.4825,16.43,2.408,427,0.949,-1.519,0.212,1.468,-0.153,0.526,3.1438183801220304e-06,2.7059107411449253e-06,3.6525939885868217e-06,610.33,561.5,671.36,WARNING,s_thermal,s_imbalance,s_ISC
2026-04-23,4,ESS-04 Summer Thermal Stress,96.108,0.9157,0.2682,0.5645,17.45,2.439,436,1.01,-1.537,0.89,1.44,0.289,0.726,3.4254392571439734e-06,2.9483042981265394e-06,3.979790419125379e-06,690.3,635.08,759.33,WARNING,s_thermal,s_imbalance,s_ISC
2026-04-24,4,ESS-04 Summer Thermal Stress,95.94,0.8937,0.2413,0.5727,16.55,2.673,431,1.232,-1.656,0.884,1.765,-0.061,0.776,3.5000904153097123e-06,3.0125572073920658e-06,4.066522593733265e-06,710.4,653.57,781.44,WARNING,s_imbalance,s_thermal,s_ISC
2026-04-25,4,ESS-04 Summer Thermal Stress,96.071,0.752,0.2605,0.5283,17.17,2.444,432,1.038,-1.588,0.105,1.5,0.227,0.574,3.2092167132180035e-06,2.76219965789711e-06,3.728575933275081e-06,629.52,579.16,692.47,WARNING,s_thermal,s_imbalance,s_ISC
2026-04-26,4,ESS-04 Summer Thermal Stress,96.179,0.8626,0.1992,0.4988,19.41,2.225,435,0.754,-1.11,0.423,1.576,0.127,0.576,3.21227513557624e-06,2.7648320687707136e-06,3.7321293094068762e-06,630.41,579.98,693.45,WARNING,s_imbalance,s_thermal,s_ISC
2026-04-27,4,ESS-04 Summer Thermal Stress,96.073,0.8207,0.127,0.5177,20.87,2.528,432,0.755,-1.421,-0.12,1.7,-0.03,0.491,3.0971310772459923e-06,2.665726572229074e-06,3.5983511361900716e-06,596.38,548.67,656.02,NORMAL,s_imbalance,s_thermal,s_ISC
2026-04-28,4,ESS-04 Summer Thermal Stress,95.999,0.8014,0.2225,0.4894,21.98,2.264,435,1.129,-1.209,0.267,1.139,0.3,0.567,3.199886714349581e-06,2.754169246281978e-06,3.7177360323484146e-06,626.81,576.66,689.49,WARNING,s_thermal,s_imbalance,s_ISC
2026-04-29,4,ESS-04 Summer Thermal Stress,96.028,0.9198,0.2283,0.554,16.57,2.484,436,1.393,-1.617,0.687,1.337,-0.054,0.683,3.3636276752492615e-06,2.8951025262433823e-06,3.907975685586021e-06,673.33,619.46,740.66,WARNING,s_thermal,s_ISC,s_imbalance
2026-04-30,4,ESS-04 Summer Thermal Stress,95.961,0.7923,0.3022,0.5136,22.29,2.548,438,1.768,-1.063,0.377,1.689,0.072,0.781,3.5080498839753105e-06,3.0194079922482353e-06,4.075770166494676e-06,712.52,655.52,783.77,WARNING,s_ISC,s_imbalance,s_thermal
2025-05-01,5,ESS-05 Cell Imbalance Drift,98.975,0.8169,0.1125,0.5164,23.91,1.06,1,-0.914,-0.402,0.089,-0.244,-0.009,0.018,2.528090836183806e-06,2.17594871407536e-06,2.9372213004956813e-06,407.14,374.57,447.85,NORMAL,s_ISC,s_thermal,s_imbalance
2025-05-02,5,ESS-05 Cell Imbalance Drift,99.049,1.0,0.2349,0.5458,21.27,0.968,0,-0.805,-1.673,1.47,-0.34,0.2,0.334,2.8954170625120137e-06,2.4921095658702752e-06,3.3639931139142838e-06,533.6,490.91,586.96,NORMAL,s_thermal,s_overcharge,s_ISC
2025-05-03,5,ESS-05 Cell Imbalance Drift,98.989,0.8651,0.3883,0.5789,22.19,1.098,3,-0.43,-0.923,0.284,-0.312,-0.033,0.057,2.5706193429324453e-06,2.212553365056333e-06,2.98663233515703e-06,422.69,388.87,464.96,NORMAL,s_thermal,s_ISC,s_imbalance
2025-05-04,5,ESS-05 Cell Imbalance Drift,99.041,0.8123,0.3736,0.6052,22.81,1.066,0,0.195,-1.19,-0.001,-0.285,0.094,0.058,2.5719043088048074e-06,2.2136593462243373e-06,2.9881252512658185e-06,423.15,389.3,465.47,NORMAL,s_thermal,s_imbalance,s_ISC
2025-05-05,5,ESS-05 Cell Imbalance Drift,99.001,0.8918,0.1806,0.5567,25.77,1.317,6,-0.116,-0.552,0.218,0.269,0.055,0.108,2.628161194293688e-06,2.2620801313659546e-06,3.0534863722114683e-06,443.32,407.86,487.66,NORMAL,s_thermal,s_imbalance,s_overcharge
2025-05-06,5,ESS-05 Cell Imbalance Drift,99.001,0.8282,0.1657,0.5298,22.85,1.013,10,-0.792,-0.997,0.211,-0.647,0.113,0.065,2.5794235229127066e-06,2.2201311984272587e-06,2.996861324411854e-06,425.88,391.81,468.46,NORMAL,s_thermal,s_ISC,s_imbalance
2025-05-07,5,ESS-05 Cell Imbalance Drift,99.012,0.903,0.2838,0.5369,22.23,1.271,1,-0.126,-1.372,0.505,0.114,0.138,0.151,2.6771753568438366e-06,2.3042670432064068e-06,3.1104326557476386e-06,460.55,423.71,506.6,NORMAL,s_thermal,s_overcharge,s_thermal_mag
2025-05-08,5,ESS-05 Cell Imbalance Drift,98.999,0.8421,0.2478,0.5554,24.8,1.343,4,-0.325,-0.583,-0.157,-0.14,-0.065,0.0,2.5088087757435583e-06,2.1593524792086137e-06,2.914818760667119e-06,400.0,368.0,440.0,NORMAL,s_thermal,s_ISC,s_overcharge
2025-05-09,5,ESS-05 Cell Imbalance Drift,98.962,0.9168,0.373,0.6103,24.3,0.918,14,-0.82,-0.397,0.673,-0.381,0.176,0.17,2.6984885678373177e-06,2.322611507647822e-06,3.1351950525598976e-06,467.94,430.51,514.74,NORMAL,s_ISC,s_overcharge,s_thermal
2025-05-10,5,ESS-05 Cell Imbalance Drift,98.939,0.8844,0.2072,0.5687,22.25,1.038,11,-0.601,-1.02,0.158,-0.252,0.005,0.033,2.5440887566566765e-06,2.189718261560952e-06,2.9558082170563885e-06,413.02,379.98,454.32,NORMAL,s_thermal,s_ISC,s_imbalance
2025-05-11,5,ESS-05 Cell Imbalance Drift,98.958,0.7404,0.1249,0.4552,24.58,0.877,8,-0.454,-0.548,-0.313,-0.557,0.108,0.022,2.532165349659367e-06,2.1794556827957252e-06,2.9419552058973425e-06,408.64,375.95,449.5,NORMAL,s_imbalance,s_thermal,s_ISC
2025-05-12,5,ESS-05 Cell Imbalance Drift,99.011,0.9061,0.4163,0.6465,23.48,1.327,15,0.085,-0.879,0.27,0.371,-0.148,0.145,2.6700208061196702e-06,2.29810905974378e-06,3.1021202609181767e-06,458.05,421.41,503.86,NORMAL,s_thermal,s_imbalance,s_overcharge
2025-05-13,5,ESS-05 Cell Imbalance Drift,98.937,0.7292,0.248,0.4699,23.11,1.038,8,-0.54,-0.836,-0.115,-0.305,-0.212,0.0,2.5088087757435583e-06,2.1593524792086137e-06,2.914818760667119e-06,400.0,368.0,440.0,NORMAL,s_thermal,s_ISC,s_imbalance
2025-05-14,5,ESS-05 Cell Imbalance Drift,98.976,0.8156,0.2575,0.5514,25.51,0.907,21,-1.004,-0.848,0.044,-0.283,-0.381,0.009,2.5183635500347695e-06,2.167576355412727e-06,2.9259198155887156e-06,403.54,371.26,443.9,NORMAL,s_ISC,s_thermal,s_thermal_mag
2025-05-15,5,ESS-05 Cell Imbalance Drift,98.882,0.8917,0.3426,0.6092,26.01,0.918,18,-0.725,-0.424,0.146,0.004,0.185,0.067,2.5821837693349494e-06,2.222506966247889e-06,3.000068270544742e-06,426.87,392.72,469.56,NORMAL,s_ISC,s_thermal,s_thermal_mag
2025-05-16,5,ESS-05 Cell Imbalance Drift,98.91,0.8307,0.1718,0.514,24.74,1.114,20,-0.388,-0.875,0.198,-0.142,-0.169,0.04,2.551765442345236e-06,2.1963256508556055e-06,2.9647272460046397e-06,415.83,382.56,457.41,NORMAL,s_thermal,s_ISC,s_overcharge
2025-05-17,5,ESS-05 Cell Imbalance Drift,98.97,0.9578,0.3401,0.6015,21.23,1.231,27,-0.557,-0.877,1.192,0.094,0.198,0.297,2.849590778628648e-06,2.452666486238265e-06,3.3107506175832385e-06,518.73,477.23,570.6,NORMAL,s_overcharge,s_thermal,s_ISC
2025-05-18,5,ESS-05 Cell Imbalance Drift,98.996,0.8546,0.4017,0.5606,24.69,0.984,20,-0.16,-0.641,0.029,-0.233,0.1,0.026,2.5368473131043947e-06,2.183485488923528e-06,2.947394866888606e-06,410.36,377.53,451.4,NORMAL,s_thermal,s_imbalance,s_ISC
2025-05-19,5,ESS-05 Cell Imbalance Drift,98.887,0.8193,0.2668,0.5994,25.84,1.404,22,0.708,-0.702,0.379,0.369,-0.111,0.291,2.842846205225605e-06,2.4468613735097446e-06,3.3029145484698225e-06,516.52,475.2,568.17,NORMAL,s_ISC,s_thermal,s_overcharge
2025-05-20,5,ESS-05 Cell Imbalance Drift,98.826,0.7617,0.1647,0.5572,25.59,1.163,26,-0.819,-0.459,0.444,-0.077,-0.261,0.089,2.606246657397245e-06,2.243218100907009e-06,3.0280253343998617e-06,435.52,400.68,479.07,NORMAL,s_ISC,s_thermal,s_overcharge
2025-05-21,5,ESS-05 Cell Imbalance Drift,98.922,0.9697,0.2319,0.5747,26.44,1.203,29,-0.41,-0.893,1.132,0.13,-0.117,0.252,2.7957797638744217e-06,2.4063508801992705e-06,3.248231195124471e-06,500.96,460.88,551.05,NORMAL,s_overcharge,s_thermal,s_ISC
2025-05-22,5,ESS-05 Cell Imbalance Drift,98.859,0.8132,0.1806,0.522,24.57,1.031,26,-0.373,-0.533,0.461,-0.537,-0.002,0.092,2.6100593229499367e-06,2.246499694944024e-06,3.032455016055614e-06,436.88,401.93,480.57,NORMAL,s_imbalance,s_thermal,s_overcharge
2025-05-23,5,ESS-05 Cell Imbalance Drift,98.863,0.8856,0.3634,0.5733,27.23,1.361,32,-0.212,-0.661,0.663,0.027,0.26,0.19,2.7219899124730435e-06,2.342839317705095e-06,3.162499695555685e-06,476.02,437.94,523.63,NORMAL,s_overcharge,s_thermal,s_thermal_mag
2025-05-24,5,ESS-05 Cell Imbalance Drift,98.916,0.8164,0.2094,0.5251,24.72,1.268,27,0.158,-0.61,-0.197,-0.015,-0.137,0.032,2.542976412774686e-06,2.1887608576307913e-06,2.954515858908552e-06,412.61,379.6,453.87,NORMAL,s_thermal,s_overcharge,s_ISC
2025-05-25,5,ESS-05 Cell Imbalance Drift,98.955,0.8075,0.2372,0.5749,24.77,1.086,38,-0.599,-0.831,-0.235,-0.45,0.037,0.007,2.5168533809594066e-06,2.1662765399321666e-06,2.924165250874393e-06,402.98,370.75,443.28,NORMAL,s_thermal,s_ISC,s_imbalance
2025-05-26,5,ESS-05 Cell Imbalance Drift,98.77,0.7815,0.4367,0.5667,25.79,1.17,29,-0.747,-0.4,-0.124,-0.035,0.119,0.024,2.534511197049821e-06,2.181474773781133e-06,2.9446806894889935e-06,409.5,376.74,450.45,NORMAL,s_ISC,s_thermal,s_overcharge
2025-05-27,5,ESS-05 Cell Imbalance Drift,98.934,0.9318,0.2454,0.5644,26.95,1.09,22,-0.685,-0.341,1.142,-0.005,-0.007,0.228,2.767148713732443e-06,2.3817078878734937e-06,3.214966690611369e-06,491.36,452.05,540.5,NORMAL,s_overcharge,s_ISC,s_thermal
2025-05-28,5,ESS-05 Cell Imbalance Drift,98.828,0.9571,0.1732,0.5498,23.84,1.528,30,-0.178,-0.78,0.97,0.197,-0.019,0.233,2.772888890594216e-06,2.386648507697104e-06,3.2216358186693673e-06,493.29,453.83,542.62,NORMAL,s_overcharge,s_thermal,s_imbalance
2025-05-29,5,ESS-05 Cell Imbalance Drift,98.898,0.8249,0.3892,0.5247,24.13,1.388,29,-0.045,-0.873,0.013,0.154,-0.159,0.034,2.5451468843627637e-06,2.190629001163272e-06,2.9570375850459775e-06,413.41,380.33,454.75,NORMAL,s_thermal,s_thermal_mag,s_imbalance
2025-05-30,5,ESS-05 Cell Imbalance Drift,98.94,0.8433,0.2952,0.6209,26.63,1.037,32,-0.18,-0.297,-0.125,-0.158,-0.02,0.0,2.5088087757435583e-06,2.1593524792086137e-06,2.914818760667119e-06,400.0,368.0,440.0,NORMAL,s_thermal,s_ISC,s_imbalance
2025-05-31,5,ESS-05 Cell Imbalance Drift,98.856,0.9753,0.1933,0.5517,26.77,1.408,38,0.068,-0.55,1.252,0.274,0.07,0.333,2.8939352995711693e-06,2.49083419965945e-06,3.3622715526029626e-06,533.12,490.47,586.44,NORMAL,s_overcharge,s_thermal,s_imbalance
2025-06-01,5,ESS-05 Cell Imbalance Drift,98.915,0.9496,0.2484,0.5896,24.37,1.236,32,-0.325,-0.477,1.302,0.016,0.046,0.273,2.8205563745044857e-06,2.427676323280466e-06,3.2770174836089148e-06,509.18,468.45,560.1,NORMAL,s_overcharge,s_thermal,s_ISC
2025-06-02,5,ESS-05 Cell Imbalance Drift,98.944,0.9525,0.2075,0.5845,25.1,0.836,37,-0.625,-0.485,1.39,-0.575,0.155,0.309,2.8644870830128843e-06,2.465487864445892e-06,3.3280576381025636e-06,523.59,481.7,575.95,NORMAL,s_overcharge,s_ISC,s_imbalance
2025-06-03,5,ESS-05 Cell Imbalance Drift,98.867,0.8413,0.1646,0.5666,25.8,1.89,37,0.896,-0.378,-0.348,0.978,-0.135,0.375,2.946663529718103e-06,2.5362178448514963e-06,3.4235329580412897e-06,549.96,505.96,604.95,NORMAL,s_imbalance,s_ISC,s_thermal
2025-06-04,5,ESS-05 Cell Imbalance Drift,98.817,0.8927,0.2374,0.5901,25.31,1.541,37,-0.075,-0.134,0.453,0.334,-0.032,0.157,2.6842062364475902e-06,2.3103185818819164e-06,3.1186013653401556e-06,462.99,425.95,509.29,NORMAL,s_overcharge,s_imbalance,s_thermal
2025-06-05,5,ESS-05 Cell Imbalance Drift,98.787,0.8257,0.2667,0.5555,24.8,1.399,30,-0.394,-0.378,-0.159,0.415,-0.18,0.083,2.5997393185477025e-06,2.2376171783923853e-06,3.0204648916651525e-06,433.19,398.53,476.51,NORMAL,s_imbalance,s_ISC,s_thermal
2025-06-06,5,ESS-05 Cell Imbalance Drift,98.763,0.7767,0.2013,0.5109,26.13,1.397,43,-0.544,-0.167,0.288,0.325,-0.138,0.123,2.6444241472369702e-06,2.2760777949647526e-06,3.072381211706168e-06,449.08,413.15,493.98,NORMAL,s_ISC,s_imbalance,s_overcharge
2025-06-07,5,ESS-05 Cell Imbalance Drift,98.839,0.7669,0.2818,0.5204,26.57,1.372,48,-0.221,-0.342,0.232,0.211,0.142,0.117,2.6380282678232577e-06,2.2705728064865283e-06,3.0649502663435363e-06,446.82,411.07,491.5,NORMAL,s_thermal,s_overcharge,s_ISC
2025-06-08,5,ESS-05 Cell Imbalance Drift,98.882,0.8924,0.3306,0.6328,24.37,1.339,50,-0.043,-0.594,0.541,0.278,0.208,0.206,2.7401680757570437e-06,2.358485419744491e-06,3.1836196894596196e-06,482.23,443.65,530.45,NORMAL,s_thermal,s_overcharge,s_imbalance
2025-06-09,5,ESS-05 Cell Imbalance Drift,98.79,0.9028,0.2176,0.5686,28.21,1.155,40,-1.123,-0.355,0.576,0.108,-0.18,0.137,2.6605486045330657e-06,2.289956254230379e-06,3.0911151422546075e-06,454.74,418.36,500.22,NORMAL,s_ISC,s_overcharge,s_thermal
2025-06-10,5,ESS-05 Cell Imbalance Drift,98.919,0.9906,0.1725,0.4901,24.54,1.569,42,0.743,-0.768,1.204,0.066,0.076,0.418,3.001551590865528e-06,2.5834604760339416e-06,3.4873037256119884e-06,567.16,521.79,623.88,NORMAL,s_overcharge,s_thermal,s_ISC
2025-06-11,5,ESS-05 Cell Imbalance Drift,98.826,0.7801,0.0,0.4511,26.42,1.33,51,-0.042,-0.184,0.123,0.594,-0.064,0.143,2.6680809341605072e-06,2.2964393952337985e-06,3.09986645319655e-06,457.38,420.79,503.12,NORMAL,s_imbalance,s_thermal,s_overcharge
2025-06-12,5,ESS-05 Cell Imbalance Drift,98.814,0.8916,0.3492,0.5695,28.41,1.486,50,-0.211,-0.144,0.742,0.277,0.167,0.237,2.7775256749384874e-06,2.3906394280526748e-06,3.2270229886576763e-06,494.85,455.26,544.34,NORMAL,s_overcharge,s_imbalance,s_ISC
2025-06-13,5,ESS-05 Cell Imbalance Drift,98.878,0.7736,0.0934,0.48,30.27,1.68,62,0.432,0.274,0.185,0.422,0.127,0.288,2.8387831792795004e-06,2.4433642919019003e-06,3.2981939901370144e-06,515.19,473.97,566.71,NORMAL,s_ISC,s_imbalance,s_thermal
2025-06-14,5,ESS-05 Cell Imbalance Drift,98.834,0.6712,0.2462,0.532,29.08,1.462,65,0.213,0.105,0.226,0.663,-0.063,0.241,2.782393263792443e-06,2.3948290038498584e-06,3.232678314979144e-06,496.48,456.77,546.13,NORMAL,s_imbalance,s_overcharge,s_ISC
2025-06-15,5,ESS-05 Cell Imbalance Drift,98.838,0.7299,0.2382,0.5309,29.12,1.863,55,0.447,0.007,0.045,0.636,0.131,0.253,2.796409260808225e-06,2.406892693653374e-06,3.24896256555596e-06,501.17,461.07,551.29,NORMAL,s_imbalance,s_ISC,s_thermal_mag
2025-06-16,5,ESS-05 Cell Imbalance Drift,98.821,0.8121,0.3942,0.5568,27.75,1.497,50,-0.374,-0.354,0.361,-0.148,-0.008,0.072,2.5877845659240387e-06,2.2273276200179745e-06,3.0065754623640762e-06,428.89,394.58,471.78,NORMAL,s_ISC,s_overcharge,s_thermal
2025-06-17,5,ESS-05 Cell Imbalance Drift,98.784,0.8002,0.2388,0.5129,28.14,1.615,58,0.497,-0.555,0.466,0.652,-0.194,0.323,2.8816732417853563e-06,2.480280140225117e-06,3.348025087297142e-06,529.17,486.83,582.08,NORMAL,s_imbalance,s_thermal,s_ISC
2025-06-18,5,ESS-05 Cell Imbalance Drift,98.872,0.8467,0.2656,0.5901,25.81,1.463,59,-0.282,-0.66,-0.298,0.185,-0.348,0.037,2.5489136872276914e-06,2.1938711207352205e-06,2.9614139819921834e-06,414.78,381.6,456.26,NORMAL,s_thermal,s_thermal_mag,s_overcharge
2025-06-19,5,ESS-05 Cell Imbalance Drift,98.833,0.8161,0.2327,0.5378,27.43,1.513,58,-0.361,-0.435,0.259,0.53,-0.107,0.158,2.6846159276265926e-06,2.3106712066112593e-06,3.119077358167293e-06,463.14,426.09,509.45,NORMAL,s_imbalance,s_thermal,s_ISC
2025-06-20,5,ESS-05 Cell Imbalance Drift,98.862,0.7173,0.1788,0.4494,29.57,1.726,56,0.159,0.232,-0.11,0.387,0.401,0.236,2.7757521128087247e-06,2.3891129078000976e-06,3.22496240529558e-06,494.26,454.72,543.68,NORMAL,s_thermal_mag,s_imbalance,s_thermal
2025-06-21,5,ESS-05 Cell Imbalance Drift,98.73,0.8014,0.2301,0.5479,25.56,1.723,61,-0.091,-0.509,0.021,0.552,-0.126,0.115,2.6353287401531944e-06,2.268249299781624e-06,3.0618138653339002e-06,445.86,410.19,490.45,NORMAL,s_imbalance,s_thermal,s_thermal_mag
2025-06-22,5,ESS-05 Cell Imbalance Drift,98.782,0.7153,0.1718,0.4745,28.8,1.469,67,0.335,-0.211,0.044,0.308,-0.186,0.137,2.6610401109018403e-06,2.2903792979960306e-06,3.091686190692573e-06,454.91,418.52,500.41,NORMAL,s_ISC,s_imbalance,s_thermal
2025-06-23,5,ESS-05 Cell Imbalance Drift,98.765,0.8138,0.3028,0.4913,29.36,1.479,56,0.209,-0.528,0.088,0.318,-0.123,0.123,2.6449019982725736e-06,2.276489085465662e-06,3.072936394927022e-06,449.24,413.3,494.17,NORMAL,s_thermal,s_imbalance,s_ISC
2025-06-24,5,ESS-05 Cell Imbalance Drift,98.776,0.8322,0.1913,0.5477,28.81,1.202,69,-0.448,-0.197,-0.375,0.061,-0.056,0.012,2.521967795797491e-06,2.170678560667688e-06,2.930107348319291e-06,404.88,372.49,445.36,NORMAL,s_ISC,s_overcharge,s_thermal
2025-06-25,5,ESS-05 Cell Imbalance Drift,98.856,0.8415,0.212,0.5474,27.33,1.564,64,-0.225,-0.093,-0.102,1.0,0.185,0.237,2.7773280161735054e-06,2.3904693014454095e-06,3.226793342142589e-06,494.79,455.2,544.26,NORMAL,s_imbalance,s_ISC,s_thermal_mag
2025-06-26,5,ESS-05 Cell Imbalance Drift,98.77,0.8355,0.2775,0.5995,27.44,1.433,71,-0.307,-0.387,0.086,-0.354,-0.066,0.017,2.5273196823430627e-06,2.1752849753461917e-06,2.9363253482901077e-06,406.85,374.3,447.54,NORMAL,s_thermal,s_imbalance,s_ISC
2025-06-27,5,ESS-05 Cell Imbalance Drift,98.763,0.9366,0.2385,0.5936,31.22,1.764,67,-0.109,-0.128,0.981,0.345,0.208,0.307,2.8619480817875076e-06,2.4633025240959282e-06,3.3251077422703586e-06,522.76,480.94,575.04,NORMAL,s_overcharge,s_imbalance,s_thermal_mag
2025-06-28,5,ESS-05 Cell Imbalance Drift,98.685,0.7821,0.1985,0.5345,27.53,1.324,74,-0.594,0.062,-0.185,0.12,0.199,0.076,2.5919840339284497e-06,2.230942138233989e-06,3.011454544002884e-06,430.4,395.97,473.44,NORMAL,s_ISC,s_thermal_mag,s_overcharge
2025-06-29,5,ESS-05 Cell Imbalance Drift,98.823,0.8854,0.398,0.6037,28.17,1.212,70,-0.73,-0.047,0.404,-0.058,-0.25,0.081,2.5972962534837036e-06,2.2355144112826717e-06,3.017626457403875e-06,432.31,397.73,475.54,NORMAL,s_ISC,s_overcharge,s_thermal_mag
2025-06-30,5,ESS-05 Cell Imbalance Drift,98.772,0.6462,0.1734,0.5385,29.75,1.705,64,0.793,-0.498,-0.169,0.374,0.167,0.267,2.813081897691088e-06,2.42124297641919e-06,3.2683333884180575e-06,506.71,466.17,557.38,NORMAL,s_ISC,s_thermal,s_imbalance
2025-07-01,5,ESS-05 Cell Imbalance Drift,98.728,0.7929,0.2109,0.5283,27.58,1.363,63,-0.434,-0.027,0.297,0.267,-0.353,0.113,2.6330375152048734e-06,2.2662772227456287e-06,3.059151844000793e-06,445.05,409.45,489.56,NORMAL,s_ISC,s_thermal_mag,s_overcharge
2025-07-02,5,ESS-05 Cell Imbalance Drift,98.735,0.7761,0.174,0.4858,31.03,1.36,75,0.152,0.171,0.047,-0.251,0.076,0.089,2.6066083510758667e-06,2.243529413767268e-06,3.0284455621465507e-06,435.65,400.8,479.21,NORMAL,s_imbalance,s_thermal,s_ISC
2025-07-03,5,ESS-05 Cell Imbalance Drift,98.817,0.7382,0.1605,0.4979,29.51,1.449,78,-0.218,-0.211,-0.011,0.289,0.002,0.058,2.572278967829667e-06,2.213981818466539e-06,2.9885605425878653e-06,423.29,389.43,465.62,NORMAL,s_imbalance,s_ISC,s_thermal
2025-07-04,5,ESS-05 Cell Imbalance Drift,98.747,0.9208,0.2782,0.6407,31.74,1.36,82,-0.023,0.592,0.894,0.343,0.41,0.448,3.040105704258623e-06,2.6166443368814017e-06,3.5320971709534467e-06,579.06,532.73,636.96,NORMAL,s_overcharge,s_thermal,s_thermal_mag
2025-07-05,5,ESS-05 Cell Imbalance Drift,98.692,0.7216,0.1234,0.4647,31.04,1.435,79,-0.559,0.258,0.113,0.171,0.256,0.16,2.6866053839738973e-06,2.312383548839254e-06,3.1213887746668115e-06,463.83,426.72,510.21,NORMAL,s_ISC,s_thermal,s_thermal_mag
2025-07-06,5,ESS-05 Cell Imbalance Drift,98.676,0.8048,0.2459,0.5512,28.69,1.477,83,0.115,0.051,-0.092,0.321,-0.15,0.097,2.6158862230398376e-06,2.251514957980006e-06,3.039224902383473e-06,438.96,403.84,482.86,NORMAL,s_imbalance,s_thermal_mag,s_ISC
2025-07-07,5,ESS-05 Cell Imbalance Drift,98.682,0.8262,0.1656,0.5842,28.18,1.483,74,-0.096,-0.189,-0.181,0.395,0.037,0.086,2.603541885369944e-06,2.2408900803592974e-06,3.024882840289277e-06,434.55,399.79,478.01,NORMAL,s_imbalance,s_thermal,s_overcharge
2025-07-08,5,ESS-05 Cell Imbalance Drift,98.811,0.8484,0.2383,0.5224,29.55,1.963,79,0.561,-0.071,0.245,0.975,-0.245,0.356,2.9231986649885887e-06,2.51602143209998e-06,3.3962707005951952e-06,542.5,499.1,596.75,NORMAL,s_imbalance,s_ISC,s_overcharge
2025-07-09,5,ESS-05 Cell Imbalance Drift,98.744,0.8406,0.1738,0.548,31.21,1.774,74,0.476,0.343,0.153,0.619,0.094,0.337,2.8991376603284575e-06,2.4953119166726874e-06,3.36831582780719e-06,534.8,492.02,588.28,NORMAL,s_imbalance,s_ISC,s_thermal
2025-07-10,5,ESS-05 Cell Imbalance Drift,98.768,0.8399,0.0547,0.5334,28.79,1.714,84,-0.21,0.131,-0.043,0.439,0.113,0.137,2.660273390633691e-06,2.2897193752564023e-06,3.0907953895975756e-06,454.65,418.27,500.11,NORMAL,s_imbalance,s_ISC,s_thermal
2025-07-11,5,ESS-05 Cell Imbalance Drift,98.748,0.7227,0.2492,0.5268,30.39,1.779,88,0.715,-0.324,0.067,0.959,0.251,0.398,2.976541423897528e-06,2.5619340079077608e-06,3.4582460853243306e-06,559.36,514.61,615.3,NORMAL,s_imbalance,s_ISC,s_thermal
2025-07-12,5,ESS-05 Cell Imbalance Drift,98.677,0.8085,0.1471,0.4898,30.52,1.998,84,0.339,-0.286,-0.097,1.179,-0.167,0.304,2.8578769436707994e-06,2.459798460253971e-06,3.3203777589778652e-06,521.44,479.72,573.58,NORMAL,s_imbalance,s_ISC,s_thermal
2025-07-13,5,ESS-05 Cell Imbalance Drift,98.707,0.7954,0.3686,0.5586,27.59,1.729,87,0.374,0.016,0.618,0.869,-0.031,0.375,2.9471883832677346e-06,2.5366695908589873e-06,3.4241427502860323e-06,550.12,506.11,605.13,NORMAL,s_imbalance,s_overcharge,s_ISC
2025-07-14,5,ESS-05 Cell Imbalance Drift,98.657,0.9694,0.2157,0.6039,26.84,1.667,81,0.802,0.382,1.3,0.73,0.301,0.703,3.3924054960815184e-06,2.9198718494872884e-06,3.941410706703594e-06,681.27,626.77,749.4,WARNING,s_overcharge,s_ISC,s_imbalance
2025-07-15,5,ESS-05 Cell Imbalance Drift,98.737,0.8641,0.2434,0.4825,29.25,1.938,91,0.444,-0.031,0.163,0.733,-0.049,0.268,2.8144053543451916e-06,2.4223820870107376e-06,3.269871024277206e-06,507.15,466.58,557.86,NORMAL,s_imbalance,s_ISC,s_overcharge
2025-07-16,5,ESS-05 Cell Imbalance Drift,98.684,0.7373,0.2656,0.5056,30.59,1.684,88,1.151,0.267,0.413,0.598,0.158,0.517,3.132354355767601e-06,2.6960435553150397e-06,3.6392747060607687e-06,606.92,558.37,667.62,WARNING,s_ISC,s_imbalance,s_overcharge
2025-07-17,5,ESS-05 Cell Imbalance Drift,98.697,0.8575,0.2045,0.5353,28.82,1.628,90,-0.029,-0.174,0.328,0.693,0.166,0.237,2.7777201701802145e-06,2.390806831788143e-06,3.2272489596864076e-06,494.92,455.32,544.41,NORMAL,s_imbalance,s_overcharge,s_thermal
2025-07-18,5,ESS-05 Cell Imbalance Drift,98.653,1.0,0.3068,0.5898,32.29,1.793,87,0.504,0.311,1.512,0.737,0.076,0.628,3.2845299706283224e-06,2.8270224379146738e-06,3.816077362709598e-06,651.15,599.05,716.26,WARNING,s_overcharge,s_imbalance,s_ISC
2025-07-19,5,ESS-05 Cell Imbalance Drift,98.665,0.9786,0.1149,0.5482,28.98,1.874,99,0.719,-0.091,1.316,0.479,-0.143,0.503,3.11272670664989e-06,2.6791498664653063e-06,3.6164706542588864e-06,601.06,552.98,661.17,WARNING,s_overcharge,s_ISC,s_imbalance
2025-07-20,5,ESS-05 Cell Imbalance Drift,98.738,0.8886,0.2973,0.5588,32.04,1.786,91,0.384,0.133,0.188,0.911,-0.055,0.323,2.88205014383469e-06,2.4806045430857533e-06,3.3484629845957557e-06,529.29,486.95,582.22,NORMAL,s_imbalance,s_ISC,s_overcharge
2025-07-21,5,ESS-05 Cell Imbalance Drift,98.624,0.9439,0.3422,0.5635,28.65,1.847,99,0.315,-0.288,0.62,1.216,-0.187,0.43,3.0174039451738848e-06,2.597104735271503e-06,3.505721515735021e-06,572.07,526.31,629.28,NORMAL,s_imbalance,s_overcharge,s_ISC
2025-07-22,5,ESS-05 Cell Imbalance Drift,98.786,0.739,0.3436,0.4843,28.57,1.936,97,0.479,-0.223,-0.066,0.734,-0.11,0.243,2.7840459843556157e-06,2.3962515147243414e-06,3.2345985005933178e-06,497.04,457.27,546.74,NORMAL,s_imbalance,s_ISC,s_thermal
2025-07-23,5,ESS-05 Cell Imbalance Drift,98.676,0.8467,0.2749,0.5535,29.46,1.736,96,0.545,0.014,-0.27,0.704,0.161,0.285,2.83476783712658e-06,2.4399082521515664e-06,3.2935288324109133e-06,513.87,472.76,565.26,NORMAL,s_imbalance,s_ISC,s_overcharge
2025-07-24,5,ESS-05 Cell Imbalance Drift,98.639,0.7362,0.2732,0.5412,31.47,2.068,98,0.435,-0.286,-0.219,1.316,0.283,0.407,2.9874208060316607e-06,2.5712979866681438e-06,3.4708861118276725e-06,562.76,517.74,619.04,NORMAL,s_imbalance,s_ISC,s_thermal
2025-07-25,5,ESS-05 Cell Imbalance Drift,98.616,0.8858,0.2371,0.5368,28.62,2.229,105,1.003,0.077,0.772,1.141,0.117,0.622,3.27593533154348e-06,2.819624956739887e-06,3.806091827318662e-06,648.7,596.81,713.57,WARNING,s_imbalance,s_ISC,s_overcharge
2025-07-26,5,ESS-05 Cell Imbalance Drift,98.695,0.8305,0.2957,0.5414,29.3,1.791,94,0.656,-0.178,-0.112,0.773,-0.174,0.286,2.83599516929772e-06,2.4409646275754116e-06,3.294954787645912e-06,514.27,473.13,565.7,NORMAL,s_imbalance,s_ISC,s_thermal
2025-07-27,5,ESS-05 Cell Imbalance Drift,98.635,0.9254,0.3557,0.5945,32.35,1.66,108,0.303,0.733,0.29,0.587,0.403,0.463,3.0603710003744777e-06,2.63408685371467e-06,3.5556420626747975e-06,585.25,538.43,643.78,NORMAL,s_thermal,s_imbalance,s_thermal_mag
2025-07-28,5,ESS-05 Cell Imbalance Drift,98.613,0.867,0.2749,0.5383,28.84,2.1,120,0.632,0.175,0.018,1.009,0.137,0.394,2.9709863851438597e-06,2.5571527377821183e-06,3.4517920572927283e-06,557.62,513.01,613.38,NORMAL,s_imbalance,s_ISC,s_thermal
2025-07-29,5,ESS-05 Cell Imbalance Drift,98.73,0.8423,0.1983,0.5449,28.97,1.875,113,0.603,-0.097,-0.062,1.037,-0.285,0.328,2.8879793601608043e-06,2.4857078709732313e-06,3.3553517447233335e-06,531.2,488.71,584.32,NORMAL,s_imbalance,s_ISC,s_thermal_mag
2025-07-30,5,ESS-05 Cell Imbalance Drift,98.619,0.9949,0.2114,0.5535,31.97,1.996,98,0.419,0.332,1.068,0.996,0.198,0.603,3.2491555636019728e-06,2.796575375916219e-06,3.774978208767367e-06,641.05,589.77,705.16,WARNING,s_overcharge,s_imbalance,s_ISC
2025-07-31,5,ESS-05 Cell Imbalance Drift,98.538,0.8217,0.4352,0.5856,27.92,1.961,109,0.269,-0.199,-0.433,1.186,-0.056,0.291,2.8424672522502822e-06,2.4465352054028958e-06,3.302474268331801e-06,516.4,475.09,568.04,NORMAL,s_imbalance,s_overcharge,s_ISC
2025-08-01,5,ESS-05 Cell Imbalance Drift,98.567,0.765,0.1916,0.5416,29.37,1.483,112,0.572,-0.062,-0.415,0.472,0.022,0.213,2.749288069985589e-06,2.3663350775240912e-06,3.1942156016346077e-06,485.33,446.5,533.86,NORMAL,s_ISC,s_imbalance,s_overcharge
2025-08-02,5,ESS-05 Cell Imbalance Drift,98.639,0.9516,0.3754,0.6491,31.28,2.25,109,0.82,0.509,0.793,0.959,0.529,0.722,3.420025645491133e-06,2.9436447549527117e-06,3.973500706698214e-06,688.83,633.72,757.71,WARNING,s_imbalance,s_ISC,s_overcharge
2025-08-03,5,ESS-05 Cell Imbalance Drift,98.682,0.8435,0.1853,0.5438,29.4,1.661,114,0.861,-0.66,-0.033,0.659,0.042,0.312,2.868761923155974e-06,2.4691672563933378e-06,3.333024289154755e-06,524.98,482.98,577.48,NORMAL,s_ISC,s_thermal,s_imbalance
2025-08-04,5,ESS-05 Cell Imbalance Drift,98.654,0.8137,0.1912,0.5592,28.54,2.059,115,0.603,-0.348,-0.231,1.078,-0.161,0.336,2.898033875794658e-06,2.4943618797530365e-06,3.3670334143423644e-06,534.44,491.69,587.89,NORMAL,s_imbalance,s_ISC,s_thermal
2025-08-05,5,ESS-05 Cell Imbalance Drift,98.597,1.0,0.277,0.5767,29.12,2.451,106,0.632,0.3,1.722,1.208,0.097,0.792,3.5236709557715306e-06,3.0328531865126125e-06,4.093919241962474e-06,716.66,659.33,788.33,WARNING,s_overcharge,s_imbalance,s_ISC
2025-08-06,5,ESS-05 Cell Imbalance Drift,98.615,0.7498,0.2065,0.4795,29.19,1.75,108,0.275,0.169,-0.23,0.888,0.265,0.319,2.877291816812253e-06,2.476509009777542e-06,3.3429346024757667e-06,527.75,485.53,580.52,NORMAL,s_imbalance,s_ISC,s_thermal_mag
2025-08-07,5,ESS-05 Cell Imbalance Drift,98.601,0.8524,0.1156,0.4699,30.0,2.077,113,0.581,0.348,0.145,1.191,0.254,0.504,3.114194006918003e-06,2.6804127846052868e-06,3.61817541223681e-06,601.5,553.38,661.65,WARNING,s_imbalance,s_ISC,s_thermal
2025-08-08,5,ESS-05 Cell Imbalance Drift,98.62,0.8579,0.2726,0.5669,31.59,1.825,116,0.233,-0.224,0.016,0.733,0.215,0.239,2.780323309873715e-06,2.393047376620697e-06,3.230273373800516e-06,495.79,456.13,545.37,NORMAL,s_imbalance,s_ISC,s_thermal
2025-08-09,5,ESS-05 Cell Imbalance Drift,98.574,0.8551,0.2648,0.5421,29.96,2.502,115,1.153,0.13,0.122,1.444,0.106,0.591,3.232806237851988e-06,2.782503368128626e-06,3.755983022191536e-06,636.35,585.44,699.98,WARNING,s_imbalance,s_ISC,s_thermal
2025-08-10,5,ESS-05 Cell Imbalance Drift,98.576,0.8027,0.2746,0.4636,29.05,2.228,110,0.711,-0.311,-0.101,1.335,0.187,0.447,3.0388397954543934e-06,2.6155547581535755e-06,3.530626396203443e-06,578.67,532.38,636.54,NORMAL,s_imbalance,s_ISC,s_thermal
2025-08-11,5,ESS-05 Cell Imbalance Drift,98.612,0.7575,0.2036,0.538,29.54,2.043,121,0.559,0.105,0.061,0.913,0.054,0.338,2.9007205381838233e-06,2.496674313369152e-06,3.370154867775459e-06,535.31,492.48,588.84,NORMAL,s_imbalance,s_ISC,s_thermal
2025-08-12,5,ESS-05 Cell Imbalance Drift,98.536,0.9653,0.2226,0.612,27.74,1.855,121,0.546,0.359,1.066,0.707,0.142,0.564,3.1958912221744675e-06,2.7507302912334157e-06,3.713093937527643e-06,625.64,575.59,688.21,WARNING,s_overcharge,s_imbalance,s_ISC
2025-08-13,5,ESS-05 Cell Imbalance Drift,98.547,0.7736,0.1842,0.4911,30.81,2.432,127,0.997,0.258,-0.025,1.531,-0.04,0.557,3.1864393917619345e-06,2.742595018173212e-06,3.70211248864042e-06,622.88,573.05,685.17,WARNING,s_imbalance,s_ISC,s_thermal
2025-08-14,5,ESS-05 Cell Imbalance Drift,98.604,0.8628,0.2337,0.5698,28.39,2.247,129,0.908,-0.105,0.271,1.485,-0.265,0.533,3.1532960982368605e-06,2.7140682958799654e-06,3.6636055148138312e-06,613.14,564.08,674.45,WARNING,s_imbalance,s_ISC,s_overcharge
2025-08-15,5,ESS-05 Cell Imbalance Drift,98.529,0.8547,0.171,0.5189,31.54,1.92,131,0.551,0.031,-0.0,1.211,0.18,0.394,2.9714450836284055e-06,2.5575475435533347e-06,3.452324988386647e-06,557.76,513.14,613.54,NORMAL,s_imbalance,s_ISC,s_thermal_mag
2025-08-16,5,ESS-05 Cell Imbalance Drift,98.594,0.886,0.2438,0.5543,30.19,2.085,133,0.53,0.182,0.278,0.756,-0.065,0.349,2.9141946963861325e-06,2.508271638202991e-06,3.3858095914349205e-06,539.63,496.46,593.59,NORMAL,s_imbalance,s_ISC,s_overcharge
2025-08-17,5,ESS-05 Cell Imbalance Drift,98.533,0.9261,0.272,0.5817,30.4,2.192,125,0.628,0.005,0.425,1.434,0.19,0.536,3.157979324283753e-06,2.7180991894375274e-06,3.6690466416440864e-06,614.52,565.36,675.97,WARNING,s_imbalance,s_ISC,s_overcharge
2025-08-18,5,ESS-05 Cell Imbalance Drift,98.576,0.9557,0.361,0.5883,30.66,2.07,121,0.812,-0.042,0.728,0.998,0.058,0.519,3.1348248146123604e-06,2.698169900804385e-06,3.642144966830715e-06,607.66,559.05,668.42,WARNING,s_imbalance,s_ISC,s_overcharge
2025-08-19,5,ESS-05 Cell Imbalance Drift,98.564,0.8455,0.0819,0.543,32.61,1.485,128,0.411,0.337,-0.14,0.403,0.113,0.253,2.7962159454325473e-06,2.4067263054379446e-06,3.248737965336132e-06,501.1,461.02,551.21,NORMAL,s_ISC,s_imbalance,s_thermal
2025-08-20,5,ESS-05 Cell Imbalance Drift,98.593,0.8499,0.246,0.5323,28.27,1.841,133,-0.09,-0.171,-0.329,0.692,-0.202,0.138,2.662269159286082e-06,2.2914371505281514e-06,3.0931141399611853e-06,455.34,418.92,500.88,NORMAL,s_imbalance,s_overcharge,s_thermal_mag
2025-08-21,5,ESS-05 Cell Imbalance Drift,98.425,0.7788,0.2159,0.5968,30.48,2.323,130,1.145,-0.256,0.166,1.553,-0.113,0.573,3.2077520479930473e-06,2.7609390077283876e-06,3.7268742368297806e-06,629.1,578.77,692.01,WARNING,s_imbalance,s_ISC,s_thermal
2025-08-22,5,ESS-05 Cell Imbalance Drift,98.544,0.7352,0.1656,0.514,30.17,2.095,125,0.426,0.014,0.458,1.283,0.026,0.441,3.0320685756324573e-06,2.609726710314342e-06,3.5227593688784824e-06,576.59,530.46,634.25,NORMAL,s_imbalance,s_overcharge,s_ISC
2025-08-23,5,ESS-05 Cell Imbalance Drift,98.52,0.714,0.2648,0.5025,31.59,2.478,134,1.364,0.195,-0.088,1.79,0.108,0.692,3.375517831177215e-06,2.9053364878982207e-06,3.921790060828195e-06,676.62,622.49,744.28,WARNING,s_imbalance,s_ISC,s_thermal
2025-08-24,5,ESS-05 Cell Imbalance Drift,98.503,0.8794,0.3928,0.6137,32.35,2.175,134,0.398,-0.096,0.522,1.11,-0.101,0.406,2.986326933262731e-06,2.570356480867309e-06,3.4696152142161917e-06,562.42,517.43,618.66,NORMAL,s_imbalance,s_overcharge,s_ISC
2025-08-25,5,ESS-05 Cell Imbalance Drift,98.533,0.8072,0.2503,0.5565,31.1,2.594,136,1.169,0.171,0.196,2.054,0.015,0.721,3.4182556452193823e-06,2.9421213001494233e-06,3.971444262048658e-06,688.35,633.28,757.18,WARNING,s_imbalance,s_ISC,s_overcharge
2025-08-26,5,ESS-05 Cell Imbalance Drift,98.445,1.0,0.3089,0.5953,29.46,1.871,138,0.263,-0.362,1.348,0.54,-0.215,0.43,3.0174530497447674e-06,2.5971470000028684e-06,3.505778567051227e-06,572.09,526.32,629.29,NORMAL,s_overcharge,s_imbalance,s_thermal
2025-08-27,5,ESS-05 Cell Imbalance Drift,98.491,0.914,0.2704,0.541,31.79,2.171,144,0.884,0.355,0.382,1.434,0.264,0.664,3.3355580838501263e-06,2.87094278248666e-06,3.875363508475864e-06,665.52,612.28,732.07,WARNING,s_imbalance,s_ISC,s_overcharge
2025-08-28,5,ESS-05 Cell Imbalance Drift,98.457,0.8615,0.2522,0.5102,30.62,1.879,144,1.055,0.24,0.469,0.622,-0.233,0.477,3.079084399958883e-06,2.6501936397771497e-06,3.5773839095076754e-06,590.93,543.66,650.03,NORMAL,s_ISC,s_imbalance,s_overcharge
2025-08-29,5,ESS-05 Cell Imbalance Drift,98.431,1.0,0.2412,0.5986,30.02,2.212,143,0.788,0.068,1.524,1.178,0.204,0.753,3.464996421198224e-06,2.982351497430694e-06,4.025749235619749e-06,701.01,644.93,771.11,WARNING,s_overcharge,s_imbalance,s_ISC
2025-08-30,5,ESS-05 Cell Imbalance Drift,98.556,0.8648,0.2888,0.5281,30.51,2.162,150,0.635,0.001,0.437,1.267,0.049,0.478,3.079603113818445e-06,2.6506401013165567e-06,3.57798656843123e-06,591.09,543.8,650.2,NORMAL,s_imbalance,s_ISC,s_overcharge
2025-08-31,5,ESS-05 Cell Imbalance Drift,98.442,0.9467,0.3423,0.5548,30.88,1.966,158,0.593,0.278,0.75,0.931,0.233,0.557,3.1862926893582496e-06,2.742468750132115e-06,3.701942044940111e-06,622.84,573.01,685.12,WARNING,s_imbalance,s_overcharge,s_ISC
2025-09-01,5,ESS-05 Cell Imbalance Drift,98.442,0.8097,0.4048,0.5608,28.74,2.289,154,0.609,-0.346,-0.094,1.629,-0.018,0.448,3.0402238306504014e-06,2.616746009295142e-06,3.5322344141053365e-06,579.09,532.77,637.0,NORMAL,s_imbalance,s_ISC,s_thermal
2025-09-02,5,ESS-05 Cell Imbalance Drift,98.514,0.936,0.2576,0.6094,27.46,2.151,150,0.868,-0.743,0.623,1.167,0.281,0.588,3.228667231754586e-06,2.778940889359777e-06,3.7511741882052523e-06,635.15,584.34,698.67,WARNING,s_imbalance,s_ISC,s_thermal
2025-09-03,5,ESS-05 Cell Imbalance Drift,98.462,1.0,0.3365,0.5968,31.96,1.887,160,0.202,0.269,1.594,1.332,0.519,0.783,3.510870058792942e-06,3.021835341581853e-06,4.079046738446416e-06,713.27,656.21,784.59,WARNING,s_overcharge,s_imbalance,s_thermal_mag
2025-09-04,5,ESS-05 Cell Imbalance Drift,98.501,0.9145,0.3475,0.5758,30.03,2.138,147,0.606,-0.241,0.324,1.034,0.114,0.416,2.9984599501110095e-06,2.580799473952345e-06,3.4837117550050053e-06,566.2,520.9,622.82,NORMAL,s_imbalance,s_ISC,s_overcharge
2025-09-05,5,ESS-05 Cell Imbalance Drift,98.522,0.8382,0.3503,0.5972,30.52,1.86,159,0.419,0.505,-0.07,0.841,0.397,0.432,3.0202601530091254e-06,2.599563098205101e-06,3.5090399525599035e-06,572.95,527.12,630.25,NORMAL,s_imbalance,s_thermal,s_ISC
2025-09-06,5,ESS-05 Cell Imbalance Drift,98.45,0.7978,0.1969,0.4982,32.75,2.44,152,0.478,0.267,-0.132,1.269,0.192,0.441,3.031702097019396e-06,2.6094112789824667e-06,3.522333581894436e-06,576.48,530.36,634.13,NORMAL,s_imbalance,s_ISC,s_thermal
2025-09-07,5,ESS-05 Cell Imbalance Drift,98.417,0.7972,0.0978,0.5093,30.66,2.422,154,1.306,0.162,-0.079,1.439,0.443,0.67,3.3445336791221208e-06,2.8786681561187593e-06,3.8857916511382074e-06,668.02,614.58,734.82,WARNING,s_imbalance,s_ISC,s_thermal_mag
2025-09-08,5,ESS-05 Cell Imbalance Drift,98.411,0.7301,0.2301,0.4764,28.95,2.215,150,0.422,-0.128,-0.489,0.832,0.084,0.268,2.8141282961725898e-06,2.422143620644685e-06,3.26954912889826e-06,507.06,466.49,557.76,NORMAL,s_imbalance,s_overcharge,s_ISC
2025-09-09,5,ESS-05 Cell Imbalance Drift,98.49,1.0,0.2619,0.5546,30.36,2.442,148,0.866,-0.013,1.558,1.261,0.031,0.743,3.4510515056910027e-06,2.970348985860434e-06,4.009547573405277e-06,697.25,641.47,766.97,WARNING,s_overcharge,s_imbalance,s_ISC
2025-09-10,5,ESS-05 Cell Imbalance Drift,98.446,0.9057,0.3012,0.5819,34.18,2.643,160,1.431,0.525,0.665,1.75,0.527,0.979,3.819401113462527e-06,3.2873907524556334e-06,4.437508257467571e-06,791.78,728.44,870.96,WARNING,s_imbalance,s_ISC,s_overcharge
2025-09-11,5,ESS-05 Cell Imbalance Drift,98.506,0.6819,0.1733,0.4978,30.72,2.216,158,0.585,0.242,0.149,1.024,0.294,0.459,3.054603698166671e-06,2.6291228864738135e-06,3.5489414201126456e-06,583.49,536.81,641.84,NORMAL,s_imbalance,s_ISC,s_thermal_mag
2025-09-12,5,ESS-05 Cell Imbalance Drift,98.357,0.9102,0.211,0.6098,31.68,2.51,161,1.243,0.545,0.949,1.787,0.277,0.96,3.7879205886982096e-06,3.2602951849774204e-06,4.400933150845879e-06,784.07,721.34,862.48,WARNING,s_imbalance,s_ISC,s_overcharge
2025-09-13,5,ESS-05 Cell Imbalance Drift,98.4,0.846,0.4525,0.5379,27.73,2.509,156,0.612,-0.266,0.064,1.692,0.111,0.496,3.103465912234295e-06,2.6711790199420867e-06,3.6057111570159613e-06,598.29,550.42,658.12,NORMAL,s_imbalance,s_ISC,s_thermal
2025-09-14,5,ESS-05 Cell Imbalance Drift,98.494,0.8898,0.2989,0.467,29.9,2.539,165,0.826,0.038,0.112,1.939,0.083,0.6,3.244978900034368e-06,2.792980485016868e-06,3.770125623114107e-06,639.85,588.66,703.84,WARNING,s_imbalance,s_ISC,s_overcharge
2025-09-15,5,ESS-05 Cell Imbalance Drift,98.385,0.8315,0.2334,0.5413,28.47,2.302,160,0.368,-0.32,-0.049,1.281,0.128,0.356,2.922274128421022e-06,2.515225675453852e-06,3.395196543368493e-06,542.21,498.83,596.43,NORMAL,s_imbalance,s_ISC,s_thermal
2025-09-16,5,ESS-05 Cell Imbalance Drift,98.407,0.9919,0.3831,0.5835,27.82,2.565,166,1.567,-0.39,1.401,1.52,0.164,0.931,3.7401260629198594e-06,3.2191580122742428e-06,4.3454039018327e-06,772.23,710.45,849.46,WARNING,s_ISC,s_imbalance,s_overcharge
2025-09-17,5,ESS-05 Cell Imbalance Drift,98.47,0.8793,0.3554,0.6012,32.02,2.057,182,0.621,0.34,0.557,1.501,0.007,0.605,3.2529082086352602e-06,2.799805310354366e-06,3.7793381556800603e-06,642.13,590.76,706.34,WARNING,s_imbalance,s_ISC,s_overcharge
2025-09-18,5,ESS-05 Cell Imbalance Drift,98.386,0.8345,0.3318,0.5312,33.23,2.263,168,0.714,0.33,-0.259,1.136,0.126,0.461,3.0579768927715367e-06,2.6320262244482547e-06,3.552860509235104e-06,584.52,537.76,642.97,NORMAL,s_imbalance,s_ISC,s_thermal
2025-09-19,5,ESS-05 Cell Imbalance Drift,98.294,0.907,0.2899,0.6039,29.42,2.207,179,0.682,-0.04,1.044,0.678,-0.113,0.481,3.083669251160429e-06,2.654139861164567e-06,3.582710741318757e-06,592.32,544.94,651.55,NORMAL,s_overcharge,s_ISC,s_imbalance
2025-09-20,5,ESS-05 Cell Imbalance Drift,98.39,0.7503,0.2308,0.4968,29.22,2.143,170,0.893,-0.55,0.054,1.163,-0.058,0.422,3.0065975137687497e-06,2.5878035457598293e-06,3.493166245926846e-06,568.73,523.23,625.6,NORMAL,s_imbalance,s_ISC,s_thermal
2025-09-21,5,ESS-05 Cell Imbalance Drift,98.479,0.879,0.1187,0.5444,29.29,2.669,176,1.93,0.555,0.242,1.813,0.385,0.985,3.828524107171255e-06,3.295242994274562e-06,4.448107650835732e-06,794.01,730.49,873.41,WARNING,s_ISC,s_imbalance,s_thermal
2025-09-22,5,ESS-05 Cell Imbalance Drift,98.47,1.0,0.2962,0.5665,28.43,2.056,163,0.938,-0.421,1.25,1.251,-0.007,0.688,3.369930430983775e-06,2.9005273634656583e-06,3.91529843504218e-06,675.07,621.07,742.58,WARNING,s_imbalance,s_overcharge,s_ISC
2025-09-23,5,ESS-05 Cell Imbalance Drift,98.49,0.7051,0.2404,0.4707,29.31,2.543,173,0.963,-0.399,0.305,1.852,0.147,0.653,3.3208221053869243e-06,2.8582593965231664e-06,3.8582427625402e-06,661.39,608.48,727.53,WARNING,s_imbalance,s_ISC,s_thermal
2025-09-24,5,ESS-05 Cell Imbalance Drift,98.377,0.8204,0.1668,0.5234,30.63,2.335,178,0.644,0.29,-0.061,1.41,0.027,0.474,3.0749151388115673e-06,2.6466051203757673e-06,3.572539923964109e-06,589.67,542.5,648.64,NORMAL,s_imbalance,s_ISC,s_thermal
2025-09-25,5,ESS-05 Cell Imbalance Drift,98.428,0.896,0.3721,0.5721,26.75,2.232,174,1.097,-0.75,0.119,1.326,0.173,0.543,3.1670062246595384e-06,2.725868721438472e-06,3.679534392871113e-06,617.18,567.81,678.9,WARNING,s_imbalance,s_ISC,s_thermal
2025-09-26,5,ESS-05 Cell Imbalance Drift,98.362,0.8825,0.1674,0.5784,29.18,2.479,172,0.817,-0.474,0.452,1.62,-0.168,0.578,3.2147667716161017e-06,2.766976641704468e-06,3.7350241744674077e-06,631.13,580.64,694.25,WARNING,s_imbalance,s_ISC,s_thermal
2025-09-27,5,ESS-05 Cell Imbalance Drift,98.361,0.9438,0.1607,0.546,29.88,2.2,183,0.331,-0.131,0.816,1.146,0.075,0.474,3.0741126026445054e-06,2.6459143705037726e-06,3.571607510892054e-06,589.43,542.27,648.37,NORMAL,s_imbalance,s_overcharge,s_ISC
2025-09-28,5,ESS-05 Cell Imbalance Drift,98.403,0.8097,0.2773,0.5245,28.96,2.433,185,1.428,-0.406,-0.111,1.569,0.105,0.62,3.2740907088980246e-06,2.8180372738669013e-06,3.803948683836032e-06,648.18,596.32,713.0,WARNING,s_imbalance,s_ISC,s_thermal
2025-09-29,5,ESS-05 Cell Imbalance Drift,98.379,0.9911,0.3745,0.6193,28.27,2.734,183,1.738,-0.143,1.418,2.01,0.028,1.039,3.918233173880941e-06,3.3724563868672146e-06,4.552334585753874e-06,815.6,750.35,897.16,WARNING,s_imbalance,s_ISC,s_overcharge
2025-09-30,5,ESS-05 Cell Imbalance Drift,98.346,0.9291,0.3837,0.5912,27.85,2.184,186,0.248,-0.662,0.729,1.123,-0.005,0.42,3.004504118466218e-06,2.5860017422164826e-06,3.4907340699468254e-06,568.08,522.63,624.89,NORMAL,s_imbalance,s_overcharge,s_thermal
2025-10-01,5,ESS-05 Cell Imbalance Drift,98.394,0.7342,0.1237,0.4991,27.48,2.65,189,1.701,-0.226,0.061,1.954,-0.113,0.743,3.451038114800224e-06,2.9703374602028493e-06,4.009532015427209e-06,697.24,641.46,766.97,WARNING,s_imbalance,s_ISC,s_thermal
2025-10-02,5,ESS-05 Cell Imbalance Drift,98.396,0.9889,0.3336,0.6358,28.1,2.578,187,1.287,-0.585,1.651,1.566,0.548,1.01,3.870542409777793e-06,3.331408521268423e-06,4.496925892799116e-06,804.18,739.85,884.6,WARNING,s_overcharge,s_imbalance,s_ISC
2025-10-03,5,ESS-05 Cell Imbalance Drift,98.361,0.9339,0.2219,0.5736,26.91,2.439,179,1.206,-0.354,0.86,1.496,0.195,0.751,3.4633691683432628e-06,2.9809509065671054e-06,4.023858639651103e-06,700.57,644.52,770.63,WARNING,s_imbalance,s_ISC,s_overcharge
2025-10-04,5,ESS-05 Cell Imbalance Drift,98.432,0.804,0.3765,0.5849,24.92,2.147,189,0.171,-0.637,-0.007,1.36,-0.196,0.306,2.8612018218681948e-06,2.4626602117188446e-06,3.3242407127451698e-06,522.52,480.72,574.77,NORMAL,s_imbalance,s_thermal,s_thermal_mag
2025-10-05,5,ESS-05 Cell Imbalance Drift,98.369,0.8846,0.3656,0.6002,25.64,2.472,199,1.2,-0.153,0.436,1.566,-0.007,0.641,3.3023961228677476e-06,2.8423999917641704e-06,3.836834848039877e-06,656.2,603.71,721.82,WARNING,s_imbalance,s_ISC,s_overcharge
2025-10-06,5,ESS-05 Cell Imbalance Drift,98.312,0.7671,0.1394,0.4587,27.13,2.544,195,1.286,-0.672,0.104,1.334,-0.271,0.545,3.169472760344508e-06,2.7279916902504394e-06,3.6824000955521606e-06,617.91,568.47,679.7,WARNING,s_imbalance,s_ISC,s_thermal
2025-10-07,5,ESS-05 Cell Imbalance Drift,98.277,0.8434,0.2805,0.5878,28.13,2.702,198,1.01,-0.104,-0.174,1.779,0.052,0.568,3.201464014668154e-06,2.755526842457901e-06,3.719568591971143e-06,627.27,577.09,689.99,WARNING,s_imbalance,s_ISC,s_overcharge
2025-10-08,5,ESS-05 Cell Imbalance Drift,98.339,0.7816,0.3627,0.5146,28.16,2.806,198,1.616,-0.569,-0.18,2.034,0.21,0.772,3.4940275095432815e-06,3.007338810954695e-06,4.059478510176505e-06,708.78,652.08,779.66,WARNING,s_imbalance,s_ISC,s_thermal
2025-10-09,5,ESS-05 Cell Imbalance Drift,98.388,0.9542,0.2914,0.5659,29.27,2.504,187,0.556,-0.425,0.924,1.525,0.094,0.62,3.2729529041862326e-06,2.8170579553827574e-06,3.8026267447609768e-06,647.85,596.03,712.64,WARNING,s_imbalance,s_overcharge,s_ISC
2025-10-10,5,ESS-05 Cell Imbalance Drift,98.246,0.7831,0.1268,0.5302,25.59,2.523,191,1.532,-0.239,0.064,1.911,-0.099,0.701,3.3896838505045784e-06,2.9175293052172342e-06,3.9382486091463735e-06,680.52,626.08,748.57,WARNING,s_imbalance,s_ISC,s_thermal
2025-10-11,5,ESS-05 Cell Imbalance Drift,98.329,0.8954,0.3963,0.5891,28.2,2.196,198,0.46,-0.401,0.537,1.67,0.395,0.612,3.2626111033799473e-06,2.8081566768348946e-06,3.7906112991612363e-06,644.9,593.31,709.39,WARNING,s_imbalance,s_overcharge,s_ISC
2025-10-12,5,ESS-05 Cell Imbalance Drift,98.305,0.7495,0.1513,0.5359,26.46,2.719,195,1.586,-0.374,0.214,1.75,-0.116,0.71,3.402400723189852e-06,2.928474829328005e-06,3.953023491052106e-06,684.01,629.29,752.41,WARNING,s_imbalance,s_ISC,s_thermal
2025-10-13,5,ESS-05 Cell Imbalance Drift,98.278,0.9142,0.1323,0.5862,26.25,2.621,202,0.813,-0.305,0.67,1.86,-0.163,0.669,3.3424227347559e-06,2.876851247772624e-06,3.883339086343151e-06,667.43,614.04,734.18,WARNING,s_imbalance,s_ISC,s_overcharge
2025-10-14,5,ESS-05 Cell Imbalance Drift,98.292,0.8784,0.3622,0.546,27.21,2.734,197,1.219,-0.358,0.438,1.836,-0.176,0.699,3.3857810928764765e-06,2.9141701674264267e-06,3.933714256664905e-06,679.45,625.09,747.39,WARNING,s_imbalance,s_ISC,s_overcharge
2025-10-15,5,ESS-05 Cell Imbalance Drift,98.31,0.8259,0.2797,0.5308,24.78,2.414,197,1.325,-0.735,-0.04,1.525,0.248,0.62,3.2729192496999447e-06,2.8170289886715553e-06,3.802587643867807e-06,647.84,596.02,712.63,WARNING,s_imbalance,s_ISC,s_thermal
2025-10-16,5,ESS-05 Cell Imbalance Drift,98.289,0.9512,0.2867,0.6238,26.32,2.561,197,0.65,-0.631,0.942,2.076,0.227,0.779,3.5047444833394995e-06,3.0165630047766548e-06,4.071929843208479e-06,711.64,654.71,782.8,WARNING,s_imbalance,s_overcharge,s_ISC
2025-10-17,5,ESS-05 Cell Imbalance Drift,98.318,0.8344,0.334,0.5646,27.95,2.676,198,1.305,-0.075,-0.387,1.773,-0.03,0.616,3.2671879656041997e-06,2.8120960222413336e-06,3.7959288487983256e-06,646.21,594.51,710.83,WARNING,s_imbalance,s_ISC,s_overcharge
2025-10-18,5,ESS-05 Cell Imbalance Drift,98.318,0.6879,0.2413,0.502,27.71,3.041,204,1.544,0.275,-0.022,2.334,0.553,0.941,3.7571638987657016e-06,3.2338226288022204e-06,4.365199018922597e-06,776.47,714.35,854.12,WARNING,s_imbalance,s_ISC,s_thermal_mag
2025-10-19,5,ESS-05 Cell Imbalance Drift,98.254,0.8032,0.0868,0.4587,27.42,2.602,206,0.81,-0.66,-0.009,1.631,-0.183,0.488,3.093367575390102e-06,2.662487293369231e-06,3.5939785752419106e-06,595.25,547.63,654.77,NORMAL,s_imbalance,s_ISC,s_thermal
2025-10-20,5,ESS-05 Cell Imbalance Drift,98.277,0.8968,0.3184,0.5376,25.53,2.592,201,0.748,-0.471,0.476,1.799,0.129,0.63,3.287934195375558e-06,2.8299524839905954e-06,3.820032503383994e-06,652.11,599.94,717.32,WARNING,s_imbalance,s_ISC,s_overcharge
2025-10-21,5,ESS-05 Cell Imbalance Drift,98.342,0.9032,0.1648,0.5476,29.01,2.779,198,1.231,-0.444,0.483,1.715,0.088,0.703,3.3926884644321226e-06,2.920115402833914e-06,3.941739468661934e-06,681.35,626.84,749.48,WARNING,s_imbalance,s_ISC,s_overcharge
2025-10-22,5,ESS-05 Cell Imbalance Drift,98.263,0.8313,0.2202,0.5431,23.88,3.049,202,1.475,-0.393,-0.297,2.243,0.039,0.751,3.4632006120814005e-06,2.980805828708071e-06,4.023662805433767e-06,700.52,644.48,770.58,WARNING,s_imbalance,s_ISC,s_thermal
2025-10-23,5,ESS-05 Cell Imbalance Drift,98.276,0.924,0.3393,0.5719,25.23,2.554,219,1.017,-0.526,1.144,2.091,0.013,0.853,3.6174487518908968e-06,3.1135685639317614e-06,4.202873370785652e-06,741.14,681.85,815.26,WARNING,s_imbalance,s_overcharge,s_ISC
2025-10-24,5,ESS-05 Cell Imbalance Drift,98.245,0.7142,0.3288,0.5406,26.56,2.439,205,0.859,-0.391,0.163,1.38,0.016,0.484,3.087335241207247e-06,2.6572952107516064e-06,3.5869700098350056e-06,593.43,545.95,652.77,NORMAL,s_imbalance,s_ISC,s_thermal
2025-10-25,5,ESS-05 Cell Imbalance Drift,98.287,0.8159,0.2967,0.5966,27.06,2.268,212,0.873,-0.657,-0.096,1.407,0.047,0.465,3.063163047896549e-06,2.6364899933372547e-06,3.5588859558785747e-06,586.1,539.21,644.71,NORMAL,s_imbalance,s_ISC,s_thermal
2025-10-26,5,ESS-05 Cell Imbalance Drift,98.195,0.8368,0.1681,0.5413,23.65,3.089,214,1.913,-0.652,0.383,2.154,-0.217,0.89,3.6754988661476816e-06,3.1635328110611007e-06,4.270317901722133e-06,755.98,695.51,831.58,WARNING,s_imbalance,s_ISC,s_thermal
2025-10-27,5,ESS-05 Cell Imbalance Drift,98.275,0.7611,0.0757,0.5628,26.22,2.707,216,0.769,-0.16,0.215,2.037,0.086,0.621,3.275505455905079e-06,2.8192549590113986e-06,3.8055923836113867e-06,648.58,596.69,713.44,WARNING,s_imbalance,s_ISC,s_overcharge
2025-10-28,5,ESS-05 Cell Imbalance Drift,98.305,0.7558,0.1007,0.537,26.05,2.85,222,1.341,-0.874,0.221,1.918,0.139,0.724,3.4226396579964252e-06,2.945894658510939e-06,3.976537752574626e-06,689.54,634.38,758.49,WARNING,s_imbalance,s_ISC,s_thermal
2025-10-29,5,ESS-05 Cell Imbalance Drift,98.257,0.7599,0.322,0.4923,25.57,2.729,224,1.338,-0.381,-0.166,2.182,-0.048,0.704,3.3936514685203933e-06,2.920944268917531e-06,3.942858318558784e-06,681.61,627.08,749.77,WARNING,s_imbalance,s_ISC,s_thermal
2025-10-30,5,ESS-05 Cell Imbalance Drift,98.191,0.8555,0.2785,0.5478,23.71,2.948,212,1.42,-1.208,0.091,1.973,0.183,0.733,3.436577843195575e-06,2.9578913771508104e-06,3.992731595444404e-06,693.33,637.86,762.66,WARNING,s_imbalance,s_ISC,s_thermal
2025-10-31,5,ESS-05 Cell Imbalance Drift,98.185,0.8941,0.2987,0.5572,23.76,2.55,218,1.445,-1.139,0.575,1.908,-0.091,0.786,3.5146487467852417e-06,3.0250876916599915e-06,4.083436942556927e-06,714.27,657.13,785.7,WARNING,s_imbalance,s_ISC,s_thermal
2025-11-01,5,ESS-05 Cell Imbalance Drift,98.315,0.7802,0.2018,0.5006,23.28,2.94,223,1.536,-0.987,-0.155,2.069,0.165,0.754,3.467012349836574e-06,2.9840866249650184e-06,4.0280914079151466e-06,701.55,645.42,771.7,WARNING,s_imbalance,s_ISC,s_thermal
2025-11-02,5,ESS-05 Cell Imbalance Drift,98.21,0.8913,0.2254,0.4784,26.79,3.069,210,1.401,-0.363,0.312,2.086,-0.176,0.76,3.475897265119122e-06,2.991733949814232e-06,4.038414195135458e-06,703.93,647.62,774.33,WARNING,s_imbalance,s_ISC,s_thermal
2025-11-03,5,ESS-05 Cell Imbalance Drift,98.118,0.9728,0.3641,0.5788,23.64,2.869,228,1.274,-0.924,1.309,2.138,-0.216,0.944,3.7620060494829045e-06,3.2379903109126335e-06,4.370824788588524e-06,777.67,715.46,855.44,WARNING,s_imbalance,s_overcharge,s_ISC
2025-11-04,5,ESS-05 Cell Imbalance Drift,98.198,0.9328,0.1255,0.5578,23.54,2.596,219,0.839,-0.669,0.884,1.946,-0.17,0.734,3.4370623916746653e-06,2.958308432291035e-06,3.993294559833437e-06,693.46,637.98,762.81,WARNING,s_imbalance,s_overcharge,s_ISC
2025-11-05,5,ESS-05 Cell Imbalance Drift,98.221,0.8295,0.3377,0.5693,22.65,2.627,220,1.194,-0.816,0.128,1.621,0.177,0.624,3.2791628777903857e-06,2.822402934075375e-06,3.8098416970902953e-06,649.62,597.65,714.58,WARNING,s_imbalance,s_ISC,s_thermal
2025-11-06,5,ESS-05 Cell Imbalance Drift,98.222,0.8887,0.3221,0.5619,25.04,2.559,229,1.1,-0.124,0.557,1.968,-0.052,0.725,3.424448557008839e-06,2.9474515938043893e-06,3.978639391060072e-06,690.03,634.83,759.04,WARNING,s_imbalance,s_ISC,s_overcharge
2025-11-07,5,ESS-05 Cell Imbalance Drift,98.188,0.8489,0.3652,0.6085,22.49,2.897,227,1.765,-0.517,-0.248,1.953,0.149,0.773,3.4959705351361597e-06,3.009011190209196e-06,4.061735981291109e-06,709.3,652.56,780.23,WARNING,s_imbalance,s_ISC,s_thermal
2025-11-08,5,ESS-05 Cell Imbalance Drift,98.247,1.0,0.2519,0.6182,23.66,2.668,226,1.068,-0.621,1.603,1.621,0.262,0.911,3.708190433869857e-06,3.191670733100954e-06,4.308300039164075e-06,764.24,703.1,840.66,WARNING,s_imbalance,s_overcharge,s_ISC
2025-11-09,5,ESS-05 Cell Imbalance Drift,98.163,0.8166,0.248,0.5209,23.76,2.895,232,1.702,-1.083,0.133,2.059,-0.015,0.779,3.5043932896688676e-06,3.0162607292879548e-06,4.071521814838943e-06,711.55,654.62,782.7,WARNING,s_imbalance,s_ISC,s_thermal
2025-11-10,5,ESS-05 Cell Imbalance Drift,98.179,0.7669,0.2439,0.4781,25.53,2.962,228,1.363,-0.976,0.002,2.235,0.144,0.749,3.459626721366176e-06,2.97772974949636e-06,4.019510541473043e-06,699.56,643.6,769.52,WARNING,s_imbalance,s_ISC,s_thermal
2025-11-11,5,ESS-05 Cell Imbalance Drift,98.197,0.9772,0.35,0.5871,24.49,2.851,224,0.874,-1.229,1.309,2.0,0.177,0.872,3.647250203254173e-06,3.139218936785158e-06,4.237497676755494e-06,748.79,688.89,823.67,WARNING,s_imbalance,s_overcharge,s_thermal
2025-11-12,5,ESS-05 Cell Imbalance Drift,98.252,0.7617,0.299,0.5618,20.5,2.703,236,1.418,-0.985,0.091,1.516,-0.116,0.605,3.2523563779422933e-06,2.7993303448449124e-06,3.778697020559754e-06,641.97,590.61,706.17,WARNING,s_imbalance,s_ISC,s_thermal
2025-11-13,5,ESS-05 Cell Imbalance Drift,98.185,0.7932,0.1397,0.4806,25.21,2.807,240,2.061,-0.624,-0.005,2.225,-0.196,0.857,3.624188838475086e-06,3.119369816068304e-06,4.210704225000784e-06,742.88,683.45,817.17,WARNING,s_imbalance,s_ISC,s_thermal
2025-11-14,5,ESS-05 Cell Imbalance Drift,98.286,0.7582,0.2265,0.4966,22.15,3.019,241,1.582,-0.795,0.008,2.393,-0.223,0.797,3.53137406790129e-06,3.039483323081503e-06,4.102868971192067e-06,718.69,661.2,790.56,WARNING,s_imbalance,s_ISC,s_thermal
2025-11-15,5,ESS-05 Cell Imbalance Drift,98.232,0.807,0.1256,0.5731,22.07,3.045,229,0.918,-1.065,-0.291,2.181,-0.066,0.62,3.2732513920958464e-06,2.8173148665416886e-06,3.8029735378680134e-06,647.94,596.1,712.73,WARNING,s_imbalance,s_thermal,s_ISC
2025-11-16,5,ESS-05 Cell Imbalance Drift,98.16,0.8328,0.182,0.5171,21.38,2.72,241,1.455,-1.155,0.216,2.02,0.046,0.747,3.457167458365861e-06,2.9756130401765096e-06,4.016653288705738e-06,698.9,642.99,768.79,WARNING,s_imbalance,s_ISC,s_thermal
2025-11-17,5,ESS-05 Cell Imbalance Drift,98.204,0.9038,0.2287,0.5658,25.67,2.474,239,0.853,-0.621,0.476,1.706,0.017,0.611,3.2603177464759048e-06,2.806182764461315e-06,3.787946801392055e-06,644.25,592.71,708.67,WARNING,s_imbalance,s_ISC,s_thermal
2025-11-18,5,ESS-05 Cell Imbalance Drift,98.197,0.9916,0.3601,0.6423,23.65,2.951,241,1.264,-0.753,1.619,2.544,-0.066,1.085,3.996946181800119e-06,3.4402053753263442e-06,4.64378593655814e-06,834.14,767.41,917.55,WARNING,s_imbalance,s_overcharge,s_ISC
2025-11-19,5,ESS-05 Cell Imbalance Drift,98.174,0.7993,0.3218,0.544,18.91,2.861,243,1.478,-1.606,-0.112,2.073,0.035,0.717,3.4126538539650117e-06,2.9372997891468944e-06,3.96493591634353e-06,686.82,631.87,755.5,WARNING,s_imbalance,s_thermal,s_ISC
2025-11-20,5,ESS-05 Cell Imbalance Drift,98.187,0.9445,0.3422,0.5359,23.97,2.608,244,1.227,-0.512,0.7,2.06,-0.024,0.797,3.5322802406566965e-06,3.040263273967502e-06,4.103921792525602e-06,718.93,661.42,790.83,WARNING,s_imbalance,s_ISC,s_overcharge
2025-11-21,5,ESS-05 Cell Imbalance Drift,98.151,0.8862,0.3248,0.5889,23.0,2.969,244,1.44,-1.157,0.178,2.354,-0.144,0.794,3.5279587337105904e-06,3.036543714810869e-06,4.098900923512216e-06,717.79,660.37,789.57,WARNING,s_imbalance,s_ISC,s_thermal
2025-11-22,5,ESS-05 Cell Imbalance Drift,98.156,0.8151,0.1915,0.5904,21.94,3.011,245,1.346,-1.393,0.109,2.31,-0.084,0.753,3.4658197041995748e-06,2.9830601043609055e-06,4.026705752929303e-06,701.23,645.13,771.35,WARNING,s_imbalance,s_thermal,s_ISC
2025-11-23,5,ESS-05 Cell Imbalance Drift,98.114,0.9801,0.3622,0.6533,21.53,3.494,248,1.668,-0.867,1.111,2.816,0.193,1.158,4.122965311818362e-06,3.5486711683941897e-06,4.790199084653549e-06,863.08,794.03,949.39,WARNING,s_imbalance,s_ISC,s_overcharge
2025-11-24,5,ESS-05 Cell Imbalance Drift,98.18,0.9324,0.2799,0.5342,20.94,2.732,252,1.609,-0.974,0.717,1.726,-0.207,0.811,3.55229499077186e-06,3.057490146037678e-06,4.127175587907939e-06,724.2,666.27,796.62,WARNING,s_imbalance,s_ISC,s_thermal
2025-11-25,5,ESS-05 Cell Imbalance Drift,98.156,0.799,0.2399,0.5531,22.98,2.964,248,1.599,-1.404,0.044,2.185,0.12,0.79,3.5207088149854665e-06,3.0303036458090783e-06,4.090477729288844e-06,715.88,658.61,787.46,WARNING,s_imbalance,s_ISC,s_thermal
2025-11-26,5,ESS-05 Cell Imbalance Drift,98.107,0.7123,0.2294,0.5256,21.12,2.951,263,1.639,-1.233,-0.136,2.297,0.228,0.833,3.5865669268276475e-06,3.0869883041009877e-06,4.166993850779605e-06,733.15,674.5,806.47,WARNING,s_imbalance,s_ISC,s_thermal
2025-11-27,5,ESS-05 Cell Imbalance Drift,98.21,0.7356,0.1156,0.4841,20.77,2.934,259,1.665,-0.961,-0.121,2.374,-0.101,0.808,3.548243163280948e-06,3.0540027023479024e-06,4.122468041392862e-06,723.14,665.29,795.45,WARNING,s_imbalance,s_ISC,s_thermal
2025-11-28,5,ESS-05 Cell Imbalance Drift,98.134,0.7658,0.19,0.5036,20.5,3.184,247,1.872,-1.102,0.268,2.272,-0.313,0.882,3.6634891064959817e-06,3.1531959045669066e-06,4.256364568284226e-06,752.93,692.7,828.23,WARNING,s_imbalance,s_ISC,s_thermal
2025-11-29,5,ESS-05 Cell Imbalance Drift,98.144,0.7658,0.2638,0.4571,21.25,3.305,261,1.687,-1.186,-0.038,2.94,-0.102,0.925,3.731886341129249e-06,3.212066010624246e-06,4.335830722481969e-06,770.18,708.56,847.19,WARNING,s_imbalance,s_ISC,s_thermal
2025-11-30,5,ESS-05 Cell Imbalance Drift,98.125,0.9377,0.2604,0.5581,20.88,2.975,254,1.623,-1.32,0.462,2.195,-0.107,0.856,3.62227877290146e-06,3.117725805734167e-06,4.208485048013978e-06,742.39,683.0,816.63,WARNING,s_imbalance,s_ISC,s_thermal
2025-12-01,5,ESS-05 Cell Imbalance Drift,98.119,0.8787,0.238,0.5394,19.54,3.062,257,1.468,-1.887,0.091,2.227,0.278,0.813,3.5558295049149555e-06,3.0605323335655127e-06,4.131282102746915e-06,725.13,667.12,797.64,WARNING,s_imbalance,s_thermal,s_ISC
2025-12-02,5,ESS-05 Cell Imbalance Drift,98.06,0.776,0.1914,0.5485,20.19,2.784,265,1.771,-1.023,-0.065,2.208,0.002,0.796,3.530676628989052e-06,3.038883031256171e-06,4.102058663707703e-06,718.51,661.03,790.36,WARNING,s_imbalance,s_ISC,s_thermal
2025-12-03,5,ESS-05 Cell Imbalance Drift,98.116,0.8825,0.2624,0.525,20.33,3.301,254,1.864,-1.137,0.737,2.391,-0.05,0.998,3.850697154072719e-06,3.3143275330181528e-06,4.4738690239762356e-06,799.39,735.44,879.33,WARNING,s_imbalance,s_ISC,s_thermal
2025-12-04,5,ESS-05 Cell Imbalance Drift,98.08,0.8094,0.2557,0.5513,18.93,3.143,257,0.793,-1.669,0.187,2.616,0.4,0.799,3.5353169354910288e-06,3.042876984006473e-06,4.10744992453344e-06,719.74,662.16,791.71,WARNING,s_imbalance,s_thermal,s_ISC
2025-12-05,5,ESS-05 Cell Imbalance Drift,98.059,0.8662,0.1357,0.4898,22.17,3.299,253,2.324,-1.014,0.349,3.107,0.342,1.224,4.242755490456384e-06,3.6517756507906865e-06,4.929375227712653e-06,889.78,818.59,978.75,WARNING,s_imbalance,s_ISC,s_thermal
2025-12-06,5,ESS-05 Cell Imbalance Drift,98.056,0.8606,0.2269,0.5808,21.62,3.189,267,2.398,-1.301,0.205,2.368,-0.14,0.994,3.843713147954768e-06,3.3083163368024126e-06,4.465754776620994e-06,797.7,733.88,877.47,WARNING,s_ISC,s_imbalance,s_thermal
2025-12-07,5,ESS-05 Cell Imbalance Drift,98.163,0.9041,0.3154,0.549,22.42,3.051,262,1.57,-0.637,0.694,2.005,-0.146,0.854,3.6189720867966834e-06,3.1148797117575437e-06,4.204643231369652e-06,741.54,682.21,815.69,WARNING,s_imbalance,s_ISC,s_overcharge
2025-12-08,5,ESS-05 Cell Imbalance Drift,98.078,0.8847,0.2929,0.5045,19.83,3.122,262,1.353,-1.369,0.247,2.446,0.143,0.838,3.594124489702899e-06,3.0934931652562963e-06,4.175774475915838e-06,735.11,676.3,808.63,WARNING,s_imbalance,s_thermal,s_ISC
2025-12-09,5,ESS-05 Cell Imbalance Drift,98.101,0.8265,0.2196,0.4961,21.45,3.221,267,1.147,-1.086,-0.231,2.403,0.035,0.717,3.4127057538562156e-06,2.937344459839698e-06,3.964996215347719e-06,686.83,631.88,755.51,WARNING,s_imbalance,s_ISC,s_thermal
2025-12-10,5,ESS-05 Cell Imbalance Drift,98.164,0.8513,0.2797,0.6193,21.34,3.311,271,1.953,-0.67,0.175,2.817,-0.114,0.989,3.835066972908014e-06,3.300874497014368e-06,4.455709366866383e-06,795.6,731.95,875.16,WARNING,s_imbalance,s_ISC,s_thermal
2025-12-11,5,ESS-05 Cell Imbalance Drift,98.028,0.8733,0.2325,0.5632,19.76,3.336,274,1.926,-1.467,0.059,2.43,0.027,0.888,3.673036884135525e-06,3.161413761336381e-06,4.26745749011716e-06,755.36,694.93,830.9,WARNING,s_imbalance,s_ISC,s_thermal
2025-12-12,5,ESS-05 Cell Imbalance Drift,98.099,0.8904,0.3293,0.5838,19.02,3.282,271,1.587,-1.286,0.214,3.009,0.127,0.987,3.832264003361642e-06,3.2984619561915407e-06,4.452452784906971e-06,794.92,731.33,874.41,WARNING,s_imbalance,s_ISC,s_thermal
2025-12-13,5,ESS-05 Cell Imbalance Drift,98.085,0.9502,0.2516,0.5314,21.93,3.118,276,1.399,-0.793,1.117,2.342,0.059,0.983,3.825954800874811e-06,3.2930315694934968e-06,4.445122546498287e-06,793.38,729.91,872.72,WARNING,s_imbalance,s_ISC,s_overcharge
2025-12-14,5,ESS-05 Cell Imbalance Drift,98.099,0.7932,0.2232,0.5136,20.24,2.951,269,1.069,-1.214,-0.013,2.197,-0.051,0.653,3.320629804556664e-06,2.85809388151157e-06,3.858019341090835e-06,661.34,608.43,727.47,WARNING,s_imbalance,s_thermal,s_ISC
2025-12-15,5,ESS-05 Cell Imbalance Drift,98.034,0.87,0.097,0.462,18.77,2.97,271,1.276,-1.279,0.381,2.177,0.015,0.77,3.490860463834363e-06,3.0046129067991875e-06,4.055798932182972e-06,707.94,651.3,778.73,WARNING,s_imbalance,s_thermal,s_ISC
2025-12-16,5,ESS-05 Cell Imbalance Drift,98.052,0.8956,0.2698,0.553,20.15,3.221,278,1.974,-0.798,0.381,2.371,0.154,0.976,3.8134568089507034e-06,3.2822744367083617e-06,4.430601969467579e-06,790.33,727.11,869.37,WARNING,s_imbalance,s_ISC,s_thermal
2025-12-17,5,ESS-05 Cell Imbalance Drift,98.011,0.853,0.2861,0.5623,21.31,3.212,271,1.557,-0.902,0.032,2.475,-0.02,0.813,3.5560101922401733e-06,3.060687852741627e-06,4.131492031226965e-06,725.18,667.16,797.69,WARNING,s_imbalance,s_ISC,s_thermal
2025-12-18,5,ESS-05 Cell Imbalance Drift,98.013,0.8247,0.2659,0.5013,20.3,3.236,278,2.28,-1.557,0.25,2.728,0.056,1.063,3.958788718582224e-06,3.407362905979514e-06,4.599453346254632e-06,825.2,759.18,907.72,WARNING,s_imbalance,s_ISC,s_thermal
2025-12-19,5,ESS-05 Cell Imbalance Drift,98.004,0.9353,0.2786,0.5505,20.22,3.12,278,1.722,-0.975,1.103,2.264,-0.066,1.018,3.882928408417423e-06,3.342069260607103e-06,4.511316352092202e-06,807.16,742.59,887.88,WARNING,s_imbalance,s_ISC,s_overcharge
2025-12-20,5,ESS-05 Cell Imbalance Drift,97.981,0.8072,0.2092,0.5652,22.38,3.548,279,1.784,-0.997,-0.043,2.899,-0.327,0.937,3.7499068290208882e-06,3.227576404455868e-06,4.356767517034651e-06,774.67,712.69,852.13,WARNING,s_imbalance,s_ISC,s_thermal
2025-12-21,5,ESS-05 Cell Imbalance Drift,98.024,0.8787,0.1696,0.5609,18.93,3.333,276,1.784,-1.357,0.016,2.832,-0.303,0.926,3.7334822179620076e-06,3.2134395959719387e-06,4.337684864593358e-06,770.58,708.93,847.63,WARNING,s_imbalance,s_ISC,s_thermal
2025-12-22,5,ESS-05 Cell Imbalance Drift,98.058,0.762,0.2073,0.4721,19.12,3.214,279,1.271,-1.547,-0.068,2.775,0.08,0.825,3.5748998334295914e-06,3.076946333734368e-06,4.153438637866732e-06,730.11,671.71,803.13,WARNING,s_imbalance,s_thermal,s_ISC
2025-12-23,5,ESS-05 Cell Imbalance Drift,98.028,0.8703,0.3445,0.5547,19.19,3.445,284,1.463,-1.656,0.079,2.96,-0.282,0.9,3.6920030912180795e-06,3.1777381438019027e-06,4.289493052695806e-06,760.16,699.35,836.18,WARNING,s_imbalance,s_thermal,s_ISC
2025-12-24,5,ESS-05 Cell Imbalance Drift,97.952,0.9545,0.2047,0.5652,20.51,2.899,286,1.456,-1.231,0.966,2.095,0.063,0.916,3.7166245258687437e-06,3.19893003086599e-06,4.318099044280319e-06,766.36,705.05,842.99,WARNING,s_imbalance,s_ISC,s_thermal
2025-12-25,5,ESS-05 Cell Imbalance Drift,97.998,0.8625,0.2783,0.554,18.0,3.484,292,2.068,-1.281,0.231,3.122,-0.065,1.084,3.995183754213528e-06,3.43868843815598e-06,4.6417382904861365e-06,833.73,767.03,917.1,WARNING,s_imbalance,s_ISC,s_thermal
2025-12-26,5,ESS-05 Cell Imbalance Drift,98.027,0.9256,0.3087,0.5275,20.87,3.599,283,1.766,-1.203,0.974,3.266,-0.067,1.201,4.20055136817444e-06,3.6154501833827638e-06,4.880341100262247e-06,880.46,810.02,968.5,WARNING,s_imbalance,s_ISC,s_thermal
2025-12-27,5,ESS-05 Cell Imbalance Drift,98.003,0.8375,0.1022,0.5527,19.61,3.269,288,2.131,-1.408,-0.022,2.287,0.012,0.886,3.669432870607884e-06,3.158311754973428e-06,4.263270228765059e-06,754.44,694.09,829.89,WARNING,s_imbalance,s_ISC,s_thermal
2025-12-28,5,ESS-05 Cell Imbalance Drift,97.947,0.8665,0.3402,0.5991,20.25,3.205,287,1.806,-1.471,0.295,2.434,-0.039,0.907,3.702563324870565e-06,3.1868274305015095e-06,4.3017622790819616e-06,762.82,701.8,839.11,WARNING,s_imbalance,s_ISC,s_thermal
2025-12-29,5,ESS-05 Cell Imbalance Drift,98.128,0.9189,0.1697,0.5611,18.82,3.481,291,2.147,-1.38,0.984,2.654,0.043,1.166,4.1370235077118535e-06,3.5607711836555396e-06,4.8065323562000985e-06,866.25,796.95,952.88,WARNING,s_imbalance,s_ISC,s_thermal
2025-12-30,5,ESS-05 Cell Imbalance Drift,98.021,0.9251,0.31,0.5708,19.41,3.134,293,1.202,-1.391,0.784,1.962,0.205,0.831,3.5833951093803566e-06,3.0842582927978285e-06,4.163308728933676e-06,732.33,673.74,805.56,WARNING,s_imbalance,s_thermal,s_ISC
2025-12-31,5,ESS-05 Cell Imbalance Drift,97.93,0.8468,0.2518,0.5183,19.73,3.294,286,1.847,-1.39,-0.155,2.658,0.064,0.914,3.7129761899828434e-06,3.195789875818622e-06,4.313860287815635e-06,765.44,704.21,841.99,WARNING,s_imbalance,s_ISC,s_thermal
2026-01-01,5,ESS-05 Cell Imbalance Drift,98.037,0.803,0.1896,0.4969,19.63,3.299,282,1.468,-1.422,-0.136,2.501,0.008,0.795,3.5294439720736244e-06,3.037822072573501e-06,4.100626522330146e-06,718.19,660.73,790.0,WARNING,s_imbalance,s_ISC,s_thermal
2026-01-02,5,ESS-05 Cell Imbalance Drift,97.994,0.8574,0.2464,0.5461,18.5,3.069,297,1.625,-1.643,0.009,2.261,-0.073,0.779,3.5043054648496274e-06,3.01618513769171e-06,4.071419777072325e-06,711.52,654.6,782.67,WARNING,s_imbalance,s_thermal,s_ISC
2026-01-03,5,ESS-05 Cell Imbalance Drift,97.986,0.8986,0.1519,0.5888,17.73,3.411,296,1.74,-1.583,0.42,2.498,-0.144,0.932,3.7417079563350584e-06,3.2205195619735107e-06,4.3472417975454684e-06,772.63,710.82,849.89,WARNING,s_imbalance,s_ISC,s_thermal
2026-01-04,5,ESS-05 Cell Imbalance Drift,97.927,0.9065,0.2945,0.5574,18.79,3.804,296,1.927,-1.849,0.88,3.239,-0.026,1.209,4.2147933169991725e-06,3.6277083567049566e-06,4.896887861555113e-06,883.61,812.92,971.97,WARNING,s_imbalance,s_ISC,s_thermal
2026-01-05,5,ESS-05 Cell Imbalance Drift,97.964,0.9199,0.2831,0.5812,17.21,3.531,289,1.883,-1.389,1.017,3.177,0.143,1.244,4.278493846103369e-06,3.6825359750710737e-06,4.970897215822037e-06,897.59,825.79,987.35,WARNING,s_imbalance,s_ISC,s_thermal
2026-01-06,5,ESS-05 Cell Imbalance Drift,98.025,0.6861,0.0963,0.5032,17.49,3.173,299,2.269,-1.612,0.298,2.298,0.024,0.978,3.816587440553398e-06,3.284968999163841e-06,4.434239239973645e-06,791.1,727.81,870.21,WARNING,s_imbalance,s_ISC,s_thermal
2026-01-07,5,ESS-05 Cell Imbalance Drift,97.952,0.8362,0.194,0.5092,17.86,3.404,302,1.827,-1.593,-0.412,2.708,-0.057,0.907,3.7025684289329455e-06,3.1868318236132447e-06,4.301768209149306e-06,762.82,701.8,839.11,WARNING,s_imbalance,s_ISC,s_thermal
2026-01-08,5,ESS-05 Cell Imbalance Drift,97.957,0.9222,0.3517,0.5996,17.39,3.4,299,1.383,-1.837,0.604,2.762,0.177,0.985,3.828834219451752e-06,3.295509910672669e-06,4.448467949455814e-06,794.08,730.56,873.49,WARNING,s_imbalance,s_thermal,s_ISC
2026-01-09,5,ESS-05 Cell Imbalance Drift,97.908,0.8693,0.1509,0.5597,19.7,3.793,301,2.579,-1.662,0.3,2.98,0.123,1.197,4.192393184041171e-06,3.608428361017112e-06,4.870862655451982e-06,878.64,808.35,966.51,WARNING,s_imbalance,s_ISC,s_thermal
2026-01-10,5,ESS-05 Cell Imbalance Drift,98.031,0.7191,0.3218,0.5035,20.33,3.851,306,2.748,-1.391,0.174,3.542,0.211,1.335,4.44884155811043e-06,3.829155787799368e-06,5.168812741269889e-06,933.99,859.27,1027.39,WARNING,s_imbalance,s_ISC,s_thermal
2026-01-11,5,ESS-05 Cell Imbalance Drift,97.948,0.9453,0.3511,0.5626,17.14,3.384,309,1.806,-1.59,0.726,2.749,0.128,1.082,3.99066755023762e-06,3.4348013010468368e-06,4.636491216841018e-06,832.67,766.06,915.94,WARNING,s_imbalance,s_ISC,s_thermal
2026-01-12,5,ESS-05 Cell Imbalance Drift,97.978,0.8305,0.2493,0.5488,20.09,3.25,301,1.583,-1.138,-0.238,2.691,-0.169,0.855,3.620299307325605e-06,3.1160220622051765e-06,4.206185239821247e-06,741.88,682.53,816.07,WARNING,s_imbalance,s_ISC,s_thermal
2026-01-13,5,ESS-05 Cell Imbalance Drift,97.895,0.8643,0.267,0.529,17.11,4.059,312,2.75,-1.377,-0.029,3.523,0.077,1.27,4.3266361649575645e-06,3.723972502579361e-06,5.026830532498158e-06,908.03,835.38,998.83,WARNING,s_imbalance,s_ISC,s_thermal
2026-01-14,5,ESS-05 Cell Imbalance Drift,97.914,0.893,0.2836,0.5584,16.48,3.277,302,2.242,-1.646,0.645,2.536,0.031,1.091,4.006814878766573e-06,3.4486994509919967e-06,4.655251711773451e-06,836.44,769.52,920.08,WARNING,s_imbalance,s_ISC,s_thermal
2026-01-15,5,ESS-05 Cell Imbalance Drift,97.945,0.9348,0.3196,0.602,17.16,3.408,312,2.136,-1.674,1.039,2.609,0.13,1.183,4.16772933931033e-06,3.587199968407547e-06,4.842207394855623e-06,873.14,803.29,960.46,WARNING,s_imbalance,s_ISC,s_thermal
2026-01-16,5,ESS-05 Cell Imbalance Drift,97.977,0.8318,0.377,0.5958,17.81,3.591,314,2.089,-1.415,-0.027,2.806,0.06,0.991,3.83819820646378e-06,3.3035695775924336e-06,4.45934733671583e-06,796.36,732.65,876.0,WARNING,s_imbalance,s_ISC,s_thermal
2026-01-17,5,ESS-05 Cell Imbalance Drift,97.968,0.8552,0.3693,0.5641,16.89,3.462,301,2.038,-1.63,-0.111,2.588,0.095,0.944,3.76195094283861e-06,3.2379428801346266e-06,4.37076076388014e-06,777.66,715.44,855.42,WARNING,s_imbalance,s_ISC,s_thermal
2026-01-18,5,ESS-05 Cell Imbalance Drift,97.96,0.7786,0.1338,0.5174,18.65,3.484,321,2.077,-1.484,0.259,3.035,-0.065,1.074,3.977659068175481e-06,3.4236047843474886e-06,4.621377536425133e-06,829.63,763.26,912.59,WARNING,s_imbalance,s_ISC,s_thermal
2026-01-19,5,ESS-05 Cell Imbalance Drift,98.023,1.0,0.2728,0.5715,18.1,3.265,312,1.602,-1.433,1.514,2.646,0.049,1.162,4.130648753164733e-06,3.555284375250359e-06,4.799125957987974e-06,864.81,795.63,951.29,WARNING,s_imbalance,s_ISC,s_overcharge
2026-01-20,5,ESS-05 Cell Imbalance Drift,97.893,0.7549,0.1551,0.5584,18.92,3.694,314,1.593,-1.632,-0.022,3.129,-0.216,0.944,3.7623881618446243e-06,3.2383191984149593e-06,4.371268739274339e-06,777.76,715.54,855.54,WARNING,s_imbalance,s_thermal,s_ISC
2026-01-21,5,ESS-05 Cell Imbalance Drift,97.821,0.7888,0.3246,0.5347,18.05,3.451,315,2.19,-1.298,-0.123,2.653,0.056,0.98,3.8199324684495755e-06,3.2878480944179564e-06,4.43812560312334e-06,791.91,728.56,871.11,WARNING,s_imbalance,s_ISC,s_thermal
2026-01-22,5,ESS-05 Cell Imbalance Drift,97.866,0.7798,0.0607,0.4537,18.99,3.771,328,2.213,-1.84,-0.292,2.944,0.297,1.091,4.006326348351483e-06,3.448278968497674e-06,4.654684121144638e-06,836.33,769.42,919.96,WARNING,s_imbalance,s_ISC,s_thermal
2026-01-23,5,ESS-05 Cell Imbalance Drift,97.954,0.856,0.2796,0.5902,17.21,3.206,322,1.407,-1.792,0.208,2.67,0.153,0.888,3.67163569925149e-06,3.1602077490964295e-06,4.2658295474734995e-06,755.0,694.6,830.5,WARNING,s_imbalance,s_thermal,s_ISC
2026-01-24,5,ESS-05 Cell Imbalance Drift,97.871,0.8585,0.1578,0.5057,15.37,3.374,323,1.585,-1.502,0.143,2.726,-0.322,0.891,3.6768565162576057e-06,3.1647013525366396e-06,4.271895264232641e-06,756.33,695.82,831.96,WARNING,s_imbalance,s_ISC,s_thermal
2026-01-25,5,ESS-05 Cell Imbalance Drift,97.929,1.0,0.2533,0.6303,20.12,3.328,322,2.186,-0.945,1.711,2.657,0.206,1.352,4.4812442110147536e-06,3.857045044302601e-06,5.206459198562929e-06,940.75,865.49,1034.83,WARNING,s_imbalance,s_ISC,s_overcharge
2026-01-26,5,ESS-05 Cell Imbalance Drift,97.88,0.776,0.0435,0.5098,15.63,3.552,328,2.205,-1.041,-0.01,3.293,-0.331,1.1,4.0215401471003e-06,3.461373621075175e-06,4.672360010528754e-06,839.86,772.67,923.84,WARNING,s_imbalance,s_ISC,s_thermal
2026-01-27,5,ESS-05 Cell Imbalance Drift,97.96,0.8525,0.2089,0.497,19.63,3.539,329,1.654,-1.088,0.281,3.17,-0.007,1.021,3.888112237539468e-06,3.3465310285104834e-06,4.517339094700318e-06,808.41,743.73,889.25,WARNING,s_imbalance,s_ISC,s_thermal
2026-01-28,5,ESS-05 Cell Imbalance Drift,97.848,0.8663,0.2423,0.4829,15.83,3.717,323,2.094,-1.806,0.209,3.121,0.136,1.112,4.043020459135903e-06,3.479861917748751e-06,4.697316540024879e-06,844.82,777.24,929.31,WARNING,s_imbalance,s_ISC,s_thermal
2026-01-29,5,ESS-05 Cell Imbalance Drift,97.785,0.854,0.2122,0.6035,19.82,3.669,330,2.491,-0.905,0.226,2.892,0.008,1.123,4.062612526526958e-06,3.496724985466131e-06,4.720079244946227e-06,849.33,781.38,934.26,WARNING,s_imbalance,s_ISC,s_thermal
2026-01-30,5,ESS-05 Cell Imbalance Drift,97.835,0.8863,0.2078,0.5549,16.87,3.651,332,2.086,-1.697,0.239,2.687,0.04,1.01,3.870571020985579e-06,3.3314331471897337e-06,4.496959134238405e-06,804.19,739.86,884.61,WARNING,s_imbalance,s_ISC,s_thermal
2026-01-31,5,ESS-05 Cell Imbalance Drift,97.884,0.8326,0.2468,0.604,18.97,3.522,327,1.993,-1.756,-0.273,2.884,-0.03,0.975,3.812743625782666e-06,3.2816605936149133e-06,4.429773369864257e-06,790.16,726.95,869.17,WARNING,s_imbalance,s_ISC,s_thermal
2026-02-01,5,ESS-05 Cell Imbalance Drift,97.9,0.8446,0.0221,0.5118,14.57,3.857,338,2.456,-2.254,-0.237,3.257,0.091,1.161,4.128587625321012e-06,3.553510344033911e-06,4.7967312722813014e-06,864.35,795.2,950.78,WARNING,s_imbalance,s_ISC,s_thermal
2026-02-02,5,ESS-05 Cell Imbalance Drift,97.866,0.893,0.3493,0.5878,19.61,3.581,337,1.716,-1.202,0.199,3.003,-0.189,0.983,3.825902397704595e-06,3.2929864656188283e-06,4.445061662776097e-06,793.37,729.9,872.71,WARNING,s_imbalance,s_ISC,s_thermal
2026-02-03,5,ESS-05 Cell Imbalance Drift,97.832,0.8321,0.3569,0.5676,19.07,3.684,332,2.311,-1.393,-0.092,3.001,-0.209,1.062,3.957606909933987e-06,3.406345712727719e-06,4.598080282257851e-06,824.92,758.93,907.41,WARNING,s_imbalance,s_ISC,s_thermal
2026-02-04,5,ESS-05 Cell Imbalance Drift,97.837,0.9621,0.2956,0.5862,18.11,3.49,329,1.795,-2.152,0.913,3.03,0.305,1.209,4.2138666297811105e-06,3.6269107486882918e-06,4.895811206081476e-06,883.41,812.73,971.75,WARNING,s_imbalance,s_thermal,s_ISC
2026-02-05,5,ESS-05 Cell Imbalance Drift,97.775,0.9166,0.3194,0.6108,15.7,3.52,331,2.081,-1.394,0.53,2.906,0.113,1.126,4.067244189830148e-06,3.5007114995297256e-06,4.725460462892648e-06,850.39,782.36,935.43,WARNING,s_imbalance,s_ISC,s_thermal
2026-02-06,5,ESS-05 Cell Imbalance Drift,97.855,0.8133,0.2121,0.585,16.54,3.633,344,2.385,-1.016,0.158,2.847,-0.101,1.078,3.984607886679031e-06,3.4295856944935324e-06,4.629450901305982e-06,831.26,764.76,914.38,WARNING,s_imbalance,s_ISC,s_thermal
2026-02-07,5,ESS-05 Cell Imbalance Drift,97.82,0.8268,0.2383,0.4942,17.23,3.955,334,2.235,-1.453,0.076,3.738,0.248,1.259,4.306624976478475e-06,3.706748692325274e-06,5.003580880968894e-06,903.7,831.41,994.07,WARNING,s_imbalance,s_ISC,s_thermal
2026-02-08,5,ESS-05 Cell Imbalance Drift,97.9,0.8037,0.179,0.5459,17.06,3.651,343,2.517,-1.81,0.145,3.033,0.116,1.162,4.130929118075632e-06,3.5555256878431758e-06,4.799451695106403e-06,864.88,795.69,951.36,WARNING,s_imbalance,s_ISC,s_thermal
2026-02-09,5,ESS-05 Cell Imbalance Drift,97.792,0.9925,0.2049,0.5543,16.08,3.767,339,2.457,-1.633,1.481,2.839,-0.011,1.355,4.487794972464089e-06,3.862683343977715e-06,5.214070086483521e-06,942.12,866.75,1036.33,WARNING,s_imbalance,s_ISC,s_thermal
2026-02-10,5,ESS-05 Cell Imbalance Drift,97.897,0.8871,0.4523,0.5909,16.63,3.548,336,1.852,-1.448,0.637,2.754,0.049,1.058,3.950863973245797e-06,3.40054200694238e-06,4.5902461175436105e-06,823.33,757.46,905.66,WARNING,s_imbalance,s_ISC,s_thermal
2026-02-11,5,ESS-05 Cell Imbalance Drift,97.856,0.7174,0.1938,0.5074,17.24,3.899,341,2.601,-1.93,-0.051,3.463,-0.181,1.213,4.221687434268094e-06,3.6336421854017713e-06,4.904897672135639e-06,885.14,814.32,973.65,WARNING,s_imbalance,s_ISC,s_thermal
2026-02-12,5,ESS-05 Cell Imbalance Drift,97.712,0.8226,0.2334,0.5125,17.34,4.047,351,2.53,-1.588,-0.413,3.527,0.062,1.224,4.2416589855075e-06,3.650831879119632e-06,4.928101272464946e-06,889.53,818.37,978.49,WARNING,s_imbalance,s_ISC,s_thermal
2026-02-13,5,ESS-05 Cell Imbalance Drift,97.862,0.9193,0.3018,0.4956,18.09,3.76,343,2.578,-1.292,0.686,3.094,-0.05,1.272,4.329603295942811e-06,3.7265263389647356e-06,5.030277842050223e-06,908.66,835.97,999.53,WARNING,s_imbalance,s_ISC,s_thermal
2026-02-14,5,ESS-05 Cell Imbalance Drift,97.878,0.9307,0.2536,0.5848,17.05,3.86,345,2.277,-1.968,0.504,3.496,0.051,1.266,4.318503498576559e-06,3.7169726433264055e-06,5.017381735431646e-06,906.27,833.77,996.9,WARNING,s_imbalance,s_ISC,s_thermal
2026-02-15,5,ESS-05 Cell Imbalance Drift,97.89,0.7458,0.1821,0.5184,17.27,3.87,348,1.864,-1.539,0.159,3.354,0.063,1.088,4.001449456794151e-06,3.444081384352053e-06,4.649017988878183e-06,835.19,768.37,918.71,WARNING,s_imbalance,s_ISC,s_thermal
2026-02-16,5,ESS-05 Cell Imbalance Drift,97.833,0.8733,0.2385,0.539,17.59,4.141,350,2.304,-1.766,0.138,3.709,-0.047,1.23,4.253484327087319e-06,3.6610100569852266e-06,4.941840340355793e-06,892.13,820.76,981.34,WARNING,s_imbalance,s_ISC,s_thermal
2026-02-17,5,ESS-05 Cell Imbalance Drift,97.846,1.0,0.2593,0.6149,17.9,4.048,354,2.642,-2.071,1.494,3.989,0.118,1.648,5.089241351136023e-06,4.380353730067149e-06,5.912850001355384e-06,1059.36,974.61,1165.29,CRITICAL,s_imbalance,s_ISC,s_thermal
2026-02-18,5,ESS-05 Cell Imbalance Drift,97.801,0.8245,0.1921,0.5283,20.46,3.73,341,1.851,-1.71,-0.448,3.001,-0.088,0.97,3.8043114939005593e-06,3.274402982745429e-06,4.419976642380858e-06,788.09,725.05,866.9,WARNING,s_imbalance,s_ISC,s_thermal
2026-02-19,5,ESS-05 Cell Imbalance Drift,97.771,0.8419,0.3169,0.5409,19.43,3.895,351,2.797,-1.411,0.371,3.578,0.09,1.367,4.510784507204439e-06,3.882470644705031e-06,5.240780076272059e-06,946.88,871.13,1041.57,WARNING,s_imbalance,s_ISC,s_thermal
2026-02-20,5,ESS-05 Cell Imbalance Drift,97.695,0.76,0.1256,0.5242,16.8,3.83,354,2.493,-1.686,-0.158,3.362,-0.097,1.171,4.146512118991434e-06,3.568938116492323e-06,4.817556534922077e-06,868.39,798.92,955.22,WARNING,s_imbalance,s_ISC,s_thermal
2026-02-21,5,ESS-05 Cell Imbalance Drift,97.786,0.879,0.2599,0.4947,16.69,3.749,358,2.494,-1.888,0.281,3.52,-0.019,1.259,4.30612697800441e-06,3.706320060552174e-06,5.0030022900953605e-06,903.6,831.31,993.96,WARNING,s_imbalance,s_ISC,s_thermal
2026-02-22,5,ESS-05 Cell Imbalance Drift,97.743,0.8742,0.2282,0.5297,15.94,4.09,357,2.317,-2.041,-0.004,3.896,-0.132,1.243,4.27601154880431e-06,3.680399439440075e-06,4.968013201812022e-06,897.05,825.29,986.76,WARNING,s_imbalance,s_ISC,s_thermal
2026-02-23,5,ESS-05 Cell Imbalance Drift,97.826,0.8616,0.2478,0.5714,18.26,3.859,352,2.085,-1.288,-0.1,3.532,-0.093,1.123,4.062746961784064e-06,3.496840695095195e-06,4.720235436225978e-06,849.36,781.41,934.3,WARNING,s_imbalance,s_ISC,s_thermal
2026-02-24,5,ESS-05 Cell Imbalance Drift,97.762,0.9602,0.3323,0.5709,16.72,4.047,360,2.343,-1.26,1.197,3.799,-0.006,1.468,4.709993600626248e-06,4.053931720610836e-06,5.472227677097423e-06,987.16,908.19,1085.88,WARNING,s_imbalance,s_ISC,s_thermal
2026-02-25,5,ESS-05 Cell Imbalance Drift,97.744,0.8155,0.0917,0.5033,18.05,3.679,361,2.213,-1.883,-0.14,3.153,0.024,1.078,3.9843981582250675e-06,3.429405179339947e-06,4.629207231920743e-06,831.21,764.71,914.33,WARNING,s_imbalance,s_ISC,s_thermal
2026-02-26,5,ESS-05 Cell Imbalance Drift,97.806,0.8202,0.3052,0.55,18.79,4.158,362,2.595,-1.458,-0.247,3.945,-0.104,1.308,4.397820055215692e-06,3.7852411191739873e-06,5.109534296959872e-06,923.24,849.38,1015.56,WARNING,s_imbalance,s_ISC,s_thermal
2026-02-27,5,ESS-05 Cell Imbalance Drift,97.883,0.832,0.3209,0.535,20.89,3.991,364,2.571,-0.972,-0.132,3.248,-0.063,1.164,4.133582796615723e-06,3.557809732758847e-06,4.802534825579844e-06,865.47,796.24,952.02,WARNING,s_imbalance,s_ISC,s_thermal
2026-02-28,5,ESS-05 Cell Imbalance Drift,97.77,0.795,0.2898,0.513,17.4,3.85,362,2.377,-1.919,-0.036,3.146,-0.13,1.105,4.030071774441525e-06,3.46871686901529e-06,4.682272334403962e-06,841.83,774.49,926.02,WARNING,s_imbalance,s_ISC,s_thermal
2026-03-01,5,ESS-05 Cell Imbalance Drift,97.665,0.7933,0.2484,0.5685,20.17,3.918,369,2.245,-1.224,0.049,3.467,0.019,1.156,4.12020018746024e-06,3.5462912010706527e-06,4.786986472774593e-06,862.45,793.46,948.7,WARNING,s_imbalance,s_ISC,s_thermal
2026-03-02,5,ESS-05 Cell Imbalance Drift,97.738,0.7449,0.2268,0.53,19.25,3.639,355,1.946,-1.561,-0.011,3.236,-0.104,1.036,3.913801473460509e-06,3.3686419828049374e-06,4.547185690978084e-06,814.54,749.38,896.0,WARNING,s_imbalance,s_ISC,s_thermal
2026-03-03,5,ESS-05 Cell Imbalance Drift,97.772,0.781,0.2519,0.5348,18.01,3.908,363,2.783,-1.37,0.267,3.276,0.245,1.314,4.409326803972914e-06,3.7951450817618814e-06,5.122903212633789e-06,925.67,851.62,1018.24,WARNING,s_imbalance,s_ISC,s_thermal
2026-03-04,5,ESS-05 Cell Imbalance Drift,97.73,0.7517,0.3452,0.5636,17.58,4.084,357,2.504,-1.624,0.158,3.837,-0.003,1.3,4.381950427873497e-06,3.7715819876332105e-06,5.091096446692125e-06,919.87,846.28,1011.85,WARNING,s_imbalance,s_ISC,s_thermal
2026-03-05,5,ESS-05 Cell Imbalance Drift,97.77,0.9491,0.4156,0.5843,20.37,3.893,372,2.125,-1.544,1.086,3.638,0.079,1.386,4.5466115876433025e-06,3.913307337515052e-06,5.282405144128996e-06,954.25,877.91,1049.68,WARNING,s_imbalance,s_ISC,s_thermal
2026-03-06,5,ESS-05 Cell Imbalance Drift,97.672,0.8122,0.1782,0.5574,16.94,4.126,370,2.39,-1.121,-0.132,3.814,0.124,1.266,4.318366517095112e-06,3.716854742130861e-06,5.01722258587833e-06,906.24,833.74,996.87,WARNING,s_imbalance,s_ISC,s_thermal
2026-03-07,5,ESS-05 Cell Imbalance Drift,97.687,0.7559,0.2189,0.4927,17.36,4.064,374,3.141,-1.686,-0.064,3.649,-0.036,1.358,4.492984129758717e-06,3.8671496986393145e-06,5.220099018356886e-06,943.19,867.74,1037.51,WARNING,s_imbalance,s_ISC,s_thermal
2026-03-08,5,ESS-05 Cell Imbalance Drift,97.672,0.817,0.2561,0.5553,18.67,3.956,373,2.311,-1.498,0.033,3.634,0.043,1.204,4.206036675052938e-06,3.620171436294673e-06,4.886714108955244e-06,881.67,811.14,969.84,WARNING,s_imbalance,s_ISC,s_thermal
2026-03-09,5,ESS-05 Cell Imbalance Drift,97.713,0.7442,0.1737,0.5153,16.97,3.839,370,2.081,-1.551,-0.038,3.414,0.118,1.123,4.0613841564858694e-06,3.4956677163773507e-06,4.718652084446096e-06,849.05,781.13,933.95,WARNING,s_imbalance,s_ISC,s_thermal
2026-03-10,5,ESS-05 Cell Imbalance Drift,97.678,0.9033,0.3627,0.6003,19.11,4.018,375,2.839,-0.975,0.487,3.402,-0.015,1.346,4.469057041464673e-06,3.8465554371833544e-06,5.19229974816719e-06,938.22,863.16,1032.04,WARNING,s_imbalance,s_ISC,s_thermal
2026-03-11,5,ESS-05 Cell Imbalance Drift,97.628,0.9439,0.26,0.5388,18.02,3.977,375,2.477,-1.163,0.995,3.564,-0.174,1.407,4.5885122770820256e-06,3.949371641022674e-06,5.331086727943122e-06,962.81,885.78,1059.09,WARNING,s_imbalance,s_ISC,s_thermal
2026-03-12,5,ESS-05 Cell Imbalance Drift,97.641,0.8949,0.2424,0.5321,19.27,3.968,381,2.565,-0.895,0.634,3.419,0.022,1.328,4.435391613259165e-06,3.8175792986574735e-06,5.153186157246373e-06,931.17,856.67,1024.28,WARNING,s_imbalance,s_ISC,s_thermal
2026-03-13,5,ESS-05 Cell Imbalance Drift,97.739,0.8637,0.3211,0.5812,20.07,4.167,375,2.423,-1.257,-0.087,3.879,0.083,1.277,4.339563132418999e-06,3.735098860015388e-06,5.041849504885554e-06,910.81,837.94,1001.89,WARNING,s_imbalance,s_ISC,s_thermal
2026-03-14,5,ESS-05 Cell Imbalance Drift,97.79,0.8132,0.2532,0.5195,14.65,3.929,376,2.894,-1.893,-0.083,3.159,0.239,1.258,4.3047687874482645e-06,3.705151053704854e-06,5.00142429999807e-06,903.3,831.04,993.63,WARNING,s_imbalance,s_ISC,s_thermal
2026-03-15,5,ESS-05 Cell Imbalance Drift,97.625,0.8204,0.1948,0.5199,19.08,4.065,383,2.801,-1.006,-0.049,3.147,-0.077,1.19,4.17980898803419e-06,3.5975970305057194e-06,4.856241925423633e-06,875.84,805.77,963.43,WARNING,s_imbalance,s_ISC,s_thermal
2026-03-16,5,ESS-05 Cell Imbalance Drift,97.737,0.8311,0.2633,0.5382,20.67,4.027,383,2.546,-1.001,0.249,3.935,0.052,1.356,4.489865262117293e-06,3.864465261024054e-06,5.216475416400292e-06,942.55,867.14,1036.8,WARNING,s_imbalance,s_ISC,s_thermal
2026-03-17,5,ESS-05 Cell Imbalance Drift,97.644,0.6975,0.0963,0.5685,17.39,4.076,380,2.956,-1.169,0.158,3.553,-0.07,1.334,4.4460959003094716e-06,3.826792575301544e-06,5.165622746609937e-06,933.41,858.74,1026.76,WARNING,s_imbalance,s_ISC,s_thermal
2026-03-18,5,ESS-05 Cell Imbalance Drift,97.686,0.8251,0.2869,0.6187,19.38,4.153,381,2.629,-1.278,-0.118,3.861,-0.005,1.298,4.379146050852091e-06,3.7691682350163587e-06,5.087838230058785e-06,919.27,845.73,1011.2,WARNING,s_imbalance,s_ISC,s_thermal
2026-03-19,5,ESS-05 Cell Imbalance Drift,97.74,0.9343,0.2296,0.554,19.82,3.673,384,1.908,-0.973,0.962,3.172,-0.202,1.208,4.2137818562477474e-06,3.6268377833462824e-06,4.895712713421871e-06,883.39,812.72,971.73,WARNING,s_imbalance,s_ISC,s_thermal
2026-03-20,5,ESS-05 Cell Imbalance Drift,97.688,0.78,0.2827,0.5542,20.82,4.054,392,2.672,-1.094,-0.1,3.761,-0.188,1.287,4.357266945828234e-06,3.7503366918889476e-06,5.062418372581718e-06,914.6,841.43,1006.06,WARNING,s_imbalance,s_ISC,s_thermal
2026-03-21,5,ESS-05 Cell Imbalance Drift,97.706,0.8073,0.2344,0.5362,17.91,4.438,385,3.614,-1.495,-0.228,3.917,-0.051,1.506,4.788160178906827e-06,4.1212104070376055e-06,5.563044144784246e-06,1002.51,922.31,1102.76,CRITICAL,s_imbalance,s_ISC,s_thermal
2026-03-22,5,ESS-05 Cell Imbalance Drift,97.636,0.7613,0.3282,0.4833,16.72,4.094,392,2.615,-1.473,-0.156,3.694,0.031,1.268,4.322921085244269e-06,3.720774899984557e-06,5.022514231714723e-06,907.22,834.65,997.95,WARNING,s_imbalance,s_ISC,s_thermal
2026-03-23,5,ESS-05 Cell Imbalance Drift,97.663,0.8043,0.3183,0.4851,19.59,3.882,400,2.436,-1.15,0.012,2.845,0.029,1.064,3.961012632896839e-06,3.4092770488806045e-06,4.60203716274658e-06,825.72,759.66,908.29,WARNING,s_imbalance,s_ISC,s_thermal
2026-03-24,5,ESS-05 Cell Imbalance Drift,97.675,1.0,0.3955,0.6263,18.14,4.132,388,2.457,-1.292,1.708,3.67,-0.187,1.567,4.9147485392654005e-06,4.230166165778575e-06,5.710118605634006e-06,1026.83,944.69,1129.52,CRITICAL,s_imbalance,s_ISC,s_overcharge
2026-03-25,5,ESS-05 Cell Imbalance Drift,97.665,0.9075,0.286,0.5914,20.13,4.23,398,2.758,-0.928,0.902,3.681,0.038,1.476,4.726042738916271e-06,4.0677453601079605e-06,5.490874087054598e-06,990.34,911.11,1089.37,WARNING,s_imbalance,s_ISC,s_thermal
2026-03-26,5,ESS-05 Cell Imbalance Drift,97.644,0.8565,0.2773,0.5992,18.01,4.185,395,2.788,-1.5,-0.003,4.005,-0.078,1.359,4.4943998513886595e-06,3.868368223064038e-06,5.2217438498323704e-06,943.49,868.01,1037.84,WARNING,s_imbalance,s_ISC,s_thermal
2026-03-27,5,ESS-05 Cell Imbalance Drift,97.613,0.806,0.1105,0.4938,19.26,4.031,393,2.965,-1.276,0.12,3.406,-0.035,1.298,4.379093905813728e-06,3.769123353311155e-06,5.087777646253497e-06,919.26,845.72,1011.19,WARNING,s_imbalance,s_ISC,s_thermal
2026-03-28,5,ESS-05 Cell Imbalance Drift,97.621,0.7396,0.107,0.4736,22.31,4.109,403,2.974,-1.013,-0.039,3.498,0.044,1.303,4.388804086880698e-06,3.777480993815196e-06,5.0990592511121985e-06,921.32,847.62,1013.46,WARNING,s_imbalance,s_ISC,s_thermal
2026-03-29,5,ESS-05 Cell Imbalance Drift,97.693,0.7997,0.3734,0.5477,16.86,4.429,406,2.935,-2.044,-0.055,4.264,0.269,1.494,4.7620509591695e-06,4.098737963457084e-06,5.532709606126102e-06,997.41,917.62,1097.15,WARNING,s_imbalance,s_ISC,s_thermal
2026-03-30,5,ESS-05 Cell Imbalance Drift,97.676,0.8299,0.2258,0.569,20.75,4.492,396,2.928,-0.963,-0.062,4.429,0.152,1.502,4.7790769320032554e-06,4.113392373557244e-06,5.552490933836134e-06,1000.74,920.68,1100.81,CRITICAL,s_imbalance,s_ISC,s_thermal
2026-03-31,5,ESS-05 Cell Imbalance Drift,97.556,0.9576,0.3526,0.5684,21.14,3.966,390,2.778,-0.626,1.183,3.306,0.015,1.456,4.686548571511584e-06,4.0337523706323245e-06,5.4449884808724246e-06,982.51,903.91,1080.76,WARNING,s_imbalance,s_ISC,s_overcharge
2026-04-01,5,ESS-05 Cell Imbalance Drift,97.559,0.8961,0.0406,0.5062,20.46,4.522,393,3.46,-1.356,0.138,4.542,-0.129,1.628,5.04447035144016e-06,4.341818919122787e-06,5.860833606133516e-06,1051.12,967.03,1156.23,CRITICAL,s_imbalance,s_ISC,s_thermal
2026-04-02,5,ESS-05 Cell Imbalance Drift,97.627,0.8159,0.3223,0.5477,20.43,4.698,398,3.015,-1.421,-0.113,4.149,0.051,1.443,4.66001482084208e-06,4.010914530053993e-06,5.4141607073865025e-06,977.22,899.04,1074.94,WARNING,s_imbalance,s_ISC,s_thermal
2026-04-03,5,ESS-05 Cell Imbalance Drift,97.604,0.8824,0.1687,0.5677,19.96,3.98,398,2.223,-1.416,0.309,3.4,-0.058,1.186,4.174233825878286e-06,3.5927984383843833e-06,4.849764519879404e-06,874.6,804.63,962.06,WARNING,s_imbalance,s_ISC,s_thermal
2026-04-04,5,ESS-05 Cell Imbalance Drift,97.618,0.887,0.213,0.5593,17.0,3.868,405,2.026,-1.655,0.604,3.34,-0.203,1.194,4.187851417005578e-06,3.604519221339371e-06,4.865585882143955e-06,877.63,807.42,965.4,WARNING,s_imbalance,s_ISC,s_thermal
2026-04-05,5,ESS-05 Cell Imbalance Drift,97.571,0.8102,0.0778,0.5274,20.78,3.975,406,2.405,-1.208,0.403,3.295,0.052,1.231,4.25498059255171e-06,3.6622979061315848e-06,4.94357875041481e-06,892.46,821.06,981.7,WARNING,s_imbalance,s_ISC,s_thermal
2026-04-06,5,ESS-05 Cell Imbalance Drift,97.597,0.8216,0.3519,0.5971,19.16,3.806,395,2.474,-1.698,0.095,3.442,0.111,1.225,4.242885544849467e-06,3.6518875897764915e-06,4.92952632915245e-06,889.8,818.62,978.78,WARNING,s_imbalance,s_ISC,s_thermal
2026-04-07,5,ESS-05 Cell Imbalance Drift,97.721,0.9622,0.2489,0.5322,19.38,4.155,407,2.404,-1.295,1.126,3.327,-0.068,1.371,4.518669737951544e-06,3.889257534241095e-06,5.249941393978652e-06,948.51,872.63,1043.36,WARNING,s_imbalance,s_ISC,s_thermal
2026-04-08,5,ESS-05 Cell Imbalance Drift,97.522,0.8858,0.3401,0.5552,21.28,4.547,408,2.641,-0.912,0.5,4.166,0.3,1.521,4.819211087229574e-06,4.147936207271497e-06,5.599120097250457e-06,1008.53,927.85,1109.39,CRITICAL,s_imbalance,s_ISC,s_thermal
2026-04-09,5,ESS-05 Cell Imbalance Drift,97.536,0.7987,0.1725,0.5569,20.76,4.127,419,2.431,-1.089,0.126,3.636,0.24,1.287,4.357508406240812e-06,3.750544519044325e-06,5.062698909161658e-06,914.65,841.48,1006.12,WARNING,s_imbalance,s_ISC,s_thermal
2026-04-10,5,ESS-05 Cell Imbalance Drift,97.6,0.8581,0.1426,0.5033,19.15,4.308,407,2.734,-1.784,0.452,3.952,0.006,1.429,4.631457562903591e-06,3.986335038550053e-06,5.380981957125331e-06,971.49,893.77,1068.64,WARNING,s_imbalance,s_ISC,s_thermal
2026-04-11,5,ESS-05 Cell Imbalance Drift,97.607,0.8547,0.3365,0.6125,23.52,3.734,417,2.17,-0.875,-0.266,3.277,0.068,1.103,4.027381620223151e-06,3.4664014292230144e-06,4.679146825190413e-06,841.21,773.91,925.33,WARNING,s_imbalance,s_ISC,s_thermal
2026-04-12,5,ESS-05 Cell Imbalance Drift,97.639,0.8521,0.2341,0.5774,21.42,4.02,406,2.768,-1.248,-0.234,3.615,-0.166,1.277,4.338730004500405e-06,3.7343817793036527e-06,5.040881549700599e-06,910.63,837.78,1001.69,WARNING,s_imbalance,s_ISC,s_thermal
2026-04-13,5,ESS-05 Cell Imbalance Drift,97.577,0.7585,0.1763,0.5159,19.54,4.078,418,2.958,-1.456,-0.082,3.518,-0.228,1.295,4.373840850042092e-06,3.7646020007954067e-06,5.081674474824343e-06,918.14,844.69,1009.95,WARNING,s_imbalance,s_ISC,s_thermal
2026-04-14,5,ESS-05 Cell Imbalance Drift,97.651,0.6899,0.1502,0.5244,21.16,4.084,422,2.201,-0.56,0.02,3.53,0.085,1.167,4.13983672477892e-06,3.5631925448161667e-06,4.809800843742771e-06,866.88,797.53,953.57,WARNING,s_imbalance,s_ISC,s_thermal
2026-04-15,5,ESS-05 Cell Imbalance Drift,97.548,0.8103,0.3194,0.5588,21.98,4.468,415,2.873,-1.6,0.054,3.93,0.124,1.396,4.567680075619462e-06,3.931441176189122e-06,5.306883198796953e-06,958.56,881.88,1054.42,WARNING,s_imbalance,s_ISC,s_thermal
2026-04-16,5,ESS-05 Cell Imbalance Drift,97.566,0.8328,0.3069,0.5242,23.97,4.226,424,2.725,-0.825,0.063,4.176,-0.189,1.393,4.561066270534882e-06,3.925748614159862e-06,5.299199064927068e-06,957.21,880.64,1052.93,WARNING,s_imbalance,s_ISC,s_thermal
2026-04-17,5,ESS-05 Cell Imbalance Drift,97.535,0.7495,0.2153,0.5552,19.32,4.381,419,3.202,-1.151,-0.135,3.877,-0.077,1.416,4.605676421266474e-06,3.964144975750605e-06,5.351028588731545e-06,966.29,888.98,1062.91,WARNING,s_imbalance,s_ISC,s_thermal
2026-04-18,5,ESS-05 Cell Imbalance Drift,97.539,0.846,0.2922,0.5346,21.83,4.471,427,3.457,-0.493,-0.239,3.982,0.09,1.506,4.787355295850538e-06,4.1205176368469565e-06,5.5621090055371926e-06,1002.35,922.16,1102.59,CRITICAL,s_imbalance,s_ISC,s_thermal
2026-04-19,5,ESS-05 Cell Imbalance Drift,97.565,0.7843,0.2473,0.5808,19.75,4.258,424,2.278,-1.13,0.443,4.129,0.133,1.397,4.567979901447457e-06,3.931699238999207e-06,5.307231546195754e-06,958.63,881.94,1054.49,WARNING,s_imbalance,s_ISC,s_thermal
2026-04-20,5,ESS-05 Cell Imbalance Drift,97.526,0.9608,0.1036,0.508,24.46,4.405,417,3.022,0.311,1.296,4.003,0.003,1.727,5.263814166966309e-06,4.530610161803689e-06,6.115674336808472e-06,1090.8,1003.53,1199.87,CRITICAL,s_imbalance,s_ISC,s_overcharge
2026-04-21,5,ESS-05 Cell Imbalance Drift,97.6,0.9856,0.2766,0.561,23.98,3.972,414,1.981,-0.577,1.753,2.657,0.292,1.336,4.4515390204416906e-06,3.831477518022359e-06,5.171946740860644e-06,934.55,859.79,1028.01,WARNING,s_imbalance,s_ISC,s_overcharge
2026-04-22,5,ESS-05 Cell Imbalance Drift,97.593,0.8511,0.3788,0.523,20.09,4.053,428,2.593,-1.469,0.306,3.106,-0.053,1.201,4.2001514168426944e-06,3.6151059416785333e-06,4.879876423741338e-06,880.37,809.94,968.4,WARNING,s_imbalance,s_ISC,s_thermal
2026-04-23,5,ESS-05 Cell Imbalance Drift,97.575,0.8953,0.2313,0.5312,22.33,4.674,424,3.483,-1.006,0.452,4.485,0.059,1.696,5.194048090627773e-06,4.470561855943088e-06,6.034617857520869e-06,1078.36,992.09,1186.19,CRITICAL,s_imbalance,s_ISC,s_thermal
2026-04-24,5,ESS-05 Cell Imbalance Drift,97.475,0.8827,0.2538,0.5241,24.62,4.601,431,3.017,-1.203,0.524,4.258,0.213,1.602,4.989886649197918e-06,4.294838225554911e-06,5.797416494756848e-06,1040.98,957.7,1145.07,CRITICAL,s_imbalance,s_ISC,s_thermal
2026-04-25,5,ESS-05 Cell Imbalance Drift,97.58,0.8968,0.3252,0.5808,23.88,3.813,430,2.416,-0.794,0.745,3.148,0.03,1.268,4.322765494943828e-06,3.720640982010639e-06,5.022333461828761e-06,907.19,834.62,997.91,WARNING,s_imbalance,s_ISC,s_thermal
2026-04-26,5,ESS-05 Cell Imbalance Drift,97.5,0.8595,0.2259,0.5715,23.1,3.967,429,2.695,-1.143,0.206,3.37,-0.003,1.254,4.297505454623779e-06,3.6988994377165296e-06,4.992985522954236e-06,901.73,829.59,991.9,WARNING,s_imbalance,s_ISC,s_thermal
2026-04-27,5,ESS-05 Cell Imbalance Drift,97.52,0.7227,0.3321,0.5242,24.21,4.607,434,3.213,-0.8,-0.016,4.563,0.135,1.582,4.94674130320744e-06,4.257702630716188e-06,5.747288834980404e-06,1032.88,950.25,1136.17,CRITICAL,s_imbalance,s_ISC,s_thermal
2026-04-28,5,ESS-05 Cell Imbalance Drift,97.465,0.7566,0.2967,0.5096,25.63,4.264,437,2.416,-0.756,-0.186,4.297,0.304,1.403,4.581536024609141e-06,3.943367117204044e-06,5.322981490962609e-06,961.39,884.48,1057.53,WARNING,s_imbalance,s_ISC,s_thermal
2026-04-29,5,ESS-05 Cell Imbalance Drift,97.497,0.7797,0.243,0.5313,23.36,4.73,437,3.152,-0.61,-0.007,4.326,-0.054,1.495,4.7659657325041154e-06,4.10210744456398e-06,5.5372579168254655e-06,998.18,918.32,1097.99,WARNING,s_imbalance,s_ISC,s_thermal
2026-04-30,5,ESS-05 Cell Imbalance Drift,97.606,0.8767,0.1577,0.5603,23.96,4.625,433,3.79,-0.467,-0.121,3.986,-0.125,1.555,4.8894732097907375e-06,4.208411458383658e-06,5.680752908947464e-06,1022.03,940.26,1124.23,CRITICAL,s_imbalance,s_ISC,s_thermal
